rank,score,team,org,finish_time
1,0.935814,ILoveIndeNavarrette,"Indian Institute of Technology (IIT), Guwahati",2026-07-03 23:40:59+05:30
2,0.934286,EpochZero,"Indian Institute of Technology, Banaras Hindu University (IIT - BHU)",2026-07-03 22:45:26+05:30
3,0.933314,aryavart23,"Indian Institute of Technology (IIT), Kanpur",2026-07-04 14:31:43+05:30
4,0.932886,Pls give job,"Indian Institute of Technology (IIT), Kharagpur",2026-07-04 14:20:47+05:30
5,0.931629,orange,"Indian Institute of Technology (IIT), Guwahati",2026-07-03 22:41:38+05:30
6,0.930229,S³,"Indian Institute of Management (IIM), Mumbai",2026-07-04 01:30:32+05:30
7,0.930129,nishant.mittal25,"Indian Institute of Management (IIM), Bangalore",2026-07-03 01:28:39+05:30
8,0.929857,She-E-Os,"Xavier School of Management (XLRI), Delhi",2026-07-04 01:51:25+05:30
9,0.9296,Maglev,"Indian Institute of Management (IIM), Bangalore",2026-07-03 01:09:45+05:30
10,0.929286,ACE,"Indian Institute of Technology (IIT), Guwahati",2026-07-03 23:20:15+05:30
11,0.929143,Select,"Xavier School of Management (XLRI), Delhi",2026-07-04 18:21:34+05:30
12,0.928929,Bye Bye Sarvam!,"Indian Institute of Technology (IIT), Kharagpur",2026-07-02 10:49:53+05:30
13,0.9287,gijadi8245,"Indian Institute of Technology (IIT), Kharagpur",2026-07-04 16:10:44+05:30
14,0.928671,hey_there,"Indian Institute of Technology (IIT), Kharagpur",2026-07-04 03:58:35+05:30
14,0.928671,bahubali,"Indian Institute of Technology (IIT), Delhi",2026-07-04 18:11:04+05:30
15,0.928657,i'm lost pls help,"Indian Institute of Technology (IIT), Kharagpur",2026-07-04 01:04:36+05:30
16,0.928586,c.udayraj,"Indian Institute of Technology (IIT), Guwahati",2026-07-04 02:20:09+05:30
17,0.928557,sushantpandey2612004,"Indian Institute of Technology (IIT), Kharagpur",2026-07-02 15:03:50+05:30
18,0.928414,aryanlamba360,"Indian Institute of Technology (IIT), Kharagpur",2026-07-04 09:08:04+05:30
19,0.928357,Shailendra,"Department of Management Studies (DoMS), Indian Institute of Technology (IIT), Madras",2026-07-03 02:26:01+05:30
20,0.928229,Sarvam,"Department of Management Studies (DoMS), Indian Institute of Technology (IIT), Madras",2026-07-02 11:59:26+05:30
21,0.928214,Imagine Losing,Xavier School of Management (XLRI),2026-07-04 19:16:21+05:30
22,0.928129,b25090,"Xavier School of Management (XLRI), Jamshedpur",2026-07-03 22:28:11+05:30
23,0.928071,abhay_here,"Indian Institute of Technology (IIT), Kharagpur",2026-07-04 01:59:31+05:30
24,0.928057,capitals,"Birla Institute of Technology & Science, Pilani Campus",2026-07-04 02:37:05+05:30
25,0.927957,Acers,"Indian Institute of Technology (IIT), Guwahati",2026-07-03 02:16:24+05:30
26,0.927886,SamayRaina,"Indian Institute of Technology (IIT), Delhi",2026-07-03 00:21:56+05:30
27,0.927714,please_intern_dedo,"Indian Institute of Technology (IIT), Roorkee",2026-07-04 07:15:52+05:30
28,0.9277,b25102,"Xavier School of Management (XLRI), Jamshedpur",2026-07-03 22:14:15+05:30
29,0.927429,ph1230208,"Indian Institute of Technology (IIT), Delhi",2026-07-02 16:36:52+05:30
30,0.926971,bb_ti_HR36,"Indian Institute of Technology (IIT), Kharagpur",2026-07-02 22:52:29+05:30
31,0.926871,adarsh.mishra.che24,"Indian Institute of Technology, Banaras Hindu University (IIT - BHU)",2026-07-04 19:00:34+05:30
32,0.926429,Thinkers,"Indian Institute of Technology (IIT), Guwahati",2026-07-04 01:27:44+05:30
33,0.926243,gauraang006,"Birla Institute of Technology & Science, Pilani Campus",2026-07-04 04:23:51+05:30
34,0.926029,Qwerty,"Xavier School of Management (XLRI), Jamshedpur",2026-07-03 13:11:34+05:30
35,0.925929,The Big Bank Theory,"Indian Institute of Management (IIM), Kozhikode",2026-07-04 11:07:04+05:30
36,0.925857,Famouse,"Indian Institute of Technology (IIT), Kharagpur",2026-07-04 17:46:15+05:30
37,0.9258,Fodugang,"Indian Institute of Technology (IIT), Kharagpur",2026-07-02 16:39:38+05:30
38,0.925786,21f2000272,"Indian Institute of Technology (IIT), Madras",2026-07-03 03:16:03+05:30
39,0.925714,atharvbellikar,"Birla Institute of Technology & Science, Pilani Campus",2026-07-04 04:42:11+05:30
40,0.9254,Alpha,"SP Jain Institute of Management and Research (SPJIMR), Mumbai",2026-07-02 18:11:41+05:30
41,0.925271,LameX,"Indian Institute of Technology, Banaras Hindu University (IIT - BHU)",2026-07-04 17:56:30+05:30
42,0.925214,Mahishmati,"Indian Institute of Technology (IIT), Guwahati",2026-07-04 00:48:16+05:30
43,0.925171,kshitij.rana25,"Indian Institute of Management (IIM), Bangalore",2026-07-03 00:53:25+05:30
44,0.924743,SNIPER,"Department of Management Studies (DMS), Indian Institute of Technology (IIT), Delhi",2026-07-03 03:21:59+05:30
45,0.924686,math_lovers,"Indian Institute of Technology (IIT), Kharagpur",2026-07-01 22:37:00+05:30
46,0.923743,nikhilpandey6159,Chennai Mathematical Institute,2026-07-03 15:32:24+05:30
46,0.923743,Place Holder,"Indian Institute of Management (IIM), Lucknow",2026-07-03 15:37:29+05:30
47,0.923371,atharvsoni1208,"Indian Institute of Technology (IIT), Guwahati",2026-07-04 12:04:28+05:30
48,0.923229,pranitsaluja007,"Birla Institute of Technology & Science, Pilani Campus",2026-07-04 03:24:51+05:30
49,0.922843,Geoparadise,"Xavier School of Management (XLRI), Jamshedpur",2026-07-04 12:50:34+05:30
50,0.922829,pgdm25shreya_s,"Management Development Institute (MDI), Gurgaon",2026-07-04 04:14:41+05:30
50,0.922829,MnM,"Management Development Institute (MDI), Gurgaon",2026-07-04 05:07:16+05:30
51,0.922814,p25prathamg,"Indian Institute of Management (IIM), Indore",2026-07-04 18:51:24+05:30
52,0.922186,RTC,"Indian Institute of Technology (IIT), Delhi",2026-07-04 14:25:05+05:30
53,0.921957,AMex,"Indian Institute of Technology (IIT), Delhi",2026-07-02 03:49:45+05:30
54,0.921943,NullHypothesis,"Indian Institute of Technology (IIT), Delhi",2026-07-02 03:28:50+05:30
55,0.9219,abhishekku23,"Indian Institute of Technology (IIT), Kanpur",2026-07-04 12:09:02+05:30
55,0.9219,53,"Indian Institute of Technology (IIT), Kanpur",2026-07-04 18:43:49+05:30
56,0.921643,IIT_Kanpur Express,"Indian Institute of Technology (IIT), Kanpur",2026-07-04 19:57:15+05:30
57,0.921214,India One,"Indian Institute of Technology (IIT), Delhi",2026-07-04 18:03:22+05:30
58,0.9211,Chole bhature,"Indian Institute of Technology (IIT), Roorkee",2026-07-04 07:17:12+05:30
59,0.9209,North Star,"Management Development Institute (MDI), Gurgaon",2026-07-03 13:35:57+05:30
60,0.920214,WakaWaka,"Indian Institute of Technology (IIT), Hyderabad",2026-07-04 13:38:17+05:30
61,0.920057,simba,"Narsee Monjee Institute of Management Studies (NMIMS), Mumbai",2026-07-04 20:53:47+05:30
62,0.919714,pgp25.pragya,"SP Jain Institute of Management and Research (SPJIMR), Mumbai",2026-07-04 12:01:46+05:30
63,0.919643,Chuhiya,"Department of Management Studies (DoMS), Indian Institute of Technology (IIT), Madras",2026-07-04 17:49:45+05:30
64,0.919443,wushang clan,"Indian Institute of Technology (IIT), Ropar",2026-07-04 08:28:36+05:30
65,0.919414,Randoms,"Indian Institute of Technology (IIT), Madras",2026-07-03 01:30:56+05:30
66,0.919314,Aerocitysehlaadle,"Indian Institute of Technology (IIT), Kanpur",2026-07-03 02:06:22+05:30
67,0.919143,iamkrish.kukeja.24,"Indian Institute of Technology (IIT), Kharagpur",2026-07-03 20:55:19+05:30
68,0.919,pgp25.manmeet,"SP Jain Institute of Management and Research (SPJIMR), Mumbai",2026-07-04 13:32:07+05:30
69,0.918971,OLTGrind,"Indian Institute of Technology (IIT), Kharagpur",2026-07-03 16:42:01+05:30
70,0.918957,bruh,"Indian Institute of Technology (IIT), Bombay",2026-07-03 14:57:51+05:30
71,0.9188,Triple Bottom Line,"SP Jain Institute of Management and Research (SPJIMR), Mumbai",2026-07-04 12:14:24+05:30
72,0.918743,noida,"Indian Institute of Technology (IIT), Delhi",2026-07-03 20:40:26+05:30
73,0.918586,16*2=8,"Indian Institute of Technology (IIT), Kanpur",2026-07-03 01:46:16+05:30
74,0.918129,pppap0044,"Indian Institute of Technology (IIT), Kanpur",2026-07-04 19:49:24+05:30
75,0.918057,The Bluechip Advisor,"Indian Institute of Technology (IIT), Guwahati",2026-07-03 20:47:47+05:30
76,0.917971,pgp41260,"Indian Institute of Management (IIM), Lucknow",2026-07-04 18:27:19+05:30
77,0.917643,nimayagrawal11,"Indian Institute of Technology (IIT), Kharagpur",2026-07-04 19:59:33+05:30
78,0.917443,suyash.bhadauria007,"Birla Institute of Technology & Science, Pilani Campus",2026-07-04 16:33:34+05:30
79,0.917429,Fast & Curious,"SP Jain Institute of Management and Research (SPJIMR), Mumbai",2026-07-03 22:49:29+05:30
80,0.917386,Random ML,"Management Development Institute (MDI), Gurgaon",2026-07-03 21:32:30+05:30
82,0.917114,h25007,Xavier School of Management (XLRI),2026-07-04 20:44:40+05:30
83,0.916957,Rockstar,"SP Jain Institute of Management and Research (SPJIMR), Mumbai",2026-07-04 14:13:14+05:30
84,0.9166,Potato,"Indian Institute of Technology (IIT), Delhi",2026-07-01 21:53:31+05:30
85,0.916543,MAK & Cheese,"Department of Management Studies (DMS), Indian Institute of Technology (IIT), Delhi",2026-07-04 15:02:50+05:30
86,0.916186,chugli!!!!,"Birla Institute of Technology & Science, Pilani Campus",2026-07-03 11:30:23+05:30
87,0.916171,ras69208,"Indian Institute of Technology (IIT), Delhi",2026-07-04 18:20:02+05:30
88,0.916043,newGame,"Indian Institute of Technology (IIT), Guwahati",2026-07-04 10:54:37+05:30
88,0.916043,pgp41288,"Indian Institute of Management (IIM), Lucknow",2026-07-04 15:58:02+05:30
89,0.916014,devanshghani,"Birla Institute of Technology & Science, Pilani Campus",2026-07-03 16:19:12+05:30
90,0.915971,akhileshmagotra6,"Birla Institute of Technology & Science, Pilani Campus",2026-07-04 18:33:41+05:30
91,0.9159,palakdjobanputra73460,"Birla Institute of Technology & Science, Pilani Campus",2026-07-03 18:27:33+05:30
92,0.915871,Real Madrid,"SP Jain Institute of Management and Research (SPJIMR), Mumbai",2026-07-03 22:20:43+05:30
93,0.915714,fire.fox1003457,"Indian Institute of Technology (IIT), Delhi",2026-07-03 05:29:49+05:30
94,0.915443,f20231282,"Birla Institute of Technology & Science, Pilani Campus",2026-07-02 21:08:01+05:30
95,0.915414,flavour.rift-5r,"Indian Institute of Technology (IIT), Delhi",2026-07-02 23:15:41+05:30
96,0.915357,idk,"Department of Management Studies (DMS), Indian Institute of Technology (IIT), Delhi",2026-07-03 02:20:09+05:30
97,0.915329,VISHU24,"Indian Institute of Technology (IIT), Kanpur",2026-07-04 18:59:28+05:30
98,0.915286,g.sriram1221,"Indian Institute of Technology (IIT), Delhi",2026-07-03 04:08:07+05:30
99,0.915143,simranjyotkaurn,"Indian Institute of Management (IIM), Lucknow",2026-07-03 03:37:23+05:30
100,0.915029,ShortKing,"Indian Institute of Technology (IIT), Delhi",2026-07-02 12:29:19+05:30
101,0.914914,spy5er,"Birla Institute of Technology & Science, Pilani Campus",2026-07-01 22:33:49+05:30
102,0.914771,sakshisurendrakumar.rathi25,"Indian Institute of Management (IIM), Bangalore",2026-07-03 00:09:53+05:30
103,0.914743,Supernova,"Indian Institute of Management (IIM), Lucknow",2026-07-04 14:27:40+05:30
104,0.914714,Strategic_Innovators,"SP Jain Institute of Management and Research (SPJIMR), Mumbai",2026-07-03 01:24:13+05:30
105,0.9147,Khapeetarzz,"Indian Institute of Technology (IIT), Kanpur",2026-07-03 00:55:59+05:30
107,0.9146,Ansh Parikh,"Indian Institute of Technology (IIT), Kharagpur",2026-06-30 12:03:59+05:30
108,0.914486,zarahits,"Birla Institute of Technology & Science, Pilani Campus",2026-07-01 01:05:02+05:30
108,0.914486,X,"Indian Institute of Technology (IIT), Kharagpur",2026-07-04 12:41:58+05:30
109,0.914471,yessir,"Indian Institute of Management (IIM), Kozhikode",2026-07-04 19:19:46+05:30
110,0.914171,harshit.tripathi2202,"Indian Institute of Technology (IIT), Kanpur",2026-07-03 21:57:17+05:30
110,0.914171,Stoppable,"Indian Institute of Technology (IIT), Kanpur",2026-07-03 22:40:13+05:30
111,0.9141,Phoenix,"Narsee Monjee Institute of Management Studies (NMIMS), Mumbai",2026-07-04 13:39:04+05:30
112,0.913957,ex-bits,"Birla Institute of Technology & Science, Pilani Campus",2026-07-03 02:32:01+05:30
113,0.913871,Team Pilani,"Birla Institute of Technology & Science, Pilani Campus",2026-07-01 00:22:52+05:30
114,0.9137,test agency,"Indian Institute of Technology, Banaras Hindu University (IIT - BHU)",2026-06-30 20:54:34+05:30
114,0.9137,NewGenLabs,"Indian Institute of Technology, Banaras Hindu University (IIT - BHU)",2026-07-01 08:17:01+05:30
115,0.913514,Team_R,"Indian Institute of Management (IIM), Mumbai",2026-07-03 20:14:07+05:30
116,0.9132,Stalwarts,"Indian Institute of Management (IIM), Lucknow",2026-07-04 19:13:58+05:30
117,0.913171,Forza Ferrari,"SP Jain Institute of Management and Research (SPJIMR), Mumbai",2026-07-03 18:29:51+05:30
118,0.913143,Arth,"Indian Institute of Technology (IIT), Bombay",2026-07-02 23:44:49+05:30
119,0.9129,DefinitelyNotQualifyingBro,"Indian Institute of Management (IIM), Bangalore",2026-07-04 01:07:05+05:30
120,0.912871,shivam1308sah,"Indian Institute of Technology (IIT), Kanpur",2026-07-03 22:08:50+05:30
121,0.912771,Culer,"Indian Institute of Technology (IIT), Kanpur",2026-07-03 23:19:02+05:30
122,0.9126,Convex Minds,"SP Jain Institute of Management and Research (SPJIMR), Mumbai",2026-06-30 15:16:47+05:30
123,0.912429,sweetsweetpaul123,"Indian Institute of Technology (IIT), Delhi",2026-07-03 16:22:07+05:30
124,0.912414,focus on consult,"Indian Institute of Technology (IIT), Kharagpur",2026-07-03 09:00:26+05:30
125,0.912357,Function,"Indian Institute of Technology, Indian School of Mines (IIT ISM), Dhanbad",2026-07-04 15:21:11+05:30
126,0.912343,dawar.iitb,"Indian Institute of Technology (IIT), Bombay",2026-07-04 02:21:05+05:30
127,0.912271,b25157,"Xavier School of Management (XLRI), Jamshedpur",2026-07-04 20:07:35+05:30
128,0.912186,b25129,"Xavier School of Management (XLRI), Jamshedpur",2026-07-04 19:39:41+05:30
129,0.912114,NP143,"SP Jain Institute of Management and Research (SPJIMR), Mumbai",2026-07-03 18:26:48+05:30
129,0.912114,letssee,"Indian Institute of Management (IIM), Lucknow",2026-07-04 10:38:22+05:30
130,0.912071,Astro,"Indian Institute of Technology (IIT), Delhi",2026-07-04 07:59:49+05:30
131,0.912029,The_Original_Berf,"Indian Institute of Technology (IIT), Guwahati",2026-07-04 17:04:09+05:30
132,0.911329,Drag,"Indian Institute of Technology (IIT), Guwahati",2026-07-04 18:51:47+05:30
133,0.9112,anantag23,"Indian Institute of Technology (IIT), Kanpur",2026-07-03 21:53:31+05:30
134,0.911129,Hustlers,"Indian Institute of Technology (IIT), Hyderabad",2026-07-03 13:08:58+05:30
135,0.911114,Team Unplaxi,"Indian Institute of Management (IIM), Calcutta",2026-07-04 18:21:41+05:30
136,0.911057,clockIT,"Indian Institute of Management (IIM), Calcutta",2026-06-30 22:53:47+05:30
137,0.911043,anant.saxena.chy24,"Indian Institute of Technology, Banaras Hindu University (IIT - BHU)",2026-07-04 19:08:51+05:30
138,0.911,Sourav,"Indian Institute of Technology (IIT), Kanpur",2026-07-03 23:52:20+05:30
139,0.910814,f20221315,"Birla Institute of Technology & Science, Pilani Campus",2026-07-04 12:42:03+05:30
140,0.910514,correct.rabbit.rxmm,"Faculty of Management Studies (FMS), University of Delhi, New Delhi",2026-07-04 12:31:26+05:30
141,0.910271,criminal.marlin.nzdb,"Management Development Institute (MDI), Gurgaon",2026-07-03 16:35:04+05:30
142,0.909371,aindrilasaha17,"Narsee Monjee Institute of Management Studies (NMIMS), Mumbai",2026-07-04 20:29:04+05:30
143,0.9086,Aura Monster,"Indian Institute of Technology (IIT), Kharagpur",2026-07-02 13:47:05+05:30
144,0.908529,Scholars,"Indian Institute of Management (IIM), Bangalore",2026-07-04 02:03:06+05:30
145,0.908514,human.weasel.nzev,"Faculty of Management Studies (FMS), University of Delhi, New Delhi",2026-07-03 11:06:46+05:30
146,0.908443,Capital Corp,"Indian Institute of Foreign Trade (IIFT), New Delhi",2026-07-04 15:24:16+05:30
147,0.908414,CureCrafters,"Indian Institute of Technology (IIT), Kanpur",2026-07-03 13:47:14+05:30
148,0.908343,iiml01,"Indian Institute of Management (IIM), Lucknow",2026-07-04 03:02:22+05:30
149,0.9083,DarthVader,"Indian Institute of Technology (IIT), Kharagpur",2026-07-01 22:49:23+05:30
150,0.908214,The Luminati,"Indian Institute of Foreign Trade (IIFT), New Delhi",2026-07-04 15:12:02+05:30
151,0.907971,agricultural.meadowlark.rsdz,"Faculty of Management Studies (FMS), University of Delhi, New Delhi",2026-07-03 10:32:05+05:30
152,0.9078,officefun23,Xavier School of Management (XLRI),2026-07-04 01:31:43+05:30
153,0.907729,b25019,"Xavier School of Management (XLRI), Jamshedpur",2026-07-03 02:24:18+05:30
154,0.907443,Aayushukey,"Indian Institute of Technology (IIT), Hyderabad",2026-07-03 12:14:41+05:30
155,0.907371,DYNamic,"SP Jain Institute of Management and Research (SPJIMR), Mumbai",2026-07-04 01:04:33+05:30
156,0.907286,TouchWall,"Indian Institute of Technology (IIT), Roorkee",2026-07-03 14:00:37+05:30
157,0.907271,notgonnahappenhfk,"Indian Institute of Technology (IIT), Delhi",2026-07-04 13:33:49+05:30
158,0.907243,XLspeed,"Xavier School of Management (XLRI), Jamshedpur",2026-07-03 11:29:50+05:30
159,0.907171,ACUTE,"Indian Institute of Management (IIM), Mumbai",2026-07-03 14:52:58+05:30
160,0.906729,HitTeam,"Narsee Monjee Institute of Management Studies (NMIMS), Mumbai",2026-07-02 12:12:01+05:30
161,0.906671,Team 3.4 Errors,"Indian Institute of Management (IIM), Lucknow",2026-07-04 02:57:39+05:30
162,0.906571,distinctive.cow.ukrl,"Birla Institute of Technology & Science, Pilani Campus",2026-07-03 10:02:49+05:30
163,0.906414,priyanshuk23,"Indian Institute of Technology (IIT), Kanpur",2026-07-02 23:45:58+05:30
164,0.9064,singh.bhavnoor.4854,"Indian Institute of Technology (IIT), Kanpur",2026-07-04 18:36:45+05:30
165,0.9062,abc_123,"Birla Institute of Technology & Science, Pilani Campus",2026-07-01 18:03:43+05:30
166,0.906186,24je0395,"Indian Institute of Technology, Indian School of Mines (IIT ISM), Dhanbad",2026-06-30 02:48:54+05:30
166,0.906186,ThatManiac,"Indian Institute of Technology, Indian School of Mines (IIT ISM), Dhanbad",2026-06-30 03:18:05+05:30
167,0.906086,Team DK1,"Indian Institute of Management (IIM), Bangalore",2026-07-02 17:19:01+05:30
168,0.906057,japan2030,"Birla Institute of Technology & Science, Pilani Campus",2026-06-30 17:17:23+05:30
169,0.906029,MasterCard,"Birla Institute of Technology & Science, Pilani Campus",2026-07-02 23:09:09+05:30
170,0.9059,omt25,"Indian Institute of Management (IIM), Bangalore",2026-07-03 15:42:16+05:30
171,0.905786,Team DK,"Indian Institute of Management (IIM), Bangalore",2026-07-02 16:25:05+05:30
172,0.905771,StoneWalls,"Indian Institute of Management (IIM), Bangalore",2026-07-01 17:22:28+05:30
173,0.905671,CampusFury,"Indian Institute of Management (IIM), Bangalore",2026-06-30 18:58:34+05:30
174,0.9055,Albatross,"Indian Institute of Technology, Banaras Hindu University (IIT - BHU)",2026-07-02 04:37:13+05:30
175,0.905414,Alpha41,"Indian Institute of Management (IIM), Lucknow",2026-07-01 05:11:18+05:30
175,0.905414,pgp41106,"Indian Institute of Management (IIM), Lucknow",2026-07-01 20:34:51+05:30
176,0.905386,aadarsh.student.civ22,"Indian Institute of Technology, Banaras Hindu University (IIT - BHU)",2026-07-02 01:57:19+05:30
177,0.905329,23ishansekhar10d,"Indian Institute of Technology (IIT), Kharagpur",2026-07-04 18:27:38+05:30
178,0.904971,Hum bhi bana lenge!!!,"Indian Institute of Technology (IIT), Kanpur",2026-06-30 14:03:58+05:30
179,0.904957,Grinders,"Indian Institute of Technology (IIT), Bombay",2026-07-02 00:36:29+05:30
180,0.904686,b25426,"Xavier School of Management (XLRI), Delhi",2026-06-30 17:59:58+05:30
181,0.904229,Gap4,"Indian Institute of Management (IIM), Mumbai",2026-07-04 00:02:15+05:30
182,0.904186,pgp41060,"Indian Institute of Management (IIM), Lucknow",2026-07-02 00:06:08+05:30
183,0.903786,harshithowtotrainadragon,"Indian Institute of Technology (IIT), Kanpur",2026-07-04 20:59:49+05:30
184,0.903743,shruti.singh.civ23,"Indian Institute of Technology, Banaras Hindu University (IIT - BHU)",2026-07-04 14:54:05+05:30
185,0.903714,ishan70707,"Indian Institute of Technology (IIT), Kharagpur",2026-07-04 06:23:39+05:30
186,0.9035,goldank384,"Indian Institute of Technology (IIT), Kanpur",2026-07-04 17:56:06+05:30
187,0.903486,namitmehta25106,"Indian Institute of Technology (IIT), Mandi",2026-07-04 17:40:19+05:30
188,0.903386,Team Beta,"Indian Institute of Management (IIM), Lucknow",2026-07-04 16:12:26+05:30
189,0.903186,nitishchess1000,"Xavier School of Management (XLRI), Delhi",2026-07-03 23:19:51+05:30
190,0.903114,UnVerified,"SP Jain Institute of Management and Research (SPJIMR), Mumbai",2026-07-04 19:11:09+05:30
191,0.903043,test,"Indian Institute of Management (IIM), Mumbai",2026-07-03 18:56:53+05:30
192,0.902729,AMexicans,"Indian Institute of Foreign Trade (IIFT), New Delhi",2026-06-30 12:55:15+05:30
192,0.902729,Amex,"Indian Institute of Foreign Trade (IIFT), New Delhi",2026-07-04 18:56:06+05:30
193,0.902629,Random,"Indian Institute of Management (IIM), Indore",2026-07-04 13:11:56+05:30
194,0.9026,BAN,"Indian Institute of Management (IIM), Indore",2026-07-04 12:46:27+05:30
195,0.902486,Elevate,"Xavier School of Management (XLRI), Jamshedpur",2026-06-30 13:43:30+05:30
196,0.902443,vivacious.aardwolf.hofq,"Indian Institute of Technology (IIT), Delhi",2026-07-03 08:46:11+05:30
197,0.902314,global.roundworm.oxia,"Indian Institute of Technology (IIT), Roorkee",2026-07-03 08:03:31+05:30
198,0.902186,AMEXcellence,"Indian Institute of Foreign Trade (IIFT), New Delhi",2026-07-01 03:22:03+05:30
199,0.901971,nams99329,"Indian Institute of Management (IIM), Bangalore",2026-07-03 17:06:56+05:30
200,0.901914,Null Exceed 2.0,"Indian Institute of Management (IIM), Indore",2026-07-03 15:18:18+05:30
201,0.901771,delightful.scallop.tqjx,"Indian Institute of Technology (IIT), Indore",2026-07-03 05:04:04+05:30
202,0.901643,BruteForce,"Indian Institute of Management (IIM), Calcutta",2026-07-01 21:55:42+05:30
203,0.901586,p25sunitk,"Indian Institute of Management (IIM), Indore",2026-07-03 01:15:56+05:30
204,0.901557,Falcon,"Indian Institute of Management (IIM), Mumbai",2026-07-04 15:54:59+05:30
205,0.901543,amanjuneja,"Indian Institute of Technology (IIT), Kharagpur",2026-07-04 15:42:56+05:30
206,0.9015,woben,"Indian Institute of Technology (IIT), Madras",2026-07-01 03:07:52+05:30
207,0.901443,pushkary24,"Indian Institute of Technology (IIT), Kanpur",2026-07-03 06:14:40+05:30
208,0.9014,ripAXX,"Indian Institute of Technology (IIT), Kanpur",2026-07-03 22:52:49+05:30
208,0.9014,Goddu,"Indian Institute of Technology (IIT), Roorkee",2026-07-04 16:46:29+05:30
209,0.901371,ConsultWarrior,"Indian Institute of Technology (IIT), Delhi",2026-07-02 02:23:48+05:30
210,0.901357,hall_5_baddies,"Indian Institute of Technology (IIT), Kanpur",2026-07-04 02:26:12+05:30
211,0.901343,grind_is_on,"Indian Institute of Technology (IIT), Kharagpur",2026-07-01 16:04:41+05:30
212,0.901271,rajatk24,"Indian Institute of Technology (IIT), Kanpur",2026-07-03 06:16:25+05:30
213,0.901029,anant.shah,"Indian Institute of Technology (IIT), Kharagpur",2026-06-30 12:44:29+05:30
213,0.901029,critical,"Narsee Monjee Institute of Management Studies (NMIMS), Mumbai",2026-06-30 13:05:37+05:30
214,0.900986,arjundewan2007,"Indian Institute of Technology (IIT), Hyderabad",2026-07-02 23:21:22+05:30
215,0.900843,STA24,"Indian Institute of Technology (IIT), Kanpur",2026-07-02 08:01:54+05:30
216,0.900771,hehe,"Indian Institute of Technology, Banaras Hindu University (IIT - BHU)",2026-06-30 20:58:42+05:30
217,0.900757,lalit_y,"Indian Institute of Technology (IIT), Roorkee",2026-07-04 14:58:24+05:30
218,0.900714,StratHawks,"Management Development Institute (MDI), Gurgaon",2026-07-04 03:34:45+05:30
219,0.900671,-Propery-ty-,"Indian Institute of Management (IIM), Kozhikode",2026-07-03 03:06:43+05:30
220,0.900371,unknown_game,"Birla Institute of Technology & Science, Pilani Campus",2026-06-30 17:09:08+05:30
221,0.900171,goaldigger.casecomp,"Indian Institute of Management (IIM), Ahmedabad",2026-07-04 19:32:41+05:30
222,0.900143,philosophical.shrew.isco,"Indian Institute of Technology (IIT), Kharagpur",2026-07-03 00:47:36+05:30
223,0.900129,parthd24,"Indian Institute of Technology (IIT), Kanpur",2026-07-04 19:30:49+05:30
224,0.900043,Conjuster,"Indian Institute of Technology (IIT), Delhi",2026-07-02 02:38:08+05:30
225,0.899829,Blaster,"SP Jain Institute of Management and Research (SPJIMR), Mumbai",2026-07-02 19:16:17+05:30
225,0.899829,vishesh_k,"Indian Institute of Technology (IIT), Roorkee",2026-07-04 13:31:28+05:30
226,0.899614,TikiTaka,"Indian Institute of Technology (IIT), Kanpur",2026-07-03 19:55:30+05:30
227,0.899371,am1240506,"Indian Institute of Technology (IIT), Delhi",2026-07-02 01:34:36+05:30
228,0.899114,bluestats,"Xavier School of Management (XLRI), Delhi",2026-06-30 17:33:45+05:30
229,0.898657,somya_j,"Indian Institute of Technology (IIT), Roorkee",2026-07-02 15:13:52+05:30
230,0.898571,namanagg04,"Indian Institute of Technology (IIT), Kanpur",2026-07-03 04:58:51+05:30
231,0.898529,Walter,"Indian Institute of Management (IIM), Lucknow",2026-07-01 02:01:45+05:30
232,0.898471,Centurion Strategy,"SP Jain Institute of Management and Research (SPJIMR), Mumbai",2026-07-03 21:47:48+05:30
233,0.898371,Prem,"Indian Institute of Technology (IIT), Kanpur",2026-07-02 22:26:57+05:30
234,0.898357,inadequate.planarian.bofi,"Indian Institute of Management (IIM), Mumbai",2026-07-03 00:17:46+05:30
235,0.898229,nehaakhandelwall,"Xavier School of Management (XLRI), Jamshedpur",2026-07-04 18:32:16+05:30
236,0.898214,harshita.chawla25,"Indian Institute of Management (IIM), Bangalore",2026-07-04 13:25:23+05:30
237,0.898157,KhemuGirnar,"Indian Institute of Technology (IIT), Delhi",2026-07-02 02:04:35+05:30
238,0.898043,amexteam,"Madras School of Economics (MSE), Chennai",2026-07-03 14:49:30+05:30
239,0.897986,Team MARVEL (official),"Indian Institute of Management (IIM), Bangalore",2026-07-03 14:59:05+05:30
240,0.897971,kishangupta185,"Indian Institute of Technology (IIT), Hyderabad",2026-07-03 11:43:03+05:30
241,0.897843,akarshjass,"Birla Institute of Technology & Science, Pilani Campus",2026-07-04 02:04:15+05:30
242,0.897343,Delve,"Indian Institute of Technology (IIT), Kanpur",2026-07-04 00:47:12+05:30
243,0.897057,p25riya,"Indian Institute of Management (IIM), Indore",2026-06-28 01:54:59+05:30
244,0.896957,muday23,"Indian Institute of Technology (IIT), Kanpur",2026-07-03 15:21:31+05:30
245,0.896943,vedangm2028,"Indian Institute of Management (IIM), Calcutta",2026-07-03 02:26:24+05:30
246,0.896914,shashank35132,"Indian Institute of Technology (IIT), Hyderabad",2026-07-04 20:52:56+05:30
247,0.8968,parthkohale,"Birla Institute of Technology & Science, Pilani Campus",2026-07-02 22:06:50+05:30
247,0.8968,Amexperts,"Indian Institute of Foreign Trade (IIFT), New Delhi",2026-07-03 22:22:45+05:30
248,0.896729,112215089,"Indian Institute of Technology (IIT), Bombay",2026-07-02 12:09:38+05:30
249,0.896586,TEAM_EXCALIBUR,"Indian Institute of Technology, Banaras Hindu University (IIT - BHU)",2026-07-04 17:03:33+05:30
250,0.896357,vaibhavmeenakotajanuary,"Indian Institute of Technology (IIT), Kanpur",2026-07-04 18:11:36+05:30
251,0.896271,b99706697,"Indian Institute of Technology (IIT), Kharagpur",2026-06-30 21:07:23+05:30
251,0.896271,life_rocks,"Indian Institute of Technology (IIT), Kharagpur",2026-07-01 00:05:28+05:30
252,0.896114,MalluPooriChetta,"Indian Institute of Management (IIM), Bangalore",2026-06-30 23:20:51+05:30
253,0.896029,kiranrameshwar.bhatade25,"Indian Institute of Management (IIM), Bangalore",2026-07-04 19:58:06+05:30
254,0.895757,shubham,"Indian Institute of Technology (IIT), Bombay",2026-07-04 01:05:14+05:30
255,0.8956,teamdelta,"Indian Institute of Management (IIM), Mumbai",2026-07-01 18:56:47+05:30
256,0.895586,patilgirish1908,"Indian Institute of Technology (IIT), Roorkee",2026-07-04 19:50:38+05:30
257,0.895543,adityasingh.tmk07,"Birla Institute of Technology & Science, Pilani Campus",2026-07-03 04:01:26+05:30
258,0.895529,Solo Dolo,"Indian Institute of Technology (IIT), Kharagpur",2026-07-02 19:35:44+05:30
259,0.895514,SPin Tech,"SP Jain Institute of Management and Research (SPJIMR), Mumbai",2026-07-04 02:11:15+05:30
260,0.895486,The_Analysts,"Xavier School of Management (XLRI), Jamshedpur",2026-07-02 00:19:19+05:30
261,0.895471,aloksahpvt,"Indian Institute of Technology (IIT), Delhi",2026-07-02 13:13:25+05:30
262,0.895443,Team Placements,"Indian Institute of Technology (IIT), Kharagpur",2026-07-04 05:08:24+05:30
263,0.895429,q606953,"Faculty of Management Studies (FMS), University of Delhi, New Delhi",2026-07-04 19:01:43+05:30
264,0.895343,sangram,"Indian Institute of Technology (IIT), Roorkee",2026-07-04 03:53:14+05:30
265,0.894786,Kritesh,"Indian Institute of Management (IIM), Lucknow",2026-06-30 00:39:47+05:30
266,0.894671,Chunnu,"SP Jain Institute of Management and Research (SPJIMR), Mumbai",2026-07-03 16:10:33+05:30
267,0.894614,naten.bill672,"Indian Institute of Technology (IIT), Roorkee",2026-07-04 20:32:33+05:30
268,0.8946,GREEN SWIPE,"Indian Institute of Technology (IIT), Kanpur",2026-07-04 17:59:06+05:30
269,0.894414,pgp25.kamakshi,"SP Jain Institute of Management and Research (SPJIMR), Mumbai",2026-07-04 20:35:33+05:30
270,0.894357,picsdubai53,"Indian Institute of Management (IIM), Bangalore",2026-06-30 12:23:09+05:30
271,0.894229,BlackDogCommandos,"Indian Institute of Technology (IIT), Kanpur",2026-07-02 19:47:12+05:30
272,0.8941,ajaykumar.meena25,"Indian Institute of Management (IIM), Bangalore",2026-07-01 03:17:01+05:30
273,0.894086,p25nischaya,"Indian Institute of Management (IIM), Indore",2026-07-03 16:10:17+05:30
274,0.893743,iitians_this_side,"Indian Institute of Technology (IIT), Kharagpur",2026-07-01 01:51:06+05:30
275,0.893714,BossBhansali,"Indian Institute of Management (IIM), Bangalore",2026-07-02 22:28:51+05:30
276,0.893686,pooja.koli25,"Indian Institute of Management (IIM), Bangalore",2026-07-01 02:22:04+05:30
277,0.893557,f25thippeswamy,"Indian Institute of Management (IIM), Ahmedabad",2026-07-04 01:25:04+05:30
278,0.893514,Gary Page,"Indian Institute of Management (IIM), Bangalore",2026-06-30 21:38:11+05:30
279,0.893257,mba25mitzi,"Indian Institute of Management (IIM), Kozhikode",2026-07-04 18:57:28+05:30
280,0.893214,f25pavithrag,"Indian Institute of Management (IIM), Ahmedabad",2026-07-03 12:59:07+05:30
280,0.893214,Profit Pundits,"Indian Institute of Foreign Trade (IIFT), New Delhi",2026-07-03 22:13:03+05:30
281,0.8932,aryan.maurya.civ22,"Indian Institute of Technology, Banaras Hindu University (IIT - BHU)",2026-06-30 01:03:51+05:30
281,0.8932,hellnah,"Indian Institute of Management (IIM), Ahmedabad",2026-07-03 01:13:10+05:30
282,0.893186,x0d5k,"Indian Institute of Technology (IIT), Guwahati",2026-07-02 19:40:12+05:30
283,0.893143,Tom Kirikiasu,Indira Gandhi Institute of Development Research,2026-06-30 09:30:17+05:30
284,0.892829,TERA1,"Indian Institute of Management (IIM), Mumbai",2026-07-04 15:57:15+05:30
285,0.892614,StRats,"Indian Institute of Management (IIM), Kozhikode",2026-07-01 17:50:03+05:30
286,0.8926,khushig242005,"Indian Institute of Technology (IIT), Guwahati",2026-07-02 22:44:43+05:30
287,0.8922,sheoranaman574,"Indian Institute of Technology (IIT), Roorkee",2026-06-30 11:15:22+05:30
288,0.892129,subodhmankar,"Indian Institute of Management (IIM), Bangalore",2026-06-30 18:14:36+05:30
289,0.892114,akashramesh445,"Birla Institute of Technology & Science, Pilani Campus",2026-07-03 03:36:31+05:30
290,0.892014,DataGods,"Xavier School of Management (XLRI), Jamshedpur",2026-07-02 17:30:56+05:30
291,0.891829,bl25007,Xavier School of Management (XLRI),2026-07-02 21:24:29+05:30
292,0.891671,mba25ajay,"Indian Institute of Management (IIM), Kozhikode",2026-07-02 23:42:52+05:30
293,0.8916,UNTITLED,"Indian Institute of Technology (IIT), Kharagpur",2026-06-30 11:19:29+05:30
294,0.891529,TheSmashers,"Xavier School of Management (XLRI), Jamshedpur",2026-07-01 23:50:24+05:30
295,0.8915,Second Order,"Xavier School of Management (XLRI), Jamshedpur",2026-07-02 22:25:49+05:30
296,0.891314,Monday_Tuesday,"Indian Institute of Technology (IIT), Guwahati",2026-06-29 23:30:27+05:30
297,0.891157,arajoriya68,"Indian Institute of Management (IIM), Ahmedabad",2026-07-04 17:50:46+05:30
298,0.891143,rohitya23,"Indian Institute of Technology (IIT), Kanpur",2026-07-02 19:00:43+05:30
299,0.891014,mba25trapti,"Indian Institute of Management (IIM), Kozhikode",2026-07-04 01:57:24+05:30
300,0.8908,DownBadForTuntunMausi,"Indian Institute of Technology (IIT), Kharagpur",2026-07-04 16:18:59+05:30
301,0.890786,Centurion_holders,"Indian Institute of Technology (IIT), Kharagpur",2026-07-02 12:59:30+05:30
302,0.8907,vishnoic23,"Indian Institute of Technology (IIT), Kanpur",2026-07-01 07:24:33+05:30
303,0.890486,siddhant242612,"Indian Institute of Technology (IIT), Kharagpur",2026-07-04 17:17:34+05:30
304,0.890386,Jampot,Xavier School of Management (XLRI),2026-07-02 17:55:11+05:30
305,0.8903,coldplayabudhabi12,"SP Jain Institute of Management and Research (SPJIMR), Mumbai",2026-07-04 17:41:39+05:30
306,0.890229,moti billi kare meow,"Indian Institute of Foreign Trade (IIFT), New Delhi",2026-07-04 18:59:02+05:30
307,0.890043,fascinating.aardvark.fycf,"Indian Institute of Technology (IIT), Delhi",2026-07-02 17:58:48+05:30
308,0.890029,yk10072006,"Indian Institute of Technology (IIT), Kanpur",2026-07-03 03:34:34+05:30
309,0.889971,Parallax,"Management Development Institute (MDI), Gurgaon",2026-07-02 13:34:30+05:30
310,0.889943,1,"Indian Institute of Technology (IIT), Kharagpur",2026-07-04 16:50:37+05:30
311,0.889814,maheshwariaarav12,"Indian Institute of Technology (IIT), Kharagpur",2026-07-01 14:46:40+05:30
312,0.889771,Trikala,"Indian Institute of Management (IIM), Calcutta",2026-07-03 23:22:12+05:30
313,0.889671,b25038,"Xavier School of Management (XLRI), Jamshedpur",2026-07-04 13:44:09+05:30
314,0.889529,Blue Horizon,"Indian Institute of Technology (IIT), Kanpur",2026-07-03 14:38:56+05:30
315,0.889486,dredgarheisenberg,Xavier School of Management (XLRI),2026-06-29 19:04:50+05:30
315,0.889486,yashchauhan19010,"Indian Institute of Technology (IIT), Kanpur",2026-07-03 04:42:21+05:30
316,0.889386,abhikritpatel05,"Indian Institute of Technology (IIT), Kharagpur",2026-07-03 05:43:21+05:30
317,0.889143,mba25vidhis,"Indian Institute of Management (IIM), Kozhikode",2026-07-03 01:05:38+05:30
318,0.889129,mba25richik,"Indian Institute of Management (IIM), Kozhikode",2026-07-03 15:58:12+05:30
319,0.889071,Car,"Indian Institute of Technology (IIT), Kharagpur",2026-07-01 15:18:13+05:30
319,0.889071,Nahi banayege hum,"Indian Institute of Technology (IIT), Delhi",2026-07-02 00:34:24+05:30
320,0.888986,The Centurions,"Indian Institute of Foreign Trade (IIFT), New Delhi",2026-07-03 02:30:38+05:30
321,0.888971,p25kripendrak,"Indian Institute of Management (IIM), Indore",2026-07-04 12:11:02+05:30
322,0.888829,achintyan24680,"Indian Institute of Technology (IIT), Kharagpur",2026-07-03 13:07:27+05:30
323,0.888343,wobimil856,"Indian Institute of Technology (IIT), Delhi",2026-07-04 14:31:01+05:30
324,0.888,Insights,"Indian Institute of Foreign Trade (IIFT), New Delhi",2026-07-04 17:40:16+05:30
325,0.887914,honeybee,"Indian Institute of Foreign Trade (IIFT), New Delhi",2026-07-04 01:23:53+05:30
326,0.887714,karanagrawalll06,"Narsee Monjee Institute of Management Studies (NMIMS), Mumbai",2026-06-29 23:37:56+05:30
327,0.887686,NewPlayer,"Indian Institute of Management (IIM), Lucknow",2026-07-03 19:56:02+05:30
328,0.887157,TriVector,"Indian Institute of Management (IIM), Mumbai",2026-07-02 00:44:13+05:30
329,0.887086,h25125,"Xavier School of Management (XLRI), Jamshedpur",2026-07-04 16:16:22+05:30
330,0.886914,amex101,"Indian Institute of Technology (IIT), Kanpur",2026-07-03 14:17:10+05:30
331,0.886643,dacanew391,"Indian Institute of Management (IIM), Kozhikode",2026-07-04 02:03:38+05:30
331,0.886643,VISA,"Indian Institute of Management (IIM), Kozhikode",2026-07-04 02:05:51+05:30
332,0.8865,62smplr4qm,"Indian Institute of Management (IIM), Lucknow",2026-07-04 19:19:16+05:30
333,0.886443,40bea397aabc,"Indian Institute of Technology (IIT), Kanpur",2026-07-03 03:32:49+05:30
334,0.885943,draven.linkup,"Indian Institute of Technology (IIT), Ropar",2026-07-04 20:22:45+05:30
335,0.8858,mba25mridula,"Indian Institute of Management (IIM), Kozhikode",2026-07-03 01:16:47+05:30
336,0.8857,ElongatedMuskmelon,"Indian Institute of Technology (IIT), Roorkee",2026-07-04 15:15:50+05:30
337,0.8856,saarthak.s,"Indian Institute of Management (IIM), Lucknow",2026-07-02 14:43:54+05:30
338,0.885586,KGP101,"Indian Institute of Technology (IIT), Kharagpur",2026-07-04 01:03:06+05:30
339,0.885557,spuneet23,"Indian Institute of Technology (IIT), Kanpur",2026-07-03 19:47:04+05:30
340,0.885514,SPace it up,"SP Jain Institute of Management and Research (SPJIMR), Mumbai",2026-07-04 11:12:34+05:30
341,0.885343,TEAMxPRO,"Indian Institute of Technology (IIT), Kanpur",2026-07-03 23:23:10+05:30
342,0.885086,ubwsefnqvqjjmmqnjn,"Indian Institute of Management (IIM), Bangalore",2026-07-03 19:06:28+05:30
343,0.884914,ukr77syx6l,"Indian Institute of Management (IIM), Calcutta",2026-07-04 18:08:49+05:30
344,0.8849,Marwadi,"Indian Institute of Technology (IIT), Kharagpur",2026-07-04 03:10:19+05:30
345,0.884829,yug17patidar,"Indian Institute of Management (IIM), Lucknow",2026-07-04 19:24:54+05:30
345,0.884829,Case Breakers,"Indian Institute of Management (IIM), Lucknow",2026-07-04 19:41:05+05:30
346,0.884771,shubhangilondhe81,"Indian Institute of Technology (IIT), Bombay",2026-07-02 17:10:33+05:30
347,0.8845,WeMax,"Indian Institute of Foreign Trade (IIFT), New Delhi",2026-06-30 13:21:56+05:30
348,0.884129,anushkaagirotra17,"Birla Institute of Technology & Science, Pilani Campus",2026-07-03 18:53:27+05:30
349,0.884029,pgp25.saatvik,"SP Jain Institute of Management and Research (SPJIMR), Mumbai",2026-07-03 03:43:36+05:30
350,0.883829,harshwardhan.d.chy24,"Indian Institute of Technology, Banaras Hindu University (IIT - BHU)",2026-07-03 21:44:40+05:30
351,0.883771,ujjawal24,"Indian Institute of Technology (IIT), Kanpur",2026-07-02 13:43:24+05:30
352,0.883757,f20230988,"Birla Institute of Technology & Science, Pilani Campus",2026-06-29 20:47:39+05:30
353,0.883643,Butter Chicken,"Management Development Institute (MDI), Gurgaon",2026-07-04 18:59:58+05:30
354,0.883457,Titans,"Xavier School of Management (XLRI), Delhi",2026-07-02 05:40:16+05:30
355,0.8834,ep5t3zyual,"Indian Institute of Management (IIM), Lucknow",2026-07-04 13:58:52+05:30
356,0.883343,gomero6468,"Birla Institute of Technology & Science, Pilani Campus",2026-07-02 14:58:50+05:30
357,0.883157,Tom and Jerry,"Indian Institute of Technology, Banaras Hindu University (IIT - BHU)",2026-07-03 17:58:27+05:30
358,0.883143,Winners Proxy,"Indian Institute of Technology (IIT), Madras",2026-06-30 18:25:39+05:30
359,0.883071,ph1230756,"Indian Institute of Technology (IIT), Delhi",2026-07-04 19:03:50+05:30
360,0.883029,youngstunner313,Chennai Mathematical Institute,2026-07-03 02:39:33+05:30
361,0.883014,gox4o2qa8r,"Indian Institute of Management (IIM), Lucknow",2026-07-04 02:36:07+05:30
362,0.883,teamnoob,"Indian Institute of Technology (IIT), Kharagpur",2026-07-02 11:03:11+05:30
363,0.882714,b25013,"Xavier School of Management (XLRI), Jamshedpur",2026-07-02 13:00:39+05:30
364,0.882657,viveksingh220605,"Indian Institute of Technology (IIT), Kanpur",2026-06-30 15:53:34+05:30
365,0.882371,amex_canada,"Indian Institute of Management (IIM), Lucknow",2026-07-04 01:15:08+05:30
366,0.882143,ruthless ravens,"Indian Institute of Foreign Trade (IIFT), New Delhi",2026-06-29 22:30:30+05:30
367,0.882129,AmexBlack,"Indian Institute of Management (IIM), Kozhikode",2026-07-03 16:57:03+05:30
368,0.881971,enormous.worm.zkbj,"Indian Institute of Technology (IIT), Bombay",2026-07-02 05:37:54+05:30
369,0.881786,dinesh.250101080,"Indian Institute of Management (IIM), Mumbai",2026-07-04 19:17:29+05:30
370,0.8817,siddhantjain070905,"Indian Institute of Technology (IIT), Guwahati",2026-07-03 19:32:28+05:30
371,0.881671,Wombat Warrior,"Indian Institute of Foreign Trade (IIFT), New Delhi",2026-06-29 22:09:33+05:30
372,0.881571,WeWinners,"Indian Institute of Technology (IIT), Kharagpur",2026-07-01 17:20:50+05:30
372,0.881571,DalChawal,"Management Development Institute (MDI), Gurgaon",2026-07-02 00:16:33+05:30
373,0.8815,f20221013,"Birla Institute of Technology & Science, Pilani Campus",2026-07-04 20:47:53+05:30
374,0.881286,Case Compass,"Department of Management Studies (DMS), Indian Institute of Technology (IIT), Delhi",2026-06-30 02:17:11+05:30
375,0.881157,deepakkm23,"Indian Institute of Technology (IIT), Kanpur",2026-06-30 07:59:08+05:30
375,0.881157,sandeep23,"Indian Institute of Technology (IIT), Kanpur",2026-06-30 10:27:20+05:30
376,0.881143,gvssrktejasreddy,"Indian Institute of Technology (IIT), Kanpur",2026-06-30 16:55:38+05:30
377,0.880886,pgp25.adhithya,"SP Jain Institute of Management and Research (SPJIMR), Mumbai",2026-07-03 09:07:46+05:30
378,0.880857,soumyajh24,"Indian Institute of Technology (IIT), Kanpur",2026-07-04 20:51:47+05:30
379,0.880614,lokendra290104,"Indian Institute of Technology (IIT), Kanpur",2026-07-04 03:40:02+05:30
380,0.880471,Nana,"Indian Institute of Technology (IIT), Kharagpur",2026-07-04 19:49:09+05:30
381,0.880386,Buri_Buri_Zimon,"Management Development Institute (MDI), Gurgaon",2026-07-02 00:30:14+05:30
382,0.880143,avaneesh.srivastava,"Indian Institute of Technology (IIT), Kharagpur",2026-07-03 12:47:03+05:30
383,0.879971,Gradient Ascenders,"Management Development Institute (MDI), Gurgaon",2026-07-04 18:56:36+05:30
384,0.879786,paridhi25,"Indian Institute of Technology (IIT), Kanpur",2026-07-01 15:41:34+05:30
385,0.879714,Ninji,"Department of Management Studies (DMS), Indian Institute of Technology (IIT), Delhi",2026-07-03 04:07:06+05:30
386,0.879629,YonexMP52,"Indian Institute of Management (IIM), Bangalore",2026-06-29 18:40:26+05:30
387,0.879529,Stash Pro,"Indian Institute of Technology (IIT), Kanpur",2026-07-03 04:55:05+05:30
388,0.879386,pgp42012,"Indian Institute of Management (IIM), Lucknow",2026-06-30 19:51:36+05:30
389,0.879371,TechnoT,"Xavier School of Management (XLRI), Jamshedpur",2026-06-30 22:15:24+05:30
390,0.879329,TheTechy,"Indian Institute of Technology (IIT), Bombay",2026-07-02 17:56:58+05:30
391,0.8791,speedy,"Indian Institute of Technology (IIT), Madras",2026-07-03 18:00:40+05:30
392,0.879029,b25352,"Xavier School of Management (XLRI), Delhi",2026-07-04 20:01:54+05:30
393,0.8787,1500,"Birla Institute of Technology & Science, Pilani Campus",2026-07-04 08:50:47+05:30
394,0.878286,sumitnayak200312,"Indian Institute of Technology (IIT), Kanpur",2026-06-29 16:01:26+05:30
394,0.878286,anjandas0003,"Indian Institute of Technology (IIT), Kanpur",2026-07-02 06:40:04+05:30
395,0.878257,productsystems,"Indian Institute of Technology (IIT), Kharagpur",2026-07-03 04:43:54+05:30
396,0.878243,Star Gaze,"Indian Institute of Management (IIM), Mumbai",2026-07-04 20:35:47+05:30
397,0.878129,p25shreyashir,"Indian Institute of Management (IIM), Indore",2026-07-04 15:58:10+05:30
398,0.877986,bhawaniola9,"Indian Institute of Technology (IIT), Kharagpur",2026-06-30 11:01:08+05:30
399,0.8775,jaimatadi,"Indian Institute of Technology (IIT), Roorkee",2026-07-04 00:38:31+05:30
400,0.877343,b25479,Xavier School of Management (XLRI),2026-07-02 04:16:35+05:30
401,0.877257,TeamName,"Indian Institute of Technology (IIT), Delhi",2026-07-04 16:34:48+05:30
402,0.8772,AnalystFC,"Indian Institute of Technology (IIT), Kanpur",2026-07-03 23:50:07+05:30
403,0.877186,Outlier,"Indian Institute of Technology (IIT), Guwahati",2026-07-04 12:42:59+05:30
403,0.877186,uiux2099,"Birla Institute of Technology & Science, Pilani Campus",2026-07-04 19:32:26+05:30
404,0.8771,Minions,"Indian Institute of Technology, Banaras Hindu University (IIT - BHU)",2026-06-29 16:09:27+05:30
405,0.877086,Jagga Jasoos,"Indian Institute of Management (IIM), Indore",2026-07-04 01:02:12+05:30
406,0.876957,tiku35756,"Indian Institute of Technology (IIT), Bombay",2026-07-04 10:17:41+05:30
407,0.876871,Harsh Rajhans,"Indian Institute of Foreign Trade (IIFT), New Delhi",2026-07-04 14:20:30+05:30
408,0.876786,ENvisionaries,"Indian Institute of Technology (IIT), Madras",2026-06-28 16:46:55+05:30
409,0.876743,TheBrainiac,"Management Development Institute (MDI), Gurgaon",2026-07-03 13:58:05+05:30
409,0.876743,kat,"Indian Institute of Technology (IIT), Delhi",2026-07-04 14:41:34+05:30
410,0.876329,aahilzain777,"Indian Institute of Technology (IIT), Kharagpur",2026-07-03 16:02:11+05:30
411,0.876214,f20221363,"Birla Institute of Technology & Science, Pilani Campus",2026-07-04 20:24:14+05:30
412,0.876071,gussbro.227,"Narsee Monjee Institute of Management Studies (NMIMS), Mumbai",2026-07-04 19:11:44+05:30
413,0.875929,aravind.250101040,"Indian Institute of Management (IIM), Mumbai",2026-07-04 18:32:55+05:30
414,0.875643,softwaretree2,"Delhi School of Economics (DSE), New Delhi",2026-06-30 12:42:06+05:30
415,0.875529,f20221665,"Birla Institute of Technology & Science, Pilani Campus",2026-06-30 15:55:13+05:30
416,0.875157,UnSkilled,"Indian Institute of Technology (IIT), Guwahati",2026-06-30 11:27:57+05:30
417,0.875129,CholeBhature,"Management Development Institute (MDI), Gurgaon",2026-06-30 00:10:32+05:30
418,0.8751,ppandey0050,"Indian Institute of Technology (IIT), Kanpur",2026-07-04 03:34:44+05:30
419,0.875029,pgp25.vikalp,"SP Jain Institute of Management and Research (SPJIMR), Mumbai",2026-07-04 20:53:44+05:30
420,0.874957,temporary20250817,Indian School of Business (ISB),2026-07-04 19:22:36+05:30
421,0.874814,XXX,"Indian Institute of Technology (IIT), Bombay",2026-07-03 02:05:50+05:30
422,0.874657,sachhuchandwada12,"Indian Institute of Technology (IIT), Delhi",2026-07-02 00:29:49+05:30
422,0.874657,aryanbaranwal131214,"Indian Institute of Technology (IIT), Roorkee",2026-07-03 00:54:31+05:30
423,0.874543,Team_LockedIN,"Indian Institute of Technology (IIT), Kanpur",2026-06-29 17:30:25+05:30
423,0.874543,The Team,"Indian Institute of Management (IIM), Mumbai",2026-07-01 08:47:47+05:30
424,0.8744,pgp25.msohjus,"SP Jain Institute of Management and Research (SPJIMR), Mumbai",2026-07-04 18:33:47+05:30
425,0.874143,Alpha,"Indian Institute of Technology (IIT), Delhi",2026-07-01 03:49:54+05:30
426,0.873929,elonmusk24082000,"Indian Institute of Management (IIM), Lucknow",2026-07-04 20:44:55+05:30
427,0.8738,Alphas,"Indian Institute of Technology (IIT), Kharagpur",2026-07-04 15:20:27+05:30
428,0.873786,p25priyamb,"Indian Institute of Management (IIM), Indore",2026-07-03 16:57:38+05:30
429,0.873714,nahi dunga,"Birla Institute of Technology & Science, Pilani Campus",2026-07-03 01:44:21+05:30
430,0.873629,krishnasaivangala2311,"Indian Institute of Management (IIM), Ahmedabad",2026-07-02 00:54:31+05:30
431,0.873529,ProjectTriad,"Indian Institute of Technology (IIT), Kanpur",2026-07-04 02:52:08+05:30
432,0.873514,Hogwarts,"Indian Institute of Technology (IIT), Roorkee",2026-07-04 01:44:00+05:30
432,0.873514,yatharth9goyal,"Indian Institute of Technology (IIT), Kanpur",2026-07-04 14:56:48+05:30
433,0.873243,Impact Crew,"SP Jain Institute of Management and Research (SPJIMR), Mumbai",2026-07-04 20:44:04+05:30
434,0.873143,tingalinga,"Indian Institute of Technology (IIT), Kanpur",2026-07-04 17:31:13+05:30
435,0.873014,stupidmonkey0102,"Birla Institute of Technology & Science, Pilani Campus",2026-07-03 17:37:52+05:30
435,0.873014,saicharan.g646,"Indian Institute of Technology (IIT), Hyderabad",2026-07-04 20:59:37+05:30
436,0.872986,abm22028,"Indian Institute of Management (IIM), Lucknow",2026-07-04 17:41:22+05:30
437,0.872971,tt1230912,"Indian Institute of Technology (IIT), Delhi",2026-07-04 20:14:19+05:30
438,0.872843,Amexstars,"Indian Institute of Management (IIM), Kozhikode",2026-06-30 17:19:03+05:30
438,0.872843,Nightrider,"Indian Institute of Management (IIM), Kozhikode",2026-07-02 03:43:49+05:30
439,0.872386,hinatasattawan57,"Indian Institute of Technology (IIT), Indore",2026-07-03 19:48:00+05:30
440,0.872214,teamrockers12345,"Indian Institute of Technology (IIT), Kharagpur",2026-07-03 00:02:04+05:30
441,0.872186,test2,"Birla Institute of Technology & Science, Pilani Campus",2026-07-01 23:54:17+05:30
441,0.872186,XYZ,"Birla Institute of Technology & Science, Pilani Campus",2026-07-03 19:44:09+05:30
442,0.871829,picshit365,"Indian Institute of Technology (IIT), Roorkee",2026-07-04 20:58:40+05:30
443,0.871386,Super Mario,"Indian Institute of Foreign Trade (IIFT), New Delhi",2026-06-30 18:50:42+05:30
444,0.871143,TEAM IIMA,"Indian Institute of Management (IIM), Ahmedabad",2026-06-28 12:12:29+05:30
445,0.871114,Team T,"Xavier School of Management (XLRI), Delhi",2026-07-02 13:37:19+05:30
446,0.870729,let it flow,"Xavier School of Management (XLRI), Jamshedpur",2026-07-01 20:41:01+05:30
446,0.870729,sarveshp23,"Indian Institute of Technology (IIT), Kanpur",2026-07-03 17:52:52+05:30
446,0.870729,clutchers,"Indian Institute of Technology (IIT), Kanpur",2026-07-04 01:42:32+05:30
447,0.870629,Project Blue,"SP Jain Institute of Management and Research (SPJIMR), Mumbai",2026-07-04 03:44:03+05:30
448,0.870329,modiverse,"Indian Institute of Management (IIM), Lucknow",2026-07-03 02:32:41+05:30
449,0.870057,Night Fury,"Indian Institute of Management (IIM), Kozhikode",2026-06-29 22:18:21+05:30
450,0.869643,Super3,"Indian Institute of Management (IIM), Mumbai",2026-07-01 18:25:06+05:30
450,0.869643,Prahaar,"Indian Institute of Technology (IIT), Kharagpur",2026-07-03 12:20:23+05:30
451,0.869171,pgp25.devansh,"SP Jain Institute of Management and Research (SPJIMR), Mumbai",2026-07-03 12:53:53+05:30
452,0.868886,ee3230516,"Indian Institute of Technology (IIT), Delhi",2026-07-03 01:37:50+05:30
453,0.868571,Pioneers,"SP Jain Institute of Management and Research (SPJIMR), Mumbai",2026-07-03 09:29:25+05:30
454,0.868514,800ate5,"Indian Institute of Management (IIM), Mumbai",2026-07-03 04:18:55+05:30
455,0.868329,devsachan23,"Indian Institute of Technology (IIT), Kanpur",2026-07-04 20:57:48+05:30
456,0.868129,StratNom,"Indian Institute of Technology (IIT), Bombay",2026-07-04 16:37:24+05:30
457,0.867929,surreycristopher98,"Indian Institute of Management (IIM), Lucknow",2026-06-30 22:17:08+05:30
457,0.867929,aashutoshk24,"Indian Institute of Technology (IIT), Kanpur",2026-07-01 02:59:38+05:30
458,0.8679,GP,Chennai Mathematical Institute,2026-07-01 17:27:23+05:30
459,0.867829,ronaldray2410,"Indian Institute of Management (IIM), Lucknow",2026-07-01 00:05:30+05:30
460,0.867729,Insights Mavericks,"Narsee Monjee Institute of Management Studies (NMIMS), Mumbai",2026-07-04 19:53:52+05:30
461,0.867586,vibhorpandey09,"Birla Institute of Technology & Science, Pilani Campus",2026-06-28 13:59:40+05:30
462,0.867214,Abhishek,Chennai Mathematical Institute,2026-06-30 19:20:19+05:30
463,0.866571,Bengal Consulting Group (BeCG),"Indian Institute of Technology (IIT), Kharagpur",2026-07-03 11:54:33+05:30
464,0.866357,mbjain2005,"Indian Institute of Technology (IIT), Kanpur",2026-07-03 22:48:29+05:30
465,0.866129,asteroids,"Xavier School of Management (XLRI), Delhi",2026-07-02 02:46:28+05:30
466,0.865886,team insight,"Management Development Institute (MDI), Gurgaon",2026-06-29 16:26:07+05:30
467,0.865814,Arctic_Bandars,"Indian Institute of Technology, Indian School of Mines (IIT ISM), Dhanbad",2026-07-04 00:04:13+05:30
468,0.865571,CTE,"Indian Institute of Technology (IIT), Kharagpur",2026-07-04 14:15:49+05:30
469,0.865086,aanchal_gulia.23,"Indian Institute of Technology (IIT), Kharagpur",2026-07-04 09:15:49+05:30
469,0.865086,akashbudhwar13129,"Indian Institute of Technology (IIT), Kharagpur",2026-07-04 13:14:43+05:30
470,0.864729,ic24btech11016,"Indian Institute of Technology (IIT), Hyderabad",2026-07-01 19:49:47+05:30
471,0.864643,Dealmaker,"Indian Institute of Technology (IIT), Kharagpur",2026-07-04 10:30:22+05:30
472,0.864571,Vanguard,"Narsee Monjee Institute of Management Studies (NMIMS), Mumbai",2026-07-04 16:57:48+05:30
473,0.864471,AzureTrip,"Department of Management Studies (DMS), Indian Institute of Technology (IIT), Delhi",2026-06-30 17:56:35+05:30
474,0.864357,The AmExperts,"Management Development Institute (MDI), Gurgaon",2026-06-30 03:33:42+05:30
475,0.863714,Naruto,"Indian Institute of Technology (IIT), Kharagpur",2026-07-04 17:35:08+05:30
476,0.863686,Amex Factor,"Indian Institute of Management (IIM), Mumbai",2026-07-04 01:52:27+05:30
477,0.863629,thisisdeepikamust77,"Indian Institute of Management (IIM), Calcutta",2026-07-03 17:07:09+05:30
478,0.863229,Symban,"Management Development Institute (MDI), Gurgaon",2026-07-04 20:07:36+05:30
479,0.862729,AMEX ALPHA,"SP Jain Institute of Management and Research (SPJIMR), Mumbai",2026-07-04 11:21:42+05:30
480,0.862229,mdeepika1977,"Indian Institute of Management (IIM), Bangalore",2026-07-01 13:57:24+05:30
481,0.862171,Centurion,"SP Jain Institute of Management and Research (SPJIMR), Mumbai",2026-06-30 19:09:51+05:30
482,0.861986,chiraag_mk,"Indian Institute of Technology (IIT), Roorkee",2026-07-04 00:26:50+05:30
483,0.861943,Team Alpha,"Indian Institute of Management (IIM), Lucknow",2026-07-03 02:24:07+05:30
484,0.861914,catalysts,"Indian Institute of Technology (IIT), Kharagpur",2026-07-03 02:28:32+05:30
485,0.860843,aakarsh164,"Indian Institute of Technology (IIT), Roorkee",2026-07-04 16:08:38+05:30
485,0.860843,shanmukhsharma24,"Indian Institute of Management (IIM), Lucknow",2026-07-04 16:17:13+05:30
486,0.860614,AAA,"Indian Institute of Management (IIM), Mumbai",2026-07-04 17:01:57+05:30
487,0.860043,Shinkansen,"Indian Institute of Foreign Trade (IIFT), New Delhi",2026-07-04 20:29:54+05:30
488,0.860029,TEAMX,"Indian Institute of Technology (IIT), Guwahati",2026-06-30 19:08:05+05:30
488,0.860029,k.anumula,"Indian Institute of Technology (IIT), Guwahati",2026-06-30 22:29:23+05:30
489,0.859786,p25ayana,"Indian Institute of Management (IIM), Indore",2026-07-03 16:32:47+05:30
490,0.859757,sachin919patel,"Indian Institute of Technology (IIT), Kharagpur",2026-06-30 10:09:36+05:30
491,0.859529,Rank1,"Indian Institute of Management (IIM), Bangalore",2026-07-01 11:56:23+05:30
492,0.859471,b25318,"Xavier School of Management (XLRI), Delhi",2026-06-29 00:58:33+05:30
493,0.859343,Motionz,"Department of Management Studies (DMS), Indian Institute of Technology (IIT), Delhi",2026-07-02 02:10:24+05:30
494,0.859229,nimishgup33,"Delhi School of Economics (DSE), New Delhi",2026-07-02 13:44:19+05:30
495,0.859129,akshatjainbakliwal01,"Indian Institute of Technology (IIT), Roorkee",2026-07-03 12:38:11+05:30
496,0.859071,Nucleus,"Xavier School of Management (XLRI), Delhi",2026-06-29 01:28:47+05:30
497,0.858886,dakshr05384,"Delhi School of Economics (DSE), New Delhi",2026-07-04 13:10:56+05:30
498,0.858571,GforGang,"Indian Institute of Management (IIM), Lucknow",2026-07-04 20:37:24+05:30
499,0.858371,huhhh,"Indian Institute of Foreign Trade (IIFT), New Delhi",2026-07-02 03:28:01+05:30
499,0.858371,team outliers,"Indian Institute of Foreign Trade (IIFT), New Delhi",2026-07-02 13:48:25+05:30
500,0.858157,techygiants,"Management Development Institute (MDI), Gurgaon",2026-06-30 18:09:41+05:30
501,0.857686,Team35,"Indian Institute of Foreign Trade (IIFT), New Delhi",2026-07-04 01:18:46+05:30
502,0.857371,Minions,"Indian Institute of Technology (IIT), Kharagpur",2026-07-04 01:52:25+05:30
503,0.857071,nisarg24,"Indian Institute of Technology (IIT), Kanpur",2026-07-03 15:55:15+05:30
503,0.857071,deepikamusthyala,"Indian Institute of Management (IIM), Ahmedabad",2026-07-04 03:20:20+05:30
504,0.857014,yogeeta.vensiani,"Department of Management Studies (DMS), Indian Institute of Technology (IIT), Delhi",2026-07-02 19:15:08+05:30
505,0.856986,TNT,"Indian Institute of Management (IIM), Mumbai",2026-07-01 01:13:01+05:30
506,0.856643,japesh_c,"Indian Institute of Technology (IIT), Roorkee",2026-07-04 03:24:30+05:30
507,0.856329,ava.30597,"Indian Institute of Management (IIM), Bangalore",2026-07-04 18:48:27+05:30
508,0.856129,ROCK,"Indian Institute of Management (IIM), Mumbai",2026-06-30 12:22:37+05:30
508,0.856129,I dont know who I am,"Indian Institute of Technology (IIT), Kanpur",2026-07-03 04:15:43+05:30
509,0.855986,jhavaishnavi25,"Indian Institute of Technology, Banaras Hindu University (IIT - BHU)",2026-07-03 15:44:12+05:30
510,0.855843,Stratobots,"Indian Institute of Foreign Trade (IIFT), New Delhi",2026-07-04 19:22:41+05:30
511,0.8557,Team AMEXL,"Indian Institute of Management (IIM), Lucknow",2026-07-04 18:38:34+05:30
512,0.8556,PLACERS,"Indian Institute of Technology, Banaras Hindu University (IIT - BHU)",2026-07-03 14:43:51+05:30
513,0.855486,roushan111204,"Indian Institute of Technology (IIT), Kharagpur",2026-07-03 21:30:50+05:30
514,0.855286,GreedyGrunders,"Indian Institute of Technology (IIT), Kanpur",2026-07-04 16:30:52+05:30
515,0.854614,23043510046,"Management Development Institute (MDI), Gurgaon",2026-07-03 18:24:19+05:30
516,0.854543,Transaction Declined,"SP Jain Institute of Management and Research (SPJIMR), Mumbai",2026-07-02 14:39:57+05:30
517,0.853929,urvijoshi496,"Indian Institute of Management (IIM), Bangalore",2026-07-02 20:45:06+05:30
518,0.8538,Maverick,Indian School of Business (ISB),2026-07-04 19:40:49+05:30
519,0.853586,Winners,"Indian Institute of Technology (IIT), Guwahati",2026-07-04 17:22:08+05:30
520,0.853386,AVENGERS,"Indian Institute of Technology (IIT), Kanpur",2026-06-29 12:38:19+05:30
521,0.852671,Binary Bandits,"Indian Institute of Technology (IIT), Kharagpur",2026-06-29 21:06:37+05:30
522,0.852614,CaseForce,Xavier School of Management (XLRI),2026-07-01 18:10:41+05:30
523,0.852314,WeLoveChaggi,"Indian Institute of Technology (IIT), Delhi",2026-07-03 16:34:33+05:30
524,0.852157,spoiderboys,"Indian Institute of Technology (IIT), Kharagpur",2026-07-03 15:46:20+05:30
525,0.852114,Waycraft,"SP Jain Institute of Management and Research (SPJIMR), Mumbai",2026-07-04 16:33:25+05:30
526,0.8518,Natus Vincere,Indian School of Business (ISB),2026-06-30 20:47:03+05:30
527,0.851514,mba25aashish,"Indian Institute of Management (IIM), Kozhikode",2026-07-02 00:26:31+05:30
528,0.851286,Team Phoenix,"Department of Management Studies (DMS), Indian Institute of Technology (IIT), Delhi",2026-07-04 00:02:09+05:30
529,0.850043,indiepirate,"Birla Institute of Technology & Science, Pilani Campus",2026-07-04 17:21:44+05:30
530,0.849729,Silver Arrows,"Indian Institute of Management (IIM), Mumbai",2026-07-02 22:07:15+05:30
531,0.8497,Amex on the beach,"Indian Institute of Foreign Trade (IIFT), New Delhi",2026-07-02 01:04:40+05:30
532,0.849671,lazyloosers,"Indian Institute of Technology (IIT), Guwahati",2026-07-04 19:04:48+05:30
533,0.849243,Tibetan Houses,"Indian Institute of Technology (IIT), Kharagpur",2026-06-30 07:53:45+05:30
534,0.849,Sherlock,"SP Jain Institute of Management and Research (SPJIMR), Mumbai",2026-06-29 21:02:12+05:30
535,0.848457,b25346,"Xavier School of Management (XLRI), Delhi",2026-07-04 01:11:29+05:30
536,0.848214,amit.3013,"Indian Institute of Technology (IIT), Guwahati",2026-06-30 15:35:05+05:30
537,0.848029,p25shubhamv,"Indian Institute of Management (IIM), Indore",2026-07-03 11:55:32+05:30
538,0.847757,AMEX WINNER,"Indian Institute of Technology (IIT), Guwahati",2026-07-02 08:58:50+05:30
539,0.8477,SPamex,"SP Jain Institute of Management and Research (SPJIMR), Mumbai",2026-07-03 17:36:55+05:30
540,0.847657,Trifacta,"Vinod Gupta School of Management (VGSoM), Indian Institute of Technology (IIT), Kharagpur",2026-07-04 17:17:46+05:30
541,0.847429,The finaAL,"Indian Institute of Technology, Indian School of Mines (IIT ISM), Dhanbad",2026-07-02 08:23:58+05:30
542,0.847343,Strategy for All,"Indian Institute of Management (IIM), Lucknow",2026-07-04 20:01:39+05:30
543,0.8473,TeamISM,"Indian Institute of Technology, Indian School of Mines (IIT ISM), Dhanbad",2026-07-03 20:18:29+05:30
544,0.847057,Material Girls,"Indian Institute of Technology (IIT), Kanpur",2026-07-01 21:06:12+05:30
545,0.847,BluePeak,"SP Jain Institute of Management and Research (SPJIMR), Mumbai",2026-07-03 18:56:01+05:30
546,0.846929,pokerball488,"Birla Institute of Technology & Science, Pilani Campus",2026-06-29 11:56:49+05:30
547,0.846843,VCE,"Indian Institute of Technology (IIT), Hyderabad",2026-06-29 11:49:29+05:30
548,0.846757,b25117,"Xavier School of Management (XLRI), Jamshedpur",2026-07-03 19:54:32+05:30
549,0.846743,riyaarah,"Indian Institute of Technology (IIT), Madras",2026-06-29 12:48:18+05:30
550,0.846643,ed22b039,"Indian Institute of Technology (IIT), Madras",2026-07-04 18:42:07+05:30
551,0.846571,YashChoukikar,"Indian Institute of Technology (IIT), Mandi",2026-07-01 18:16:11+05:30
552,0.846514,Amexx,"Birla Institute of Technology & Science, Pilani Campus",2026-07-02 13:25:03+05:30
552,0.846514,amexx first,"Indian Institute of Technology (IIT), Delhi",2026-07-03 22:20:03+05:30
553,0.846229,amitp2027,"Indian Institute of Management (IIM), Calcutta",2026-07-02 12:14:18+05:30
554,0.8461,rushikeshgulve10,"Indian Institute of Management (IIM), Lucknow",2026-07-04 15:13:26+05:30
555,0.846014,vivekfcciith3,"Birla Institute of Technology & Science, Pilani Campus",2026-07-03 01:19:52+05:30
556,0.845986,Impact_Initiators,"Birla Institute of Technology & Science, Pilani Campus",2026-06-30 14:47:44+05:30
557,0.845629,Dumb and Dumber,"Indian Institute of Technology (IIT), Guwahati",2026-07-03 22:47:42+05:30
558,0.845457,flyhigher,"Narsee Monjee Institute of Management Studies (NMIMS), Mumbai",2026-07-02 11:45:40+05:30
559,0.845157,AVENGERS,"Indian Institute of Foreign Trade (IIFT), New Delhi",2026-07-04 18:55:10+05:30
559,0.845157,ISBFrontier,Indian School of Business (ISB),2026-07-04 20:08:20+05:30
560,0.844971,b25397,"Xavier School of Management (XLRI), Delhi",2026-07-04 19:45:36+05:30
561,0.844771,Cash me if you can,"SP Jain Institute of Management and Research (SPJIMR), Mumbai",2026-07-04 00:59:17+05:30
562,0.844714,Penaldo,"Indian Institute of Technology (IIT), Delhi",2026-07-02 18:22:44+05:30
563,0.844143,Formula 3,"Indian Institute of Management (IIM), Indore",2026-07-04 12:27:31+05:30
564,0.844,Metric Minds,"Indian Institute of Technology, Banaras Hindu University (IIT - BHU)",2026-07-02 12:10:02+05:30
565,0.8437,Ohjus,"SP Jain Institute of Management and Research (SPJIMR), Mumbai",2026-07-04 00:05:48+05:30
566,0.843629,krishna.udupi.2025,"Birla Institute of Technology & Science, Pilani Campus",2026-07-02 13:43:37+05:30
567,0.8434,BomboClat!,"Indian Institute of Technology, Banaras Hindu University (IIT - BHU)",2026-07-03 16:42:02+05:30
568,0.843157,The XLerators,"Xavier School of Management (XLRI), Jamshedpur",2026-06-29 19:34:08+05:30
569,0.843086,aarav.tyagi,"Indian Institute of Management (IIM), Mumbai",2026-07-01 01:34:53+05:30
570,0.843014,sonisiddhant,"Indian Institute of Technology (IIT), Kharagpur",2026-07-03 21:58:59+05:30
571,0.842986,ZZZZ,"Indian Institute of Technology (IIT), Delhi",2026-07-03 01:06:30+05:30
572,0.8428,Team alpha,"Indian Institute of Management (IIM), Lucknow",2026-07-04 01:15:20+05:30
573,0.842743,Neural Navigators,"Indian Institute of Technology (IIT), Kharagpur",2026-07-02 01:13:09+05:30
574,0.842671,abhishek7,"Indian Institute of Technology (IIT), Roorkee",2026-07-02 19:03:05+05:30
574,0.842671,Cibil.in,"Indian Institute of Foreign Trade (IIFT), New Delhi",2026-07-04 14:32:45+05:30
575,0.842229,Joka Centurions,"Indian Institute of Management (IIM), Calcutta",2026-06-30 03:03:55+05:30
576,0.842129,parmarparul684,"Indian Institute of Technology (IIT), Kanpur",2026-07-04 04:15:48+05:30
577,0.841729,smf256624,"Department of Management Studies (DMS), Indian Institute of Technology (IIT), Delhi",2026-07-03 13:23:46+05:30
578,0.841443,Perceptron,"Indian Institute of Technology (IIT), Guwahati",2026-07-03 23:53:17+05:30
579,0.8414,f20221585,"Birla Institute of Technology & Science, Pilani Campus",2026-07-02 15:22:37+05:30
580,0.841314,mpatra0719,"Birla Institute of Technology & Science, Pilani Campus",2026-07-04 01:16:08+05:30
581,0.841171,b25206,"Xavier School of Management (XLRI), Jamshedpur",2026-06-30 02:53:31+05:30
582,0.840743,iwin,"Indian Institute of Technology (IIT), Bombay",2026-07-03 12:38:47+05:30
583,0.839986,meow meow,"Indian Institute of Management (IIM), Mumbai",2026-07-04 13:21:13+05:30
584,0.839257,StratEdge,"Indian Institute of Technology (IIT), Kanpur",2026-07-04 17:07:43+05:30
585,0.839029,Smooth Operators,"Indian Institute of Management (IIM), Mumbai",2026-07-02 00:01:01+05:30
586,0.839014,Team Catalyst,"Indian Institute of Technology (IIT), Indore",2026-07-04 12:30:35+05:30
587,0.838671,TRIDENT,"Narsee Monjee Institute of Management Studies (NMIMS), Mumbai",2026-07-04 01:45:29+05:30
588,0.838386,AMEX-PERTS,"Indian Institute of Management (IIM), Mumbai",2026-07-04 20:19:26+05:30
589,0.8381,pgp42150,"Indian Institute of Management (IIM), Lucknow",2026-07-04 16:06:00+05:30
590,0.837957,Data Nerd,"Indian Institute of Technology (IIT), Kharagpur",2026-07-03 23:52:44+05:30
591,0.837543,Navjaat Shishu,"SP Jain Institute of Management and Research (SPJIMR), Mumbai",2026-07-02 15:30:05+05:30
592,0.837357,tsidhant22,"Indian Institute of Technology (IIT), Kanpur",2026-07-01 10:38:19+05:30
593,0.837343,nareshr,"Indian Institute of Technology (IIT), Kharagpur",2026-06-28 01:45:34+05:30
594,0.837286,Cashalysts,"Indian Institute of Foreign Trade (IIFT), New Delhi",2026-07-04 15:34:59+05:30
595,0.8372,Spartans,"SP Jain Institute of Management and Research (SPJIMR), Mumbai",2026-07-03 00:03:50+05:30
596,0.836743,data_spree,"Indian Institute of Management (IIM), Bangalore",2026-07-03 20:35:04+05:30
597,0.836514,MightyBITSians,"Birla Institute of Technology & Science, Pilani Campus",2026-07-04 20:27:21+05:30
598,0.836414,gimmeintern,"Indian Institute of Technology (IIT), Kharagpur",2026-07-04 14:09:20+05:30
599,0.836271,Survey Corps,"Indian Institute of Technology (IIT), Guwahati",2026-07-03 23:26:46+05:30
600,0.836057,Unchartd,"Indian Institute of Technology (IIT), Delhi",2026-07-01 23:46:01+05:30
601,0.835814,sonidarshana60,"Indian Institute of Technology (IIT), Bombay",2026-07-03 22:22:45+05:30
602,0.835186,s.suramya,"Indian Institute of Technology (IIT), Guwahati",2026-07-02 18:24:12+05:30
603,0.835043,relictus1710,"Indian Institute of Management (IIM), Calcutta",2026-07-04 17:09:06+05:30
604,0.834729,ph1231114,"Indian Institute of Technology (IIT), Delhi",2026-07-03 15:05:51+05:30
605,0.834257,aryan.bajaj.met22,"Indian Institute of Technology, Banaras Hindu University (IIT - BHU)",2026-07-01 13:21:35+05:30
606,0.833914,Blue Horizon,"Management Development Institute (MDI), Gurgaon",2026-07-04 00:14:17+05:30
607,0.832843,Impact,"SP Jain Institute of Management and Research (SPJIMR), Mumbai",2026-07-04 11:22:33+05:30
608,0.832557,ashmitsh4rma,"Birla Institute of Technology & Science, Pilani Campus",2026-07-04 00:32:07+05:30
609,0.832457,santoshjais40,"Birla Institute of Technology & Science, Pilani Campus",2026-07-03 15:41:27+05:30
610,0.831657,mba25shreya,"Indian Institute of Management (IIM), Kozhikode",2026-07-04 00:41:23+05:30
611,0.831543,Blue Winners,"Department of Management Studies (DMS), Indian Institute of Technology (IIT), Delhi",2026-07-04 02:07:39+05:30
612,0.831514,Texsics,"Indian Institute of Technology (IIT), Delhi",2026-07-03 08:34:55+05:30
613,0.8312,b25198,"Xavier School of Management (XLRI), Jamshedpur",2026-07-02 04:27:26+05:30
614,0.831057,W Consulting,"Xavier School of Management (XLRI), Jamshedpur",2026-07-01 02:18:11+05:30
615,0.8309,heyprateek673,"Indian Institute of Technology (IIT), Roorkee",2026-07-03 07:38:46+05:30
616,0.830629,23b0746,"Indian Institute of Technology (IIT), Bombay",2026-07-03 16:44:15+05:30
617,0.829529,JODDDD,"Narsee Monjee Institute of Management Studies (NMIMS), Mumbai",2026-07-04 16:34:32+05:30
618,0.8294,Dolo 650,"SP Jain Institute of Management and Research (SPJIMR), Mumbai",2026-07-04 21:00:01+05:30
619,0.829157,dhakarharshita2006,"Indian Institute of Technology (IIT), Kanpur",2026-07-01 01:46:52+05:30
620,0.829114,meena.kailashi20,"Indian Institute of Technology (IIT), Kanpur",2026-07-03 12:38:05+05:30
621,0.829086,pgp25.shreyashk,"SP Jain Institute of Management and Research (SPJIMR), Mumbai",2026-07-03 19:39:32+05:30
622,0.828957,Team Ascend,"Indian Institute of Management (IIM), Mumbai",2026-07-02 01:27:52+05:30
623,0.828514,Falcon 9,"Indian Institute of Management (IIM), Mumbai",2026-07-03 04:03:52+05:30
624,0.8285,Inferno,"Indian Institute of Management (IIM), Mumbai",2026-07-03 16:34:58+05:30
625,0.827686,Hawkss,"Narsee Monjee Institute of Management Studies (NMIMS), Mumbai",2026-06-29 19:28:33+05:30
626,0.827643,Nexus,"Indian Institute of Technology (IIT), Kanpur",2026-07-03 23:35:01+05:30
627,0.8276,jaigupta2208,"Indian Institute of Technology, Indian School of Mines (IIT ISM), Dhanbad",2026-07-04 19:48:34+05:30
628,0.827486,Night Managers,"Indian Institute of Management (IIM), Lucknow",2026-07-04 13:49:43+05:30
629,0.8271,pghr25devansh_s,"Management Development Institute (MDI), Gurgaon",2026-07-03 16:28:29+05:30
630,0.827071,Strat_thinker,"Indian Institute of Technology (IIT), Kanpur",2026-07-04 20:51:37+05:30
631,0.826871,ThanosApple,"Indian Institute of Technology (IIT), Kharagpur",2026-07-02 22:57:13+05:30
632,0.826857,heisenberg,"Indian Institute of Technology (IIT), Kharagpur",2026-06-30 18:16:51+05:30
633,0.8268,p26adityam,"Indian Institute of Management (IIM), Indore",2026-07-03 11:32:31+05:30
634,0.825829,Team Apex,"Xavier School of Management (XLRI), Delhi",2026-07-04 20:03:47+05:30
635,0.825529,XLWarriors,"Xavier School of Management (XLRI), Delhi",2026-07-03 12:02:45+05:30
636,0.825414,Mad_Bankers,"Indian Institute of Technology (IIT), Kanpur",2026-07-04 15:58:13+05:30
637,0.824886,YK Storm,"Shailesh J. Mehta School of Management (SJMSOM), IIT Bombay",2026-07-03 02:09:49+05:30
638,0.824714,LAVA,"Indian Institute of Technology (IIT), Delhi",2026-07-03 02:16:07+05:30
639,0.824629,INDex,"SP Jain Institute of Management and Research (SPJIMR), Mumbai",2026-07-04 14:39:12+05:30
640,0.824557,cs1230600,"Indian Institute of Technology (IIT), Delhi",2026-07-03 22:23:35+05:30
641,0.8243,f20231025,"Birla Institute of Technology & Science, Pilani Campus",2026-07-04 19:34:23+05:30
642,0.824086,Elite Edge,"Narsee Monjee Institute of Management Studies (NMIMS), Mumbai",2026-07-01 23:45:48+05:30
643,0.823229,Phoenix,"Indian Institute of Foreign Trade (IIFT), New Delhi",2026-07-04 19:44:39+05:30
644,0.8228,P-Valuables,"Management Development Institute (MDI), Gurgaon",2026-07-04 18:04:33+05:30
645,0.822486,BITSxAmex,"Birla Institute of Technology & Science, Pilani Campus",2026-07-03 00:24:06+05:30
646,0.822443,Lucknow Winners,"Indian Institute of Management (IIM), Lucknow",2026-07-04 15:49:16+05:30
647,0.822043,Team Casecraft,"Indian Institute of Management (IIM), Kozhikode",2026-07-03 00:34:39+05:30
648,0.821371,badmos,"Indian Institute of Technology (IIT), Delhi",2026-07-04 15:05:40+05:30
649,0.821214,me1230564,"Indian Institute of Technology (IIT), Delhi",2026-07-02 17:09:44+05:30
650,0.820914,CPSS,"Indian Institute of Technology (IIT), Roorkee",2026-07-01 19:52:33+05:30
651,0.819971,neverburden,"Indian Institute of Management (IIM), Calcutta",2026-07-03 10:39:03+05:30
651,0.819971,iiitians at iim,"Indian Institute of Management (IIM), Mumbai",2026-07-03 10:42:09+05:30
652,0.819314,ch1230618,"Indian Institute of Technology (IIT), Delhi",2026-07-02 15:46:13+05:30
653,0.818286,Amex Trixkster,"Indian Institute of Technology, Indian School of Mines (IIT ISM), Dhanbad",2026-07-02 00:14:07+05:30
653,0.818286,Caseoholics,"Indian Institute of Management (IIM), Mumbai",2026-07-03 23:01:58+05:30
654,0.818171,jyothishtekkali.24,"Indian Institute of Technology (IIT), Kharagpur",2026-07-04 02:39:08+05:30
655,0.817514,Two titans,"Indian Institute of Technology (IIT), Bombay",2026-07-02 19:47:34+05:30
655,0.817514,apurvad825,"Indian Institute of Foreign Trade (IIFT), New Delhi",2026-07-04 17:23:40+05:30
656,0.816986,Amex AYA,"Faculty of Management Studies (FMS), University of Delhi, New Delhi",2026-07-04 19:07:35+05:30
657,0.816486,renuadwani1975,"Indian Institute of Management (IIM), Calcutta",2026-07-03 21:20:58+05:30
658,0.816429,Top Decile,"Faculty of Management Studies (FMS), University of Delhi, New Delhi",2026-06-30 04:50:45+05:30
659,0.816214,sanjay.perneoffl,"Delhi School of Economics (DSE), New Delhi",2026-06-30 04:38:06+05:30
660,0.816029,sehrakartik73,"Indian Institute of Technology (IIT), Kanpur",2026-07-03 02:50:54+05:30
661,0.815971,shivrajpgulve,"Indian Institute of Technology (IIT), Kharagpur",2026-07-02 01:49:16+05:30
662,0.815857,dhruv.260101416,"Indian Institute of Management (IIM), Mumbai",2026-07-01 23:46:08+05:30
663,0.815057,sahil_s,"Indian Institute of Technology (IIT), Roorkee",2026-07-03 01:25:52+05:30
664,0.814971,madureparth,"Indian Institute of Technology (IIT), Kharagpur",2026-07-01 20:21:23+05:30
665,0.814829,Team Gargi,"SP Jain Institute of Management and Research (SPJIMR), Mumbai",2026-07-02 17:06:23+05:30
666,0.814786,sangharsh1215,"Indian Institute of Technology (IIT), Bombay",2026-07-02 21:38:05+05:30
667,0.8146,fakecoderr,"Indian Institute of Technology (IIT), Kanpur",2026-07-04 16:56:58+05:30
668,0.8142,VS 200,"Indian Institute of Foreign Trade (IIFT), New Delhi",2026-07-04 10:05:04+05:30
669,0.814043,Blue Horizon,"Indian Institute of Management (IIM), Mumbai",2026-06-30 14:58:55+05:30
670,0.814,Amexcellence,"Management Development Institute (MDI), Gurgaon",2026-07-03 18:24:26+05:30
671,0.813814,ms1230495,"Indian Institute of Technology (IIT), Delhi",2026-07-04 00:14:36+05:30
672,0.813271,suraj4556kumar,"Indian Institute of Technology (IIT), Kharagpur",2026-06-29 21:20:54+05:30
673,0.8132,Consumer Code,"Department of Management Studies (DMS), Indian Institute of Technology (IIT), Delhi",2026-07-03 13:46:20+05:30
674,0.813057,ch7230613,"Indian Institute of Technology (IIT), Delhi",2026-07-01 12:15:07+05:30
675,0.813014,SELFHELP,"Indian Institute of Technology (IIT), Kanpur",2026-07-03 20:46:20+05:30
676,0.812229,GG,"Indian Institute of Management (IIM), Indore",2026-07-01 13:37:25+05:30
676,0.812229,rohan.khedkar25,"Indian Institute of Management (IIM), Bangalore",2026-07-03 12:19:20+05:30
677,0.811229,alpha3,"SP Jain Institute of Management and Research (SPJIMR), Mumbai",2026-07-02 11:53:52+05:30
678,0.811214,ghoshsouradeep9985,"Xavier School of Management (XLRI), Jamshedpur",2026-07-03 03:20:10+05:30
679,0.811043,aarushverma2005iitian,"Indian Institute of Technology (IIT), Delhi",2026-07-04 14:03:55+05:30
680,0.810371,mm,"Indian Institute of Technology (IIT), Hyderabad",2026-07-04 03:52:37+05:30
681,0.810271,FinSta,"Indian Institute of Management (IIM), Kozhikode",2026-07-03 01:44:26+05:30
682,0.809743,The Sentinels,"Management Development Institute (MDI), Gurgaon",2026-07-04 03:33:19+05:30
683,0.809486,rohit.kumaryadav26,"Department of Management Studies (DMS), Indian Institute of Technology (IIT), Delhi",2026-07-03 14:12:19+05:30
684,0.809329,KanyaRasi,"Indian Institute of Management (IIM), Kozhikode",2026-07-02 02:50:55+05:30
685,0.808729,Mafias,"Xavier School of Management (XLRI), Jamshedpur",2026-07-04 01:27:11+05:30
686,0.808071,Justise League,"Indian Institute of Management (IIM), Mumbai",2026-07-03 23:21:31+05:30
687,0.807943,sattawanaaditya011,"Indian Institute of Technology (IIT), Kharagpur",2026-07-03 02:19:19+05:30
688,0.807329,adithyasshetty336,"Indian Institute of Management (IIM), Kozhikode",2026-07-04 14:29:15+05:30
689,0.806914,pgp41247,"Indian Institute of Management (IIM), Lucknow",2026-07-03 20:55:06+05:30
690,0.8065,Ace,"Indian Institute of Foreign Trade (IIFT), New Delhi",2026-07-04 20:56:28+05:30
691,0.806,BhatChu,"Indian Institute of Management (IIM), Ahmedabad",2026-07-04 16:28:56+05:30
692,0.8056,mnikhilsai2000,"Faculty of Management Studies (FMS), University of Delhi, New Delhi",2026-06-30 04:14:58+05:30
693,0.805471,xyzzy,"Indian Institute of Technology (IIT), Kharagpur",2026-07-04 18:42:51+05:30
694,0.804986,Pareto optimalists,"Delhi School of Economics (DSE), New Delhi",2026-07-03 19:47:08+05:30
695,0.804529,jahnvikumar3,"Narsee Monjee Institute of Management Studies (NMIMS), Mumbai",2026-07-04 14:03:37+05:30
696,0.804486,pgp25.gokul,"SP Jain Institute of Management and Research (SPJIMR), Mumbai",2026-07-01 18:54:10+05:30
697,0.803871,kabirsirsa14,"Indian Institute of Technology (IIT), Delhi",2026-07-04 01:26:18+05:30
697,0.803871,Unsupervised_Engineer,"Indian Institute of Technology (IIT), Delhi",2026-07-04 02:58:10+05:30
698,0.803757,JAATAN DE PUT,"Indian Institute of Technology (IIT), Madras",2026-07-01 02:29:57+05:30
699,0.803443,3Sigma,"Indian Institute of Management (IIM), Bangalore",2026-07-04 20:44:01+05:30
700,0.803386,Parallax,"Indian Institute of Foreign Trade (IIFT), New Delhi",2026-07-04 20:44:57+05:30
701,0.803171,Falcon Fire,"Indian Institute of Management (IIM), Mumbai",2026-07-02 00:47:37+05:30
702,0.803043,team_dash,"Indian Institute of Technology (IIT), Kanpur",2026-07-04 15:58:47+05:30
703,0.802314,Hellites'28,"Indian Institute of Management (IIM), Lucknow",2026-07-04 18:02:27+05:30
704,0.8022,aashi0064,"Indian Institute of Management (IIM), Lucknow",2026-07-04 11:38:06+05:30
705,0.801871,pgp42142,"Indian Institute of Management (IIM), Lucknow",2026-07-04 16:38:28+05:30
706,0.801857,Strategy Express,"Management Development Institute (MDI), Gurgaon",2026-07-04 20:01:04+05:30
708,0.8015,teamdry,"Indian Institute of Management (IIM), Mumbai",2026-07-02 03:44:51+05:30
709,0.801129,Blitz,"Management Development Institute (MDI), Gurgaon",2026-07-04 00:40:05+05:30
710,0.800543,Profit Architects,"Indian Institute of Foreign Trade (IIFT), New Delhi",2026-07-03 03:08:30+05:30
711,0.799329,Strategic Capital,"Indian Institute of Management (IIM), Kozhikode",2026-07-02 00:40:44+05:30
711,0.799329,N9ne,"Faculty of Management Studies (FMS), University of Delhi, New Delhi",2026-07-03 14:32:50+05:30
712,0.799243,Case Crusader,"Department of Management Studies (DMS), Indian Institute of Technology (IIT), Delhi",2026-07-04 16:47:42+05:30
713,0.799143,anushka.250101344,"Indian Institute of Management (IIM), Mumbai",2026-07-04 16:52:07+05:30
714,0.7989,qwertyhigh3000,"Indian Institute of Management (IIM), Indore",2026-07-04 00:22:24+05:30
715,0.798786,Unstoppables',"Indian Institute of Management (IIM), Kozhikode",2026-07-04 00:26:50+05:30
716,0.798757,ll,"Indian Institute of Technology (IIT), Guwahati",2026-07-04 19:20:34+05:30
717,0.798471,2023mcb1311,"Indian Institute of Technology (IIT), Ropar",2026-07-04 19:06:23+05:30
718,0.798229,LoneBolt,"Indian Institute of Management (IIM), Indore",2026-07-02 15:22:03+05:30
719,0.797757,Crucible,"Indian Institute of Technology (IIT), Guwahati",2026-06-28 12:23:06+05:30
720,0.796743,nk26012005,"Indian Institute of Technology (IIT), Kanpur",2026-07-03 11:34:32+05:30
721,0.796729,v.jani,"Indian Institute of Technology (IIT), Guwahati",2026-07-02 18:04:29+05:30
722,0.796271,Fun Gang,"Indian Institute of Technology (IIT), Kanpur",2026-07-04 16:28:47+05:30
723,0.7962,akshatm24,"Indian Institute of Technology (IIT), Kanpur",2026-07-04 14:03:46+05:30
724,0.795271,SRH,"Indian Institute of Management (IIM), Mumbai",2026-06-30 23:55:12+05:30
725,0.794743,TheFACGreats,"Indian Institute of Technology (IIT), Kanpur",2026-07-02 02:43:33+05:30
726,0.794671,naina the winner,"Indian Institute of Technology (IIT), Delhi",2026-07-03 20:34:31+05:30
727,0.794229,Jokar,"Indian Institute of Management (IIM), Calcutta",2026-06-29 17:27:30+05:30
728,0.794086,Hellites,"Indian Institute of Management (IIM), Lucknow",2026-07-04 14:43:57+05:30
729,0.793729,madhusudan00018,Indira Gandhi Institute of Development Research,2026-06-30 00:19:20+05:30
730,0.793529,mba25anjalia,"Indian Institute of Management (IIM), Kozhikode",2026-07-03 09:18:57+05:30
731,0.792986,Ameer,"SP Jain Institute of Management and Research (SPJIMR), Mumbai",2026-07-04 14:54:05+05:30
732,0.792514,rishig24,"Indian Institute of Technology (IIT), Kanpur",2026-06-29 14:54:59+05:30
733,0.792457,23b0073,"Indian Institute of Technology (IIT), Bombay",2026-07-04 10:23:41+05:30
734,0.792086,Excelsior,"Indian Institute of Management (IIM), Mumbai",2026-07-01 17:28:07+05:30
734,0.792086,Cal Associates,"Indian Institute of Management (IIM), Calcutta",2026-07-04 19:56:23+05:30
735,0.791829,apex,Indira Gandhi Institute of Development Research,2026-06-30 02:56:53+05:30
736,0.791557,generational run,"Indian Institute of Technology (IIT), Mandi",2026-07-03 23:40:20+05:30
737,0.790686,shubham.260101306,"Indian Institute of Management (IIM), Mumbai",2026-07-03 23:23:58+05:30
738,0.790429,pgp41405,"Indian Institute of Management (IIM), Lucknow",2026-07-04 13:46:25+05:30
739,0.790386,Strategic IIMMpact,"Indian Institute of Management (IIM), Mumbai",2026-07-04 12:09:08+05:30
740,0.7902,Koshish_karne_waalo_ki_haar_hoti_hai,"Indian Institute of Technology (IIT), Delhi",2026-07-03 17:38:34+05:30
741,0.789686,Innovation Squad,"Narsee Monjee Institute of Management Studies (NMIMS), Mumbai",2026-07-03 16:56:41+05:30
742,0.789657,alphass,"Narsee Monjee Institute of Management Studies (NMIMS), Mumbai",2026-07-04 01:17:44+05:30
742,0.789657,Amex_Predators,"Shailesh J. Mehta School of Management (SJMSOM), IIT Bombay",2026-07-04 19:55:28+05:30
743,0.789514,Game Theorists,"Xavier School of Management (XLRI), Jamshedpur",2026-07-03 16:43:13+05:30
744,0.789371,OverBrewed,"Xavier School of Management (XLRI), Jamshedpur",2026-06-30 21:07:38+05:30
745,0.788829,nagesh_d,"Indian Institute of Technology (IIT), Roorkee",2026-07-04 11:10:31+05:30
746,0.788129,dsfaujdar,"Indian Institute of Technology (IIT), Kharagpur",2026-06-30 20:59:51+05:30
746,0.788129,wicked,Indira Gandhi Institute of Development Research,2026-06-30 22:18:22+05:30
747,0.787929,ninto,"Indian Institute of Technology (IIT), Mandi",2026-07-03 00:00:47+05:30
748,0.7879,shivam.thakkar.iitkgp,"Vinod Gupta School of Management (VGSoM), Indian Institute of Technology (IIT), Kharagpur",2026-07-04 18:33:08+05:30
749,0.787671,kirankhandu04,"Indian Institute of Technology (IIT), Kanpur",2026-07-03 21:42:43+05:30
750,0.786629,sumanmsc78,"Indian Institute of Technology (IIT), Guwahati",2026-07-04 01:06:22+05:30
751,0.786414,Lions,"Indian Institute of Management (IIM), Kozhikode",2026-07-03 12:50:49+05:30
752,0.786357,The Strategists,"Indian Institute of Management (IIM), Mumbai",2026-07-02 10:17:26+05:30
753,0.786329,tushar.tandon322,"Narsee Monjee Institute of Management Studies (NMIMS), Mumbai",2026-07-03 13:34:50+05:30
754,0.786257,Shot007,"Vinod Gupta School of Management (VGSoM), Indian Institute of Technology (IIT), Kharagpur",2026-06-29 22:41:44+05:30
755,0.786186,Queserasera,"Birla Institute of Technology & Science, Pilani Campus",2026-06-30 00:59:48+05:30
756,0.785786,MSE Bongs,"Madras School of Economics (MSE), Chennai",2026-07-04 13:32:27+05:30
757,0.7857,not_yet,"Indian Institute of Technology (IIT), Indore",2026-06-30 17:13:34+05:30
758,0.785529,bl25002,"Xavier School of Management (XLRI), Jamshedpur",2026-07-02 14:38:17+05:30
759,0.784743,The Nexz Managers,"Indian Institute of Foreign Trade (IIFT), New Delhi",2026-07-01 11:14:54+05:30
760,0.784286,Team Gamma,"Indian Institute of Management (IIM), Mumbai",2026-07-02 01:02:22+05:30
761,0.784114,ACE,"SP Jain Institute of Management and Research (SPJIMR), Mumbai",2026-07-02 22:09:08+05:30
762,0.7839,EXPRESS TO AMEX,"Indian Institute of Foreign Trade (IIFT), New Delhi",2026-07-03 00:30:17+05:30
763,0.783643,Solo Queue,"Indian Institute of Foreign Trade (IIFT), New Delhi",2026-06-30 22:12:08+05:30
764,0.783514,fahad23,"Indian Institute of Technology (IIT), Kanpur",2026-07-02 12:02:29+05:30
765,0.782943,helloiitian2028,"Indian Institute of Technology (IIT), Delhi",2026-07-04 20:03:05+05:30
766,0.782914,Hustlers,"Indian Institute of Management (IIM), Kozhikode",2026-07-03 23:17:26+05:30
767,0.782871,TopIT,"SP Jain Institute of Management and Research (SPJIMR), Mumbai",2026-07-03 00:58:20+05:30
768,0.782843,craft.media.08,"Birla Institute of Technology & Science, Pilani Campus",2026-07-04 18:43:43+05:30
769,0.782657,khemlata.bagaria24,"Indian Institute of Management (IIM), Indore",2026-07-01 20:05:57+05:30
770,0.782414,Pioneers,"Indian Institute of Technology (IIT), Delhi",2026-07-01 03:40:25+05:30
771,0.782386,souryayan.banerjee25,"Indian Institute of Technology (IIT), Kharagpur",2026-07-03 10:21:58+05:30
772,0.7817,Invincibles,"Indian Institute of Foreign Trade (IIFT), New Delhi",2026-07-03 17:52:16+05:30
773,0.781457,krityaniranjan78089,Indian School of Business (ISB),2026-07-04 14:57:00+05:30
774,0.781443,mba25prince,"Indian Institute of Management (IIM), Kozhikode",2026-07-03 11:48:17+05:30
775,0.781414,vasamvinay0309,"Indian Institute of Technology (IIT), Kanpur",2026-07-01 16:43:00+05:30
776,0.781329,akshat_g1,"Indian Institute of Technology (IIT), Roorkee",2026-07-01 16:52:45+05:30
777,0.7811,pgp41030,"Indian Institute of Management (IIM), Lucknow",2026-07-04 17:20:35+05:30
778,0.781086,annepua24,"Indian Institute of Technology (IIT), Kanpur",2026-07-02 03:06:29+05:30
780,0.780571,divyanshksoni,"Indian Institute of Technology, Banaras Hindu University (IIT - BHU)",2026-07-03 18:33:44+05:30
781,0.780529,Chatkgp,"Indian Institute of Technology (IIT), Kharagpur",2026-07-04 18:59:32+05:30
782,0.780514,Apex Strategist,"Indian Institute of Management (IIM), Mumbai",2026-07-02 02:07:45+05:30
783,0.780243,ansh.vardhan.cer23,"Indian Institute of Technology, Banaras Hindu University (IIT - BHU)",2026-07-03 11:24:59+05:30
784,0.7802,The Strategist,"Indian Institute of Technology (IIT), Mandi",2026-07-02 00:57:00+05:30
784,0.7802,Data Maverick,"Indian Institute of Technology (IIT), Mandi",2026-07-04 12:51:20+05:30
785,0.780157,makinwaves,"Indian Institute of Technology (IIT), Kharagpur",2026-07-04 19:37:18+05:30
786,0.779786,AlgoZenithX,"Indian Institute of Technology (IIT), Ropar",2026-07-03 03:25:35+05:30
787,0.7797,helloteam,"Indian Institute of Technology (IIT), Guwahati",2026-07-04 16:33:08+05:30
788,0.779371,bankai575757,"Indian Institute of Technology (IIT), Delhi",2026-07-02 16:00:00+05:30
789,0.779229,Argentina,"Indian Institute of Management (IIM), Indore",2026-07-04 11:45:08+05:30
790,0.779086,abhimanyu.ganguly.che23,"Indian Institute of Technology, Banaras Hindu University (IIT - BHU)",2026-07-02 01:18:36+05:30
791,0.778871,ms931808,"Department of Management Studies (DMS), Indian Institute of Technology (IIT), Delhi",2026-06-30 15:35:41+05:30
791,0.778871,Clean Swipe,"Indian Institute of Management (IIM), Lucknow",2026-07-04 15:00:46+05:30
792,0.778857,Nimbus,"Indian Institute of Management (IIM), Mumbai",2026-07-01 18:47:33+05:30
793,0.778486,Quantizers,"Birla Institute of Technology & Science, Pilani Campus",2026-06-29 20:00:12+05:30
794,0.778314,khajansingh5709,Chennai Mathematical Institute,2026-07-03 00:42:40+05:30
795,0.777757,rubikskube,"Indian Institute of Technology (IIT), Kharagpur",2026-07-03 17:28:05+05:30
796,0.777714,moira,"Indian Institute of Technology (IIT), Roorkee",2026-07-04 09:49:20+05:30
797,0.777686,kedarkanthakk2,"Xavier School of Management (XLRI), Delhi",2026-07-04 00:15:17+05:30
798,0.777671,smn.24,"Indian Institute of Technology (IIT), Kharagpur",2026-07-03 02:06:17+05:30
799,0.777657,prabalpandey2006,"Indian Institute of Management (IIM), Bangalore",2026-07-02 18:09:55+05:30
800,0.777629,Capital Catalysts,"Shailesh J. Mehta School of Management (SJMSOM), IIT Bombay",2026-07-02 02:12:53+05:30
801,0.777557,tegechek,"Birla Institute of Technology & Science, Pilani Campus",2026-07-03 22:44:06+05:30
802,0.777014,Jokars,"Indian Institute of Management (IIM), Calcutta",2026-07-02 18:21:31+05:30
803,0.7765,doctorabby111,"Delhi School of Economics (DSE), New Delhi",2026-07-03 06:50:48+05:30
804,0.776471,Axiom,"Shailesh J. Mehta School of Management (SJMSOM), IIT Bombay",2026-07-04 00:20:21+05:30
805,0.776286,BKB,"Indian Institute of Technology (IIT), Bombay",2026-07-01 19:32:02+05:30
806,0.776086,team zero,"Indian Institute of Management (IIM), Kozhikode",2026-07-03 12:44:47+05:30
807,0.775757,FinCoTech,"Narsee Monjee Institute of Management Studies (NMIMS), Mumbai",2026-07-01 22:31:32+05:30
808,0.775686,AmExceed,"Indian Institute of Foreign Trade (IIFT), New Delhi",2026-07-04 20:55:54+05:30
809,0.774786,yashpatil.bajaj,"Indian Institute of Technology (IIT), Kharagpur",2026-07-04 20:41:48+05:30
810,0.774757,E100,"Indian Institute of Management (IIM), Mumbai",2026-07-04 18:59:01+05:30
811,0.774257,Strategy,"Indian Institute of Management (IIM), Ahmedabad",2026-07-02 11:55:20+05:30
812,0.774214,me24b090,"Indian Institute of Technology (IIT), Madras",2026-06-29 23:16:50+05:30
813,0.774071,Snack overflow,"Management Development Institute (MDI), Gurgaon",2026-07-04 17:12:51+05:30
814,0.7737,Samatva,"Indian Institute of Foreign Trade (IIFT), New Delhi",2026-07-04 02:05:08+05:30
815,0.772971,Capital Edge,"Shailesh J. Mehta School of Management (SJMSOM), IIT Bombay",2026-07-03 22:14:19+05:30
816,0.772929,The Technocrats,"Indian Institute of Foreign Trade (IIFT), New Delhi",2026-07-03 12:46:27+05:30
818,0.772257,Big Three,"Indian Institute of Management (IIM), Mumbai",2026-07-01 00:36:11+05:30
819,0.772143,millennium,"Birla Institute of Technology & Science, Pilani Campus",2026-07-03 14:57:49+05:30
820,0.772029,Phothots,"Indian Institute of Technology (IIT), Kharagpur",2026-07-03 16:52:04+05:30
821,0.770857,maxwell,"Delhi School of Economics (DSE), New Delhi",2026-07-02 11:44:08+05:30
822,0.770586,Best Card Wins,"Department of Management Studies (DMS), Indian Institute of Technology (IIT), Delhi",2026-07-02 23:10:20+05:30
823,0.7705,CardMasters,"SP Jain Institute of Management and Research (SPJIMR), Mumbai",2026-07-04 13:29:21+05:30
824,0.770229,The Titans,"Management Development Institute (MDI), Gurgaon",2026-07-04 06:41:36+05:30
825,0.769614,House Targaryens,"Indian Institute of Technology (IIT), Kanpur",2026-06-30 08:18:00+05:30
826,0.769171,universe7,Indira Gandhi Institute of Development Research,2026-07-02 15:23:16+05:30
827,0.768471,AMEX Stars,"Indian Institute of Technology, Banaras Hindu University (IIT - BHU)",2026-07-03 11:38:52+05:30
828,0.768371,me24b079,"Indian Institute of Technology (IIT), Madras",2026-07-01 03:27:24+05:30
829,0.768071,Aas,"SP Jain Institute of Management and Research (SPJIMR), Mumbai",2026-07-03 22:43:27+05:30
830,0.767743,econ squad,"Department of Management Studies (DMS), Indian Institute of Technology (IIT), Delhi",2026-07-03 05:54:31+05:30
831,0.767457,dheeraj7.online,"Indian Institute of Technology (IIT), Ropar",2026-07-02 23:25:41+05:30
832,0.767314,b25209,"Xavier School of Management (XLRI), Jamshedpur",2026-06-29 14:53:28+05:30
833,0.767286,spidey.soldier.17,"Birla Institute of Technology & Science, Pilani Campus",2026-07-04 20:32:50+05:30
834,0.7663,amx,"Indian Institute of Technology (IIT), Kanpur",2026-07-04 16:39:10+05:30
835,0.766271,emel,"Indian Institute of Technology, Banaras Hindu University (IIT - BHU)",2026-07-02 01:28:20+05:30
836,0.766186,singh.rahul,"Shailesh J. Mehta School of Management (SJMSOM), IIT Bombay",2026-07-04 18:37:46+05:30
837,0.766129,JERRY,"Indian Institute of Technology (IIT), Kharagpur",2026-07-03 00:02:09+05:30
838,0.765286,shahapurenilay2,"Indian Institute of Technology (IIT), Bombay",2026-07-01 09:11:33+05:30
839,0.7652,aj2873913,"Delhi School of Economics (DSE), New Delhi",2026-07-01 10:32:41+05:30
840,0.7648,mba26pradanya,"Indian Institute of Management (IIM), Kozhikode",2026-07-03 20:33:32+05:30
841,0.764429,Team Lumina,"Indian Institute of Technology (IIT), Kanpur",2026-07-03 04:51:54+05:30
842,0.763771,sg,"Indian Institute of Technology (IIT), Delhi",2026-07-03 21:27:13+05:30
843,0.763543,AIMERS-JOKA,"Indian Institute of Management (IIM), Calcutta",2026-07-01 15:00:13+05:30
844,0.7628,saumya.c28,"Faculty of Management Studies (FMS), University of Delhi, New Delhi",2026-07-04 19:45:20+05:30
845,0.762357,ApeX,"Indian Institute of Management (IIM), Lucknow",2026-07-04 04:47:07+05:30
846,0.761643,Porter's_Force,"Indian Institute of Management (IIM), Bangalore",2026-07-04 20:22:58+05:30
847,0.761629,louis_versailles,"Indian Institute of Technology (IIT), Ropar",2026-06-30 21:42:27+05:30
848,0.760514,amexicans,"Indian Institute of Foreign Trade (IIFT), New Delhi",2026-07-03 18:28:47+05:30
849,0.760386,Dhurandhar,"Indian Institute of Management (IIM), Mumbai",2026-07-02 00:16:54+05:30
850,0.760371,cross-entropy,"Indian Institute of Technology (IIT), Guwahati",2026-07-04 02:58:46+05:30
851,0.760343,Anonymous,"Indian Institute of Management (IIM), Mumbai",2026-07-01 13:24:36+05:30
852,0.760171,suneera68,"Indian Institute of Technology (IIT), Kanpur",2026-07-04 18:03:50+05:30
853,0.759743,idrismsb53,"Narsee Monjee Institute of Management Studies (NMIMS), Mumbai",2026-07-04 16:45:35+05:30
854,0.758814,aditya.namdeo.met23,"Indian Institute of Technology, Banaras Hindu University (IIT - BHU)",2026-07-03 21:45:40+05:30
855,0.758657,h25083,"Xavier School of Management (XLRI), Jamshedpur",2026-07-03 23:59:10+05:30
856,0.758229,singhdevansh2021,"Indian Institute of Management (IIM), Mumbai",2026-07-01 21:04:20+05:30
856,0.758229,yuvraj.260101373,"Indian Institute of Management (IIM), Mumbai",2026-07-04 20:44:55+05:30
857,0.758186,f20221097,"Birla Institute of Technology & Science, Pilani Campus",2026-06-30 23:52:59+05:30
858,0.757914,amex_portugal,"Indian Institute of Management (IIM), Lucknow",2026-06-30 15:16:20+05:30
859,0.757571,InsightMx,"Indian Institute of Management (IIM), Mumbai",2026-07-01 23:42:55+05:30
860,0.757014,TechTeam,"Indian Institute of Management (IIM), Indore",2026-06-29 22:00:22+05:30
861,0.7564,Case Crew,"Indian Institute of Technology (IIT), Indore",2026-07-01 19:18:43+05:30
862,0.756243,parvatia_d27,"Indian Institute of Foreign Trade (IIFT), New Delhi",2026-07-02 16:45:37+05:30
863,0.756186,anonymouslearner1808,"Indian Institute of Technology (IIT), Bombay",2026-07-03 21:34:32+05:30
864,0.755743,NOTDVM,"Birla Institute of Technology & Science, Pilani Campus",2026-07-03 00:58:24+05:30
865,0.754929,STRAMEX,"Indian Institute of Technology (IIT), Guwahati",2026-07-02 18:30:56+05:30
866,0.754829,divyang.250101081,"Indian Institute of Management (IIM), Mumbai",2026-07-04 00:13:44+05:30
867,0.7545,souradeep.ghosh23,"Indian Institute of Management (IIM), Bangalore",2026-07-02 17:06:20+05:30
868,0.753714,ishan.250101322,"Indian Institute of Management (IIM), Mumbai",2026-07-04 19:49:41+05:30
869,0.753571,DEVIANTS,"Management Development Institute (MDI), Gurgaon",2026-07-02 20:02:38+05:30
870,0.753386,StratPack,"Indian Institute of Foreign Trade (IIFT), New Delhi",2026-07-02 03:12:08+05:30
871,0.753029,r43068359,"Indian Institute of Management (IIM), Ahmedabad",2026-07-02 20:36:29+05:30
872,0.753,Bchamps,"Indian Institute of Technology (IIT), Bombay",2026-07-03 21:25:37+05:30
873,0.7528,2_Gen,"Indian Institute of Technology (IIT), Madras",2026-06-29 19:28:00+05:30
874,0.752386,pawar.sai,"Indian Institute of Technology (IIT), Guwahati",2026-07-02 05:40:33+05:30
875,0.751743,yoraman31,"Indian Institute of Technology (IIT), Guwahati",2026-07-04 12:46:32+05:30
876,0.751614,pgp41232,"Indian Institute of Management (IIM), Lucknow",2026-07-03 23:25:16+05:30
877,0.7514,Tech Titans,"Indian Institute of Management (IIM), Indore",2026-07-01 14:08:25+05:30
878,0.751271,Credit Where It's Due,"Indian Institute of Technology (IIT), Kanpur",2026-07-01 04:31:28+05:30
879,0.750943,Beyond_Credit,"SP Jain Institute of Management and Research (SPJIMR), Mumbai",2026-07-02 21:49:24+05:30
880,0.7506,meow,"Indian Institute of Technology (IIT), Kanpur",2026-07-03 02:41:05+05:30
881,0.750443,plsgivejob,"Indian Institute of Technology (IIT), Kanpur",2026-07-04 17:09:22+05:30
882,0.750243,AE,"Indian Institute of Technology (IIT), Kharagpur",2026-06-30 01:18:44+05:30
883,0.749686,StrategistS,"Indian Institute of Technology, Banaras Hindu University (IIT - BHU)",2026-07-04 13:41:53+05:30
884,0.749571,p25shashankk,"Indian Institute of Management (IIM), Indore",2026-07-01 21:55:25+05:30
885,0.749029,Zenith scalers,"Management Development Institute (MDI), Gurgaon",2026-07-04 13:26:50+05:30
886,0.749014,pratyushsingh12378,"Indian Institute of Management (IIM), Lucknow",2026-07-04 02:40:11+05:30
887,0.748514,Team Grand Masti,"Indian Institute of Management (IIM), Indore",2026-07-03 08:33:34+05:30
888,0.748357,jeeasp3,"Birla Institute of Technology & Science, Pilani Campus",2026-07-01 16:50:10+05:30
889,0.748257,Wallfacers,"Indian Institute of Technology, Banaras Hindu University (IIT - BHU)",2026-07-04 14:20:21+05:30
890,0.748143,Breaking Cards,"Indian Institute of Technology (IIT), Kanpur",2026-07-01 09:18:51+05:30
891,0.748014,gulab jamun,"Indian Institute of Technology (IIT), Delhi",2026-07-04 15:14:25+05:30
892,0.747714,BoomBoom,"Indian Institute of Technology (IIT), Delhi",2026-07-02 15:19:11+05:30
893,0.747629,Ayyagarlu,"Indian Institute of Technology (IIT), Kanpur",2026-07-02 16:04:20+05:30
894,0.747386,Cascades,"Indian Institute of Foreign Trade (IIFT), New Delhi",2026-07-01 10:50:15+05:30
895,0.746643,culturalboardiitguwahati,"Indian Institute of Technology (IIT), Kharagpur",2026-07-02 22:14:22+05:30
896,0.746386,p25rahulb,"Indian Institute of Management (IIM), Indore",2026-07-02 23:12:00+05:30
897,0.7462,CasecompEnthusiast,"Indian Institute of Management (IIM), Mumbai",2026-07-02 01:54:19+05:30
898,0.745486,angryskull45,"Indian Institute of Technology (IIT), Bombay",2026-07-02 07:04:00+05:30
899,0.7452,GGs,"Indian Institute of Management (IIM), Calcutta",2026-07-04 17:53:03+05:30
900,0.744314,arpitap30,"Indian Institute of Technology (IIT), Kharagpur",2026-07-03 10:21:16+05:30
901,0.744014,Cadence,"Indian Institute of Management (IIM), Mumbai",2026-07-03 00:25:22+05:30
902,0.743229,roadstairpath,"Indian Institute of Technology (IIT), Bombay",2026-07-02 04:57:19+05:30
903,0.743029,Roorkians,"Indian Institute of Technology (IIT), Roorkee",2026-07-02 04:34:19+05:30
904,0.742743,Mech_Algo,"Indian Institute of Management (IIM), Mumbai",2026-07-01 13:49:43+05:30
905,0.742586,dev1,"Indian Institute of Technology (IIT), Bombay",2026-07-02 08:16:04+05:30
906,0.742314,aaryankumar97199,"Indian Institute of Technology (IIT), Kanpur",2026-07-04 20:52:51+05:30
907,0.741857,Centurion,"Indian Institute of Management (IIM), Mumbai",2026-07-03 17:25:45+05:30
908,0.741686,shouryangas,"Indian Institute of Management (IIM), Mumbai",2026-07-01 16:01:21+05:30
909,0.740657,Sameer,"Indian Institute of Technology (IIT), Hyderabad",2026-07-04 13:33:04+05:30
910,0.740443,los pollos hermanos,"Indian Institute of Technology (IIT), Madras",2026-07-03 00:05:46+05:30
911,0.740429,Wolhaiksong,"Xavier School of Management (XLRI), Delhi",2026-07-04 01:03:44+05:30
912,0.739314,Team Strat,"Indian Institute of Management (IIM), Lucknow",2026-07-03 17:18:14+05:30
913,0.738757,Big Bull Capital,"Indian Institute of Management (IIM), Kozhikode",2026-07-03 00:04:46+05:30
914,0.738586,kannadigaru,"Indian Institute of Management (IIM), Kozhikode",2026-07-04 15:19:29+05:30
915,0.738357,kansheo12,"Birla Institute of Technology & Science, Pilani Campus",2026-07-02 22:06:37+05:30
916,0.738129,VanGuard,"Indian Institute of Management (IIM), Lucknow",2026-07-04 19:25:58+05:30
917,0.738057,varad.260102165,"Indian Institute of Management (IIM), Mumbai",2026-07-02 00:22:07+05:30
918,0.737686,dekhoNaGuys,"Indian Institute of Technology (IIT), Delhi",2026-07-02 05:55:38+05:30
918,0.737686,prath,"Indian Institute of Technology (IIT), Kanpur",2026-07-02 07:16:30+05:30
919,0.7362,DD,"Indian Institute of Technology (IIT), Kanpur",2026-07-04 19:08:57+05:30
920,0.7359,Credit,"Narsee Monjee Institute of Management Studies (NMIMS), Mumbai",2026-07-04 15:25:03+05:30
921,0.735643,The Concept Crew,"Indian Institute of Foreign Trade (IIFT), New Delhi",2026-07-03 20:42:46+05:30
922,0.735457,Cardashians,"SP Jain Institute of Management and Research (SPJIMR), Mumbai",2026-07-01 17:15:30+05:30
923,0.735057,Horizon Hunters,"Indian Institute of Management (IIM), Mumbai",2026-07-02 03:54:03+05:30
924,0.734929,kale.shreya.010,"Indian Institute of Management (IIM), Mumbai",2026-07-03 18:49:00+05:30
925,0.734857,AmW,"Indian Institute of Technology (IIT), Hyderabad",2026-07-04 20:55:09+05:30
926,0.734571,Synapse,"Indian Institute of Foreign Trade (IIFT), New Delhi",2026-07-03 17:08:53+05:30
927,0.734414,Innovation Instigators,"Indian Institute of Management (IIM), Kozhikode",2026-07-01 21:08:18+05:30
928,0.7343,Team Centurion,"Indian Institute of Management (IIM), Lucknow",2026-06-30 17:24:22+05:30
929,0.733914,NexGen Payments,"Narsee Monjee Institute of Management Studies (NMIMS), Mumbai",2026-07-03 11:43:09+05:30
930,0.733857,crackers,"Indian Institute of Technology (IIT), Guwahati",2026-07-04 01:26:34+05:30
931,0.7338,House of Profits,"Indian Institute of Foreign Trade (IIFT), New Delhi",2026-07-04 09:27:44+05:30
932,0.7336,BITS Pilani,"Birla Institute of Technology & Science, Pilani Campus",2026-07-02 19:55:28+05:30
933,0.733314,vaibhavk.3108,"Indian Institute of Technology (IIT), Guwahati",2026-07-02 07:37:14+05:30
934,0.733086,Amexed,"Indian Institute of Management (IIM), Mumbai",2026-06-30 22:14:16+05:30
934,0.733086,Team Rangers,"Indian Institute of Technology, Banaras Hindu University (IIT - BHU)",2026-07-03 07:45:48+05:30
935,0.732957,agrawal313001,"Indian Institute of Technology (IIT), Kanpur",2026-07-04 20:52:48+05:30
936,0.732886,nothinbros,"Indian Institute of Technology (IIT), Bombay",2026-07-02 02:49:06+05:30
937,0.732814,terw935,Xavier School of Management (XLRI),2026-07-04 20:35:04+05:30
938,0.732714,new,"Indian Institute of Technology (IIT), Kharagpur",2026-06-30 19:23:56+05:30
939,0.7325,narangshiv2,"Indian Institute of Technology (IIT), Bombay",2026-06-28 17:46:47+05:30
940,0.732429,productivecloud22,"Birla Institute of Technology & Science, Pilani Campus",2026-07-01 12:48:48+05:30
941,0.731986,Folded,"Indian Institute of Technology (IIT), Kharagpur",2026-06-30 03:21:31+05:30
942,0.731829,kishan.gupta.cd.mat22,"Indian Institute of Technology, Banaras Hindu University (IIT - BHU)",2026-07-03 18:34:00+05:30
943,0.7318,Wizards,"Indian Institute of Technology (IIT), Kanpur",2026-07-04 01:27:23+05:30
944,0.731786,hedwig,"Birla Institute of Technology & Science, Pilani Campus",2026-07-04 16:26:00+05:30
945,0.731729,ayushrai23,"Indian Institute of Technology (IIT), Kanpur",2026-07-03 16:22:02+05:30
946,0.730829,BackEnd,"Indian Institute of Management (IIM), Mumbai",2026-07-04 19:16:00+05:30
947,0.730814,sangharshverma15,"Indian Institute of Technology, Banaras Hindu University (IIT - BHU)",2026-07-03 18:48:40+05:30
948,0.730214,Profit Signal,"Management Development Institute (MDI), Gurgaon",2026-07-02 00:44:39+05:30
949,0.729886,me1231001,"Indian Institute of Technology (IIT), Delhi",2026-07-02 15:21:20+05:30
950,0.729714,Experts,"Indian Institute of Technology (IIT), Guwahati",2026-07-02 11:09:14+05:30
951,0.7294,Dream Team,"Indian Institute of Management (IIM), Kozhikode",2026-07-03 00:34:17+05:30
952,0.728843,Team Rocket,"Indian Institute of Management (IIM), Kozhikode",2026-07-01 22:43:08+05:30
953,0.728543,Data Dynamos,"Indian Institute of Management (IIM), Kozhikode",2026-07-04 00:48:48+05:30
954,0.728214,samaltman,"Indian Institute of Technology (IIT), Delhi",2026-07-03 13:39:18+05:30
955,0.728171,Tres Leches,"Indian Institute of Foreign Trade (IIFT), New Delhi",2026-07-02 18:41:49+05:30
956,0.727414,darshansonawane,"Indian Institute of Technology (IIT), Bombay",2026-07-01 11:06:22+05:30
957,0.727029,StratExplorers,"Narsee Monjee Institute of Management Studies (NMIMS), Mumbai",2026-07-03 22:40:48+05:30
958,0.7267,Token Tribe,"Xavier School of Management (XLRI), Delhi",2026-07-02 11:59:02+05:30
959,0.726043,xyz,"Indian Institute of Management (IIM), Mumbai",2026-07-03 14:42:56+05:30
960,0.725486,lesgoo,"Indian Institute of Technology (IIT), Roorkee",2026-07-04 19:25:45+05:30
961,0.724886,hello,"Indian Institute of Technology (IIT), Kanpur",2026-07-04 15:56:31+05:30
962,0.723543,mba25raghavn,"Indian Institute of Management (IIM), Kozhikode",2026-07-04 03:27:49+05:30
963,0.722829,chelsea,"Indian Institute of Technology, Banaras Hindu University (IIT - BHU)",2026-07-02 22:53:22+05:30
964,0.721871,cardneeded,"Indian Institute of Technology (IIT), Guwahati",2026-07-01 18:12:24+05:30
965,0.721743,samihash51213,"Indian Institute of Foreign Trade (IIFT), New Delhi",2026-06-30 03:29:40+05:30
966,0.720229,ankitp24,"Indian Institute of Technology (IIT), Kanpur",2026-07-04 18:19:07+05:30
967,0.719514,Blue Box Citadel,"Indian Institute of Foreign Trade (IIFT), New Delhi",2026-07-03 18:21:20+05:30
968,0.7193,Decoding_Pattens,"Indian Institute of Technology (IIT), Kharagpur",2026-07-03 23:03:15+05:30
969,0.719057,Ben Yahu's Disciples,"Indian Institute of Technology (IIT), Kharagpur",2026-07-03 14:44:56+05:30
970,0.718729,fin25sai,"Indian Institute of Management (IIM), Kozhikode",2026-07-03 14:51:37+05:30
971,0.718614,torturedsoulssociety,"Delhi School of Economics (DSE), New Delhi",2026-07-04 19:39:54+05:30
972,0.717957,ep24b008,"Indian Institute of Technology (IIT), Madras",2026-07-04 04:34:23+05:30
973,0.7171,Jadi,"Indian Institute of Technology (IIT), Madras",2026-07-01 15:32:35+05:30
974,0.7146,_excellence,"Birla Institute of Technology & Science, Pilani Campus",2026-07-01 17:22:02+05:30
975,0.714257,ekas.babbar,"Indian Institute of Technology (IIT), Guwahati",2026-07-04 03:28:33+05:30
975,0.714257,nhi_hora,"Indian Institute of Technology (IIT), Ropar",2026-07-04 19:21:00+05:30
976,0.7138,AMex,"Indian Institute of Technology (IIT), Kharagpur",2026-06-29 08:54:42+05:30
977,0.713571,Pragmatix_IIMM,"Indian Institute of Management (IIM), Mumbai",2026-06-30 03:43:25+05:30
978,0.711686,babeayya,"Indian Institute of Management (IIM), Kozhikode",2026-06-29 09:27:19+05:30
979,0.711443,deekshab25,"Indian Institute of Technology (IIT), Kanpur",2026-07-01 00:14:04+05:30
980,0.7103,FoidSlayers,"Birla Institute of Technology & Science, Pilani Campus",2026-07-01 21:36:18+05:30
981,0.710214,Python,"Indian Institute of Technology (IIT), Kanpur",2026-07-04 01:36:27+05:30
982,0.708143,MoodyBlues,"Indian Institute of Management (IIM), Indore",2026-07-04 11:45:17+05:30
983,0.708057,CoderVerse,"Indian Institute of Technology, Banaras Hindu University (IIT - BHU)",2026-07-03 16:23:13+05:30
984,0.707071,ch7240625,"Indian Institute of Technology (IIT), Delhi",2026-07-04 10:51:40+05:30
985,0.706529,Graduate,"Delhi School of Economics (DSE), New Delhi",2026-07-01 13:59:54+05:30
986,0.706371,jatin.sharma.cd.civ22,"Indian Institute of Technology, Banaras Hindu University (IIT - BHU)",2026-07-04 19:59:37+05:30
987,0.706129,Vinamratha,"Indian Institute of Technology (IIT), Madras",2026-07-04 00:34:25+05:30
988,0.7052,ee23btech11204,"Indian Institute of Technology (IIT), Hyderabad",2026-07-04 14:29:34+05:30
989,0.704786,Black Cats,"Indian Institute of Management (IIM), Kozhikode",2026-07-02 15:50:53+05:30
990,0.704143,beingAnujChaudhary,"Indian Institute of Technology (IIT), Madras",2026-06-28 18:33:27+05:30
991,0.703171,The fighters,"Vinod Gupta School of Management (VGSoM), Indian Institute of Technology (IIT), Kharagpur",2026-07-02 17:36:30+05:30
992,0.703,Leopards,"Indian Institute of Management (IIM), Mumbai",2026-07-04 01:12:43+05:30
993,0.702829,vansh.agarwal.bce22,"Indian Institute of Technology, Banaras Hindu University (IIT - BHU)",2026-07-04 11:43:01+05:30
994,0.702786,GG,"SP Jain Institute of Management and Research (SPJIMR), Mumbai",2026-07-02 01:19:48+05:30
995,0.702529,A team has no name,"Narsee Monjee Institute of Management Studies (NMIMS), Mumbai",2026-07-03 18:23:20+05:30
996,0.702314,Tap to win,"Indian Institute of Management (IIM), Mumbai",2026-07-01 02:52:52+05:30
997,0.700443,Pranshu,"Indian Institute of Technology, Indian School of Mines (IIT ISM), Dhanbad",2026-07-04 09:46:55+05:30
998,0.700371,Exeptionoids,"Indian Institute of Management (IIM), Lucknow",2026-07-04 03:21:27+05:30
999,0.700271,anaykhamparia5,"Indian Institute of Technology, Banaras Hindu University (IIT - BHU)",2026-07-03 23:30:38+05:30
1000,0.699643,A Team Has No Name,"Shailesh J. Mehta School of Management (SJMSOM), IIT Bombay",2026-07-02 15:14:33+05:30
1001,0.699386,I am God,"Indian Institute of Management (IIM), Lucknow",2026-07-04 19:35:13+05:30
1002,0.698343,abm22033,"Indian Institute of Management (IIM), Lucknow",2026-07-04 17:36:06+05:30
1003,0.6977,stratX,"Indian Institute of Management (IIM), Mumbai",2026-07-04 11:50:30+05:30
1004,0.697071,Future-eng,"Indian Institute of Technology (IIT), Roorkee",2026-07-03 21:18:49+05:30
1005,0.696686,shristiagarwal1906,"Indian Institute of Foreign Trade (IIFT), New Delhi",2026-07-04 12:13:31+05:30
1006,0.696243,V,"Indian Institute of Management (IIM), Calcutta",2026-06-30 01:22:01+05:30
1007,0.695671,TechT,"Indian Institute of Management (IIM), Indore",2026-06-29 20:57:06+05:30
1008,0.695286,BeyondBox,"Indian Institute of Technology (IIT), Guwahati",2026-07-04 17:16:28+05:30
1009,0.694457,Triad,"Narsee Monjee Institute of Management Studies (NMIMS), Mumbai",2026-07-03 10:46:12+05:30
1010,0.6925,antrakashyap.cc,"Shailesh J. Mehta School of Management (SJMSOM), IIT Bombay",2026-07-04 15:23:23+05:30
1011,0.691043,optimizer,"Management Development Institute (MDI), Gurgaon",2026-07-02 00:29:55+05:30
1012,0.691,Vertex,"Shailesh J. Mehta School of Management (SJMSOM), IIT Bombay",2026-07-04 20:12:55+05:30
1013,0.6902,ankitan25,"Indian Institute of Technology (IIT), Kanpur",2026-06-30 21:12:11+05:30
1014,0.689957,Brainwave,"Indian Institute of Technology (IIT), Roorkee",2026-07-03 12:52:59+05:30
1015,0.6899,pgp25.meet,"SP Jain Institute of Management and Research (SPJIMR), Mumbai",2026-07-03 22:36:56+05:30
1015,0.6899,adishsk24,"Indian Institute of Technology (IIT), Kanpur",2026-07-04 19:09:08+05:30
1016,0.689486,chaitanaymittal,Indian School of Business (ISB),2026-06-28 19:28:01+05:30
1017,0.687386,pgp41214,"Indian Institute of Management (IIM), Lucknow",2026-07-04 01:03:19+05:30
1018,0.687371,The Profit Express,"Indian Institute of Management (IIM), Calcutta",2026-07-04 02:43:23+05:30
1019,0.687314,Goal Diggers,"Xavier School of Management (XLRI), Delhi",2026-07-04 11:40:22+05:30
1020,0.684757,23je0514,"Indian Institute of Technology, Indian School of Mines (IIT ISM), Dhanbad",2026-07-03 23:33:07+05:30
1021,0.684429,me240003048,"Indian Institute of Technology (IIT), Indore",2026-07-04 12:47:49+05:30
1022,0.6844,yashashwi.singhania.bce23,"Indian Institute of Technology, Banaras Hindu University (IIT - BHU)",2026-06-28 00:21:27+05:30
1023,0.6827,sarthakkumarmaiti.24,"Indian Institute of Technology (IIT), Kharagpur",2026-07-01 18:51:32+05:30
1024,0.680929,23b0642,"Indian Institute of Technology (IIT), Bombay",2026-07-04 14:15:15+05:30
1025,0.678071,piggy,"Indian Institute of Technology (IIT), Roorkee",2026-06-30 23:59:00+05:30
1026,0.677329,Himalayan ThinkTank,"Indian Institute of Management (IIM), Mumbai",2026-07-03 15:05:38+05:30
1027,0.674786,geminifree6292,"Birla Institute of Technology & Science, Pilani Campus",2026-07-01 03:52:10+05:30
1028,0.674414,varadpendse.vp,"Indian Institute of Technology (IIT), Indore",2026-07-02 22:25:42+05:30
1029,0.6726,Strategists,"Indian Institute of Management (IIM), Bangalore",2026-07-04 15:38:38+05:30
1030,0.672386,BlueFace,"Indian Institute of Management (IIM), Calcutta",2026-07-02 03:31:34+05:30
1031,0.672129,pgp41176,"Indian Institute of Management (IIM), Lucknow",2026-07-04 02:47:45+05:30
1032,0.671329,aman pal,"Indian Institute of Technology (IIT), Kanpur",2026-07-04 20:31:26+05:30
1033,0.670786,Strat1,"Shailesh J. Mehta School of Management (SJMSOM), IIT Bombay",2026-07-01 21:12:16+05:30
1034,0.669971,Stratos,"Indian Institute of Foreign Trade (IIFT), New Delhi",2026-07-02 15:51:47+05:30
1035,0.6699,AMEX,"Indian Institute of Technology (IIT), Guwahati",2026-07-01 15:53:49+05:30
1036,0.669543,chandraveer.singh.civ23,"Indian Institute of Technology, Banaras Hindu University (IIT - BHU)",2026-07-03 16:29:39+05:30
1037,0.668957,Losing state,"Indian Institute of Technology (IIT), Kanpur",2026-07-04 16:42:54+05:30
1038,0.668929,aayein,"Indian Institute of Technology, Indian School of Mines (IIT ISM), Dhanbad",2026-07-03 09:58:36+05:30
1039,0.668829,cardinalX,"Indian Institute of Technology, Indian School of Mines (IIT ISM), Dhanbad",2026-07-03 22:27:13+05:30
1040,0.6684,Growth Architect,"Shailesh J. Mehta School of Management (SJMSOM), IIT Bombay",2026-06-30 16:57:31+05:30
1040,0.6684,American Ninjas,"Indian Institute of Technology (IIT), Delhi",2026-06-30 21:21:26+05:30
1040,0.6684,Jokar,"Indian Institute of Technology (IIT), Kharagpur",2026-07-02 14:23:58+05:30
1040,0.6684,absolutely20sofficial,"Indian Institute of Technology (IIT), Delhi",2026-07-03 12:12:13+05:30
1040,0.6684,Geralt,Indira Gandhi Institute of Development Research,2026-07-04 18:04:51+05:30
1041,0.668286,Quartz,"Indian Institute of Management (IIM), Mumbai",2026-07-04 20:08:51+05:30
1042,0.668257,b25172,"Xavier School of Management (XLRI), Jamshedpur",2026-06-29 01:28:56+05:30
1043,0.668014,Kuroi Getsuga,"Narsee Monjee Institute of Management Studies (NMIMS), Mumbai",2026-07-04 17:47:56+05:30
1044,0.667714,Hehehe,"Indian Institute of Technology (IIT), Roorkee",2026-07-04 16:03:03+05:30
1045,0.666286,f20240748,"Birla Institute of Technology & Science, Pilani Campus",2026-07-02 19:18:35+05:30
1046,0.666071,sahil.sarekh.mec23,"Indian Institute of Technology, Banaras Hindu University (IIT - BHU)",2026-07-04 15:18:37+05:30
1047,0.665786,http 404,"Indian Institute of Technology (IIT), Guwahati",2026-07-03 19:46:17+05:30
1048,0.665614,Amex Winners,"Indian Institute of Management (IIM), Mumbai",2026-07-03 19:08:06+05:30
1049,0.6653,rajiv.ratan.260101251,"Indian Institute of Management (IIM), Mumbai",2026-07-02 00:21:55+05:30
1050,0.665029,ssaharshyadav,"Indian Institute of Technology (IIT), Madras",2026-07-04 12:09:28+05:30
1051,0.664743,agastya.anand012,"Narsee Monjee Institute of Management Studies (NMIMS), Mumbai",2026-07-04 16:24:10+05:30
1052,0.664514,Pivot,"Indian Institute of Technology, Banaras Hindu University (IIT - BHU)",2026-06-30 11:33:50+05:30
1053,0.6625,Hel(L) 2.0,"Indian Institute of Management (IIM), Lucknow",2026-07-04 14:00:59+05:30
1054,0.662486,GUPCHUP,Indira Gandhi Institute of Development Research,2026-07-04 16:51:03+05:30
1055,0.6623,PSP Strategy,"Indian Institute of Technology, Indian School of Mines (IIT ISM), Dhanbad",2026-07-03 18:46:32+05:30
1056,0.661671,Shivasquad,"Indian Institute of Management (IIM), Bangalore",2026-07-04 20:43:21+05:30
1057,0.661186,pranshu.jais1810,"Indian Institute of Technology (IIT), Kharagpur",2026-07-03 15:54:28+05:30
1058,0.660386,Angen Ghatram,"Indian Institute of Technology, Indian School of Mines (IIT ISM), Dhanbad",2026-07-04 15:14:41+05:30
1059,0.659614,Safex,"Narsee Monjee Institute of Management Studies (NMIMS), Mumbai",2026-06-29 11:37:50+05:30
1060,0.659386,Xtra,"Indian Institute of Management (IIM), Indore",2026-07-04 01:12:12+05:30
1061,0.658614,Conquerors,"Management Development Institute (MDI), Gurgaon",2026-06-30 03:03:57+05:30
1062,0.6586,DataDriven,"Indian Institute of Management (IIM), Lucknow",2026-07-03 21:49:18+05:30
1063,0.658429,amitk82345,"Indian Institute of Technology (IIT), Kanpur",2026-07-04 11:33:29+05:30
1064,0.6583,"Visca Barça, Visca Catalunya","Indian Institute of Technology (IIT), Kanpur",2026-07-04 02:10:53+05:30
1065,0.656857,Kuchh bhi,"Indian Institute of Technology, Indian School of Mines (IIT ISM), Dhanbad",2026-07-04 16:09:41+05:30
1066,0.656843,24je0268,"Indian Institute of Technology, Indian School of Mines (IIT ISM), Dhanbad",2026-07-04 14:15:07+05:30
1067,0.655486,saketsharma707,"Indian Institute of Technology (IIT), Roorkee",2026-07-02 20:04:12+05:30
1068,0.6552,3mates,"Indian Institute of Technology (IIT), Kanpur",2026-07-03 23:46:43+05:30
1069,0.654171,logN,"Indian Institute of Technology (IIT), Kharagpur",2026-07-02 17:37:07+05:30
1069,0.654171,bigdihgng,"Indian Institute of Technology (IIT), Kanpur",2026-07-04 20:28:53+05:30
1070,0.6541,Echon,"Management Development Institute (MDI), Gurgaon",2026-07-04 00:16:40+05:30
1071,0.653829,raunak.chandra15,"Indian Institute of Management (IIM), Lucknow",2026-07-03 22:54:03+05:30
1072,0.653329,ModernIcecream,"Indian Institute of Management (IIM), Indore",2026-07-03 04:35:40+05:30
1073,0.653286,IIMK_Musketeers,"Indian Institute of Management (IIM), Kozhikode",2026-07-04 15:59:02+05:30
1074,0.652857,AlgoApex,"Indian Institute of Technology (IIT), Ropar",2026-07-02 23:54:31+05:30
1075,0.652629,f20220685,"Birla Institute of Technology & Science, Pilani Campus",2026-06-30 01:16:08+05:30
1076,0.652557,AMEX_CAPITAL,"Indian Institute of Technology (IIT), Bombay",2026-07-04 13:01:56+05:30
1077,0.651329,Platinum Standard,"Indian Institute of Management (IIM), Mumbai",2026-07-04 13:42:25+05:30
1078,0.6501,Solo Levelling,"Indian Institute of Technology (IIT), Ropar",2026-07-04 20:52:04+05:30
1079,0.649886,dharm_s,"Indian Institute of Technology (IIT), Roorkee",2026-06-29 23:57:33+05:30
1079,0.649886,Tesla,"Department of Management Studies (DoMS), Indian Institute of Technology (IIT), Madras",2026-07-02 22:35:42+05:30
1080,0.648486,Strategists,"Management Development Institute (MDI), Gurgaon",2026-07-03 12:40:49+05:30
1081,0.648257,abhishekt25,"Indian Institute of Technology (IIT), Kanpur",2026-06-30 00:23:57+05:30
1082,0.647443,OutThinkers,"Indian Institute of Management (IIM), Indore",2026-07-04 20:38:31+05:30
1083,0.647057,SIX,"Indian Institute of Management (IIM), Mumbai",2026-07-03 16:41:50+05:30
1084,0.646729,Medellin,"Birla Institute of Technology & Science, Pilani Campus",2026-06-30 23:39:44+05:30
1085,0.6467,pgp41336,"Indian Institute of Management (IIM), Lucknow",2026-07-04 15:46:38+05:30
1086,0.645114,Amexwins,"Indian Institute of Management (IIM), Ahmedabad",2026-07-03 16:54:53+05:30
1087,0.643786,throwawaymail19012,"Indian Institute of Foreign Trade (IIFT), New Delhi",2026-07-04 18:45:00+05:30
1088,0.643443,aartemis174,"Shailesh J. Mehta School of Management (SJMSOM), IIT Bombay",2026-07-02 20:16:40+05:30
1089,0.643357,Dilli 6,"Indian Institute of Management (IIM), Mumbai",2026-07-03 12:20:08+05:30
1090,0.643229,b.mahath123,"Indian Institute of Technology (IIT), Kanpur",2026-07-04 14:43:38+05:30
1091,0.6427,SUS,"Indian Institute of Technology (IIT), Kharagpur",2026-07-04 11:13:40+05:30
1092,0.642329,SapnevsEveryone,"Indian Institute of Management (IIM), Mumbai",2026-06-30 00:43:52+05:30
1093,0.641871,biztech,"Indian Institute of Management (IIM), Lucknow",2026-07-04 14:54:02+05:30
1094,0.641543,team_name,"Indian Institute of Management (IIM), Mumbai",2026-07-03 03:07:46+05:30
1095,0.641443,Marvel,"Indian Institute of Management (IIM), Bangalore",2026-06-28 11:26:33+05:30
1096,0.640957,AA,"Department of Management Studies (DoMS), Indian Institute of Technology (IIT), Madras",2026-07-04 20:58:31+05:30
1097,0.638914,ayushi.260101068,"Indian Institute of Management (IIM), Mumbai",2026-07-03 15:31:24+05:30
1098,0.638757,INCEPTION,"Indian Institute of Technology (IIT), Hyderabad",2026-07-04 13:39:54+05:30
1099,0.636429,Indian express,"Indian Institute of Management (IIM), Lucknow",2026-07-04 12:34:14+05:30
1100,0.636371,ashutoshmehta0007,"SP Jain Institute of Management and Research (SPJIMR), Mumbai",2026-07-03 23:48:32+05:30
1101,0.636214,tt1230164,"Indian Institute of Technology (IIT), Delhi",2026-07-04 19:45:28+05:30
1102,0.636057,JattBande,"Indian Institute of Technology, Banaras Hindu University (IIT - BHU)",2026-07-02 22:23:03+05:30
1103,0.635929,mb25028,"Indian Institute of Technology (IIT), Mandi",2026-07-03 17:23:17+05:30
1104,0.634871,madh321,"Indian Institute of Management (IIM), Lucknow",2026-07-02 14:01:56+05:30
1105,0.6348,amex_dash,"Indian Institute of Technology, Banaras Hindu University (IIT - BHU)",2026-06-29 16:12:50+05:30
1106,0.634371,Amexers,"Xavier School of Management (XLRI), Jamshedpur",2026-07-04 00:54:21+05:30
1107,0.633857,FromHel(L),"Indian Institute of Management (IIM), Lucknow",2026-07-03 23:23:12+05:30
1108,0.633643,sudhanshu.yadav.chy22,"Indian Institute of Technology, Banaras Hindu University (IIT - BHU)",2026-06-30 14:59:15+05:30
1109,0.6332,Apex,"Management Development Institute (MDI), Gurgaon",2026-07-03 23:44:42+05:30
1110,0.632814,Profit seekers,"Indian Institute of Technology (IIT), Madras",2026-07-03 16:00:07+05:30
1111,0.6325,ai24btech11028,"Indian Institute of Technology (IIT), Hyderabad",2026-07-03 21:22:06+05:30
1112,0.6323,StratEdge,"Indian Institute of Management (IIM), Mumbai",2026-07-03 18:56:36+05:30
1113,0.632243,The Underwriters,"Management Development Institute (MDI), Gurgaon",2026-07-02 16:14:18+05:30
1114,0.632086,Young Blood,"Xavier School of Management (XLRI), Delhi",2026-07-04 17:28:40+05:30
1115,0.631514,Tpc rider,"Indian Institute of Technology, Banaras Hindu University (IIT - BHU)",2026-07-04 05:09:24+05:30
1116,0.631471,ch24b013,"Indian Institute of Technology (IIT), Madras",2026-07-03 11:23:44+05:30
1117,0.628271,Credit Cartel,"Indian Institute of Management (IIM), Mumbai",2026-06-30 23:47:41+05:30
1118,0.627786,Vertex,"Indian Institute of Management (IIM), Mumbai",2026-07-04 14:49:54+05:30
1119,0.627471,srishtijay08,"Indian Institute of Management (IIM), Calcutta",2026-07-03 01:46:08+05:30
1120,0.626086,kuch bhi,"Indian Institute of Technology (IIT), Guwahati",2026-07-02 14:12:09+05:30
1121,0.626043,The Achievers,"Indian Institute of Management (IIM), Mumbai",2026-07-02 00:26:25+05:30
1122,0.626,harsh_k,"Indian Institute of Technology (IIT), Roorkee",2026-07-03 07:26:58+05:30
1123,0.624957,phoenicdevil,"Indian Institute of Management (IIM), Indore",2026-07-02 00:24:43+05:30
1124,0.6239,kshitijjain355,"Narsee Monjee Institute of Management Studies (NMIMS), Mumbai",2026-07-03 18:00:19+05:30
1125,0.623471,Amexians,"Indian Institute of Technology (IIT), Bombay",2026-07-04 13:30:01+05:30
1126,0.623029,bssai24,"Indian Institute of Technology (IIT), Kanpur",2026-07-04 15:17:56+05:30
1127,0.621486,24je0567,"Indian Institute of Technology, Indian School of Mines (IIT ISM), Dhanbad",2026-07-03 19:21:05+05:30
1128,0.621271,Alpha Numeric,"SP Jain Institute of Management and Research (SPJIMR), Mumbai",2026-07-04 20:40:47+05:30
1129,0.6201,Quantix,"Indian Institute of Technology (IIT), Guwahati",2026-07-03 01:25:56+05:30
1130,0.619657,ee3240635,"Indian Institute of Technology (IIT), Delhi",2026-06-28 02:23:04+05:30
1131,0.618586,kulcha,"Indian Institute of Technology (IIT), Guwahati",2026-07-01 03:48:35+05:30
1132,0.618343,sus,"Indian Institute of Technology (IIT), Guwahati",2026-07-01 00:11:15+05:30
1133,0.6165,Spend Sense,"Indian Institute of Foreign Trade (IIFT), New Delhi",2026-06-30 01:48:32+05:30
1134,0.616343,Comeback,"Indian Institute of Technology (IIT), Indore",2026-07-04 20:17:11+05:30
1135,0.615757,harshbiradar89,"Indian Institute of Management (IIM), Mumbai",2026-07-02 15:42:42+05:30
1136,0.614743,Team Size: 1,"Indian Institute of Technology (IIT), Guwahati",2026-07-02 05:20:54+05:30
1137,0.614371,Boardroom Brigade,"Indian Institute of Management (IIM), Mumbai",2026-07-01 21:07:28+05:30
1138,0.614014,sumang.pal.mec22,"Indian Institute of Technology, Banaras Hindu University (IIT - BHU)",2026-07-02 14:28:05+05:30
1139,0.612743,karankchhn86320,"Indian Institute of Technology (IIT), Kanpur",2026-07-04 17:28:52+05:30
1140,0.6126,Main Character,"Indian Institute of Technology (IIT), Guwahati",2026-07-04 19:47:03+05:30
1141,0.612171,dhananjay_y,"Indian Institute of Technology (IIT), Roorkee",2026-07-03 00:24:35+05:30
1142,0.611771,sumit.dutiyachand.cer22,"Indian Institute of Technology, Banaras Hindu University (IIT - BHU)",2026-07-04 19:04:56+05:30
1143,0.611314,ProblemSolvers,"Shailesh J. Mehta School of Management (SJMSOM), IIT Bombay",2026-06-29 19:35:34+05:30
1144,0.611086,suyog701b,"Indian Institute of Management (IIM), Ahmedabad",2026-07-01 17:56:27+05:30
1144,0.611086,jaspreet1022.js,"Indian Institute of Management (IIM), Calcutta",2026-07-02 11:28:50+05:30
1145,0.610629,Beyond the Swipe,"Indian Institute of Foreign Trade (IIFT), New Delhi",2026-07-02 20:17:08+05:30
1146,0.610429,25msceco014,Indira Gandhi Institute of Development Research,2026-07-03 08:20:35+05:30
1147,0.609343,Lessgo,"Indian Institute of Technology (IIT), Guwahati",2026-07-04 15:27:09+05:30
1148,0.608586,Stratsquad,"Birla Institute of Technology & Science, Pilani Campus",2026-07-02 11:49:33+05:30
1149,0.607471,Framework Factory,"Narsee Monjee Institute of Management Studies (NMIMS), Mumbai",2026-06-29 13:32:10+05:30
1150,0.606771,Delta,"Management Development Institute (MDI), Gurgaon",2026-07-02 00:44:43+05:30
1151,0.606229,a.turvi,"Indian Institute of Technology (IIT), Guwahati",2026-07-01 03:23:51+05:30
1152,0.606114,Just Messi-ng about,"Indian Institute of Management (IIM), Lucknow",2026-07-04 15:55:36+05:30
1153,0.606,WireFrame,"Indian Institute of Technology (IIT), Ropar",2026-07-04 20:13:23+05:30
1154,0.605571,shivanshs2027,"Indian Institute of Management (IIM), Calcutta",2026-07-02 15:42:13+05:30
1155,0.605343,2023csb1115,"Indian Institute of Technology (IIT), Ropar",2026-07-03 12:28:47+05:30
1156,0.605229,dogeysquad.cmsgo,"Indian Institute of Management (IIM), Lucknow",2026-07-03 16:13:02+05:30
1157,0.605057,dummy,"Indian Institute of Technology (IIT), Kanpur",2026-07-02 12:21:41+05:30
1158,0.604814,mishtibansal6,"Narsee Monjee Institute of Management Studies (NMIMS), Mumbai",2026-07-04 19:47:05+05:30
1159,0.604714,Cardlytics,"Indian Institute of Foreign Trade (IIFT), New Delhi",2026-06-29 05:29:44+05:30
1160,0.604457,wakka wakka,"Indian Institute of Technology (IIT), Roorkee",2026-07-04 01:42:06+05:30
1161,0.604286,pgp42466,"Indian Institute of Management (IIM), Lucknow",2026-07-03 22:16:36+05:30
1162,0.604157,Apex,"Indian Institute of Foreign Trade (IIFT), New Delhi",2026-07-04 02:05:31+05:30
1163,0.6041,ed22b083,"Indian Institute of Technology (IIT), Madras",2026-07-01 15:33:33+05:30
1164,0.603986,mba25amrita,"Indian Institute of Management (IIM), Kozhikode",2026-07-03 20:46:01+05:30
1165,0.603929,mba25gayathri,"Indian Institute of Management (IIM), Kozhikode",2026-06-28 20:28:00+05:30
1166,0.603571,Kachow,"Indian Institute of Technology, Banaras Hindu University (IIT - BHU)",2026-06-29 16:55:18+05:30
1167,0.603543,the losser,"Indian Institute of Technology (IIT), Guwahati",2026-07-02 07:16:20+05:30
1168,0.603357,Kasukabe Defence Force,"Indian Institute of Technology, Banaras Hindu University (IIT - BHU)",2026-07-04 20:52:00+05:30
1169,0.603243,Black Bulls,"Indian Institute of Technology (IIT), Guwahati",2026-06-30 09:17:17+05:30
1170,0.603143,DataEX,"Indian Institute of Technology (IIT), Kharagpur",2026-07-03 08:20:26+05:30
1171,0.602929,Revengers,"Indian Institute of Technology (IIT), Roorkee",2026-07-04 17:20:44+05:30
1172,0.602629,srishtijay0825,"Indian Institute of Technology (IIT), Kharagpur",2026-07-01 22:31:13+05:30
1173,0.602586,TheIterators,"Management Development Institute (MDI), Gurgaon",2026-06-29 00:56:47+05:30
1174,0.602314,sp4618886,"Indian Institute of Technology (IIT), Roorkee",2026-07-04 19:44:49+05:30
1175,0.6013,SDG,"Indian Institute of Management (IIM), Mumbai",2026-07-02 14:52:56+05:30
1176,0.6008,Willow,"Indian Institute of Foreign Trade (IIFT), New Delhi",2026-07-04 11:08:11+05:30
1177,0.6002,The Strategic Trio,"Xavier School of Management (XLRI), Delhi",2026-07-03 22:38:39+05:30
1178,0.599957,akshathprabhu2005,"Birla Institute of Technology & Science, Pilani Campus",2026-07-03 23:21:48+05:30
1179,0.598986,LazyLad,"Indian Institute of Technology (IIT), Madras",2026-07-03 08:41:09+05:30
1180,0.598229,f20240656,"Birla Institute of Technology & Science, Pilani Campus",2026-07-04 18:40:53+05:30
1181,0.597686,atharva5804,"Birla Institute of Technology & Science, Pilani Campus",2026-07-01 17:28:50+05:30
1182,0.5974,Team Genesis,"Birla Institute of Technology & Science, Pilani Campus",2026-06-29 13:42:11+05:30
1183,0.597129,legen-waitforit-daryTeam,"Indian Institute of Technology (IIT), Kharagpur",2026-07-04 18:26:50+05:30
1184,0.596271,bluff masters,"Indian Institute of Technology (IIT), Guwahati",2026-07-01 16:26:08+05:30
1185,0.594757,Excelerate,"SP Jain Institute of Management and Research (SPJIMR), Mumbai",2026-07-04 20:39:44+05:30
1186,0.5944,maikyubtau,"Indian Institute of Technology (IIT), Guwahati",2026-07-04 17:11:50+05:30
1187,0.5935,Mavericks,"Indian Institute of Management (IIM), Mumbai",2026-07-04 02:53:23+05:30
1188,0.592329,preethbera,"Indian Institute of Technology (IIT), Kharagpur",2026-07-02 17:35:41+05:30
1189,0.592271,dungala.neeraj,"Indian Institute of Technology (IIT), Guwahati",2026-06-26 23:31:17+05:30
1190,0.590814,touchSomeGrass,"Indian Institute of Technology (IIT), Guwahati",2026-07-04 17:48:07+05:30
1191,0.590443,Hell Warriors,"Indian Institute of Management (IIM), Lucknow",2026-06-30 23:27:56+05:30
1192,0.590357,pgp41410,"Indian Institute of Management (IIM), Lucknow",2026-07-02 23:43:56+05:30
1193,0.590114,Brighton & Hove Albion,"Indian Institute of Foreign Trade (IIFT), New Delhi",2026-06-30 19:17:41+05:30
1194,0.589914,rix,"Indian Institute of Technology (IIT), Hyderabad",2026-07-04 17:47:47+05:30
1195,0.589057,Sapiens,"Department of Management Studies (DMS), Indian Institute of Technology (IIT), Delhi",2026-07-01 19:52:54+05:30
1196,0.588914,anshulve.25,"Indian Institute of Technology (IIT), Roorkee",2026-07-02 22:58:34+05:30
1197,0.588786,notonmywatch001,"Birla Institute of Technology & Science, Pilani Campus",2026-07-03 22:26:45+05:30
1198,0.588729,Justthree,"Indian Institute of Technology (IIT), Kharagpur",2026-07-04 08:30:55+05:30
1199,0.5882,architagarwal2103,"Indian Institute of Technology (IIT), Kanpur",2026-07-03 18:58:20+05:30
1200,0.587257,horizon,"Indian Institute of Technology (IIT), Kharagpur",2026-06-30 23:43:04+05:30
1201,0.586929,pgp42422,"Indian Institute of Management (IIM), Lucknow",2026-07-03 00:38:22+05:30
1202,0.586671,GpDon,"Indian Institute of Management (IIM), Bangalore",2026-07-01 01:56:26+05:30
1203,0.5862,STRATX,"Indian Institute of Technology, Banaras Hindu University (IIT - BHU)",2026-07-01 17:03:43+05:30
1204,0.586043,Ivory,"Indian Institute of Management (IIM), Mumbai",2026-07-01 18:24:48+05:30
1205,0.5858,spAM,"SP Jain Institute of Management and Research (SPJIMR), Mumbai",2026-06-30 23:58:28+05:30
1206,0.585657,anal,"Indian Institute of Technology (IIT), Delhi",2026-06-27 16:20:20+05:30
1207,0.585543,lakshya.raj042,"Indian Institute of Technology (IIT), Kharagpur",2026-07-02 22:51:45+05:30
1208,0.585186,INEX,"Indian Institute of Technology (IIT), Mandi",2026-07-03 15:29:27+05:30
1209,0.584957,amex,"Indian Institute of Management (IIM), Mumbai",2026-06-30 00:48:47+05:30
1210,0.584729,isb123,Indian School of Business (ISB),2026-07-04 17:20:26+05:30
1211,0.583743,The winnerss,"Indian Institute of Technology (IIT), Bombay",2026-07-02 06:15:27+05:30
1212,0.583714,Impact,"Department of Management Studies (DMS), Indian Institute of Technology (IIT), Delhi",2026-06-30 20:04:19+05:30
1213,0.583357,Brahmazz,"Indian Institute of Technology (IIT), Guwahati",2026-07-03 23:56:47+05:30
1214,0.582757,aditya.varma.mec22,"Indian Institute of Technology, Banaras Hindu University (IIT - BHU)",2026-07-03 18:32:12+05:30
1215,0.582229,botinterpreter,"Indian Institute of Management (IIM), Indore",2026-07-03 02:35:12+05:30
1216,0.582214,Indoor People,"Indian Institute of Management (IIM), Indore",2026-07-03 20:34:07+05:30
1217,0.581957,swipe right,"Indian Institute of Management (IIM), Kozhikode",2026-07-03 23:38:16+05:30
1218,0.5814,B&B,"Indian Institute of Technology, Banaras Hindu University (IIT - BHU)",2026-07-02 14:45:42+05:30
1219,0.581086,Tech Support,"Indian Institute of Technology (IIT), Guwahati",2026-07-04 03:28:47+05:30
1220,0.5809,Capt. LeX IuanoV,"Indian Institute of Technology, Banaras Hindu University (IIT - BHU)",2026-07-01 15:04:30+05:30
1221,0.580671,m.shivansh,"Indian Institute of Technology (IIT), Guwahati",2026-06-28 13:50:27+05:30
1222,0.580543,navaneethan.250101161,"Indian Institute of Management (IIM), Mumbai",2026-07-04 16:51:22+05:30
1223,0.580057,null_hypothesis,"Indian Institute of Technology (IIT), Kharagpur",2026-07-03 03:16:32+05:30
1224,0.5789,Amigos,Indian School of Business (ISB),2026-06-30 03:06:37+05:30
1225,0.578757,DMK,"Narsee Monjee Institute of Management Studies (NMIMS), Mumbai",2026-07-02 09:50:32+05:30
1226,0.578729,Smart Swipe,"Shailesh J. Mehta School of Management (SJMSOM), IIT Bombay",2026-07-03 19:41:45+05:30
1227,0.577871,pgp25.shayon,"SP Jain Institute of Management and Research (SPJIMR), Mumbai",2026-07-03 18:00:21+05:30
1228,0.576971,swagatambhattacherjee,"Indian Institute of Technology (IIT), Guwahati",2026-07-01 00:42:39+05:30
1229,0.576771,The Brown Scale,"Indian Institute of Technology (IIT), Madras",2026-07-01 14:51:16+05:30
1230,0.576657,s.yedukrishnan,"Shailesh J. Mehta School of Management (SJMSOM), IIT Bombay",2026-07-04 19:40:41+05:30
1231,0.576471,SigmaStrategists,"Narsee Monjee Institute of Management Studies (NMIMS), Mumbai",2026-06-29 15:53:16+05:30
1231,0.576471,Trifecta,"Indian Institute of Foreign Trade (IIFT), New Delhi",2026-07-03 16:29:13+05:30
1232,0.576271,AmEx Perts,"Indian Institute of Foreign Trade (IIFT), New Delhi",2026-07-01 14:07:13+05:30
1233,0.576014,ch23b109,"Indian Institute of Technology (IIT), Madras",2026-07-02 15:02:39+05:30
1234,0.575514,SWorn,"Birla Institute of Technology & Science, Pilani Campus",2026-06-29 23:16:33+05:30
1235,0.575371,prasanna.rathi30,"Indian Institute of Management (IIM), Lucknow",2026-07-03 17:00:23+05:30
1236,0.574986,IEL Generators,"Indian Institute of Technology (IIT), Kanpur",2026-07-03 23:13:38+05:30
1237,0.5742,Error 404,"Indian Institute of Management (IIM), Calcutta",2026-07-04 18:06:33+05:30
1238,0.574086,Team 33,"Indian Institute of Technology (IIT), Guwahati",2026-07-01 03:15:57+05:30
1239,0.573914,The Cardinals,"Narsee Monjee Institute of Management Studies (NMIMS), Mumbai",2026-07-03 13:13:05+05:30
1240,0.573229,ABC,"Indian Institute of Management (IIM), Mumbai",2026-07-04 16:35:20+05:30
1241,0.572929,Extractor31,"Indian Institute of Technology (IIT), Kharagpur",2026-06-29 23:49:25+05:30
1242,0.572843,MSE,"Madras School of Economics (MSE), Chennai",2026-07-03 21:42:59+05:30
1243,0.572771,team synergy,"Indian Institute of Management (IIM), Mumbai",2026-07-01 21:26:03+05:30
1244,0.572214,Brainstormers,"Shailesh J. Mehta School of Management (SJMSOM), IIT Bombay",2026-07-03 23:35:50+05:30
1245,0.571071,f20240627,"Birla Institute of Technology & Science, Pilani Campus",2026-07-04 14:53:49+05:30
1246,0.570729,paritosh.taose051,"Narsee Monjee Institute of Management Studies (NMIMS), Mumbai",2026-07-01 13:12:16+05:30
1247,0.5704,neelikaveri3,"Indian Institute of Technology (IIT), Indore",2026-06-30 14:29:41+05:30
1248,0.569957,Lonerzz,"Indian Institute of Technology (IIT), Kanpur",2026-07-03 15:11:19+05:30
1249,0.569757,anushikasingh306,"Department of Management Studies (DMS), Indian Institute of Technology (IIT), Delhi",2026-07-04 17:48:34+05:30
1250,0.5692,SAMple Set,"Indian Institute of Foreign Trade (IIFT), New Delhi",2026-07-03 11:04:02+05:30
1251,0.568171,Blue Ledger,"Indian Institute of Foreign Trade (IIFT), New Delhi",2026-06-30 02:09:40+05:30
1252,0.567071,Strategic Saviours,"Indian Institute of Management (IIM), Mumbai",2026-07-03 13:39:21+05:30
1253,0.566943,shaadsamiha,"Vinod Gupta School of Management (VGSoM), Indian Institute of Technology (IIT), Kharagpur",2026-06-29 03:13:39+05:30
1254,0.566614,ms25a076,"Department of Management Studies (DoMS), Indian Institute of Technology (IIT), Madras",2026-07-03 15:17:20+05:30
1255,0.566343,chaditya5986,"Indian Institute of Management (IIM), Kozhikode",2026-07-02 02:15:03+05:30
1256,0.566157,Explorers,"Indian Institute of Technology (IIT), Kanpur",2026-07-04 16:03:32+05:30
1257,0.5655,shloku2028,"Indian Institute of Management (IIM), Calcutta",2026-07-04 03:38:30+05:30
1258,0.565343,Andaz Apna Apna,"Indian Institute of Technology (IIT), Kanpur",2026-07-04 18:19:12+05:30
1259,0.565157,hbounty774,"Indian Institute of Technology (IIT), Kanpur",2026-07-04 19:10:39+05:30
1260,0.565029,Hhh,"Indian Institute of Technology (IIT), Guwahati",2026-07-02 03:00:16+05:30
1261,0.564629,m.mahalakshmi.0611,"Indian Institute of Management (IIM), Kozhikode",2026-07-04 17:28:51+05:30
1262,0.564314,MacNCheese,"Indian Institute of Technology, Banaras Hindu University (IIT - BHU)",2026-06-30 23:11:29+05:30
1263,0.5637,bijkaloia,"Delhi School of Economics (DSE), New Delhi",2026-06-30 21:35:14+05:30
1264,0.5629,Integen,"Indian Institute of Technology, Banaras Hindu University (IIT - BHU)",2026-06-30 00:09:35+05:30
1265,0.562671,Manchester United,"Department of Management Studies (DMS), Indian Institute of Technology (IIT), Delhi",2026-07-04 05:56:44+05:30
1266,0.562029,srishtijba2027,"Indian Institute of Management (IIM), Calcutta",2026-06-29 15:03:03+05:30
1267,0.561829,24msceco41,"Delhi School of Economics (DSE), New Delhi",2026-06-30 20:31:23+05:30
1268,0.561643,nphk1609,"Indian Institute of Technology (IIT), Guwahati",2026-07-01 18:24:33+05:30
1269,0.560943,volt6869,"Indian Institute of Management (IIM), Lucknow",2026-07-03 11:57:51+05:30
1270,0.560543,aparnapanwar1605,"Indian Institute of Foreign Trade (IIFT), New Delhi",2026-07-04 00:37:12+05:30
1271,0.5604,ch25btech11041,"Indian Institute of Technology (IIT), Hyderabad",2026-07-01 15:07:42+05:30
1272,0.560357,Nexus,"Indian Institute of Management (IIM), Kozhikode",2026-07-04 13:25:08+05:30
1273,0.560171,akashrathi2005,"Indian Institute of Technology (IIT), Kanpur",2026-07-04 15:18:51+05:30
1274,0.560157,Tech Titans,"Indian Institute of Management (IIM), Mumbai",2026-07-02 10:59:48+05:30
1275,0.5596,shreekrushna_k,"Indian Institute of Technology (IIT), Roorkee",2026-07-01 15:12:39+05:30
1276,0.558871,kriti12thakur,"Faculty of Management Studies (FMS), University of Delhi, New Delhi",2026-06-30 19:15:18+05:30
1277,0.5586,me2231096,"Indian Institute of Technology (IIT), Delhi",2026-07-03 20:56:58+05:30
1278,0.558414,Madras Express,"Indian Institute of Technology (IIT), Madras",2026-06-27 01:13:15+05:30
1279,0.5584,Insufficient Funds,"Indian Institute of Technology (IIT), Delhi",2026-07-02 05:15:24+05:30
1280,0.558029,Team Northstar,"Xavier School of Management (XLRI), Jamshedpur",2026-07-01 22:27:00+05:30
1281,0.556871,Poseidon,"Indian Institute of Foreign Trade (IIFT), New Delhi",2026-07-03 08:02:07+05:30
1282,0.556286,mba25netra,"Indian Institute of Management (IIM), Kozhikode",2026-07-02 18:43:53+05:30
1283,0.555714,RajaJi,"Indian Institute of Technology (IIT), Kharagpur",2026-07-04 14:00:06+05:30
1284,0.554729,YoYo,Chennai Mathematical Institute,2026-07-03 23:34:58+05:30
1285,0.553786,Khayega Kela,"Indian Institute of Technology, Indian School of Mines (IIT ISM), Dhanbad",2026-07-04 17:56:46+05:30
1286,0.5536,Team_Rocket,"Indian Institute of Technology (IIT), Delhi",2026-07-03 05:06:36+05:30
1287,0.553557,Team Apex,"Faculty of Management Studies (FMS), University of Delhi, New Delhi",2026-07-03 10:05:20+05:30
1288,0.553414,K means,"Indian Institute of Technology (IIT), Guwahati",2026-07-04 19:15:41+05:30
1289,0.553257,_,"Indian Institute of Management (IIM), Bangalore",2026-07-01 19:57:41+05:30
1290,0.5532,kapil.saradhna.phe24,"Indian Institute of Technology, Banaras Hindu University (IIT - BHU)",2026-07-01 17:28:52+05:30
1291,0.553014,pgp25.rudraksh,"SP Jain Institute of Management and Research (SPJIMR), Mumbai",2026-07-02 13:33:06+05:30
1292,0.5528,StratEdge,"Indian Institute of Technology (IIT), Mandi",2026-07-03 11:04:01+05:30
1293,0.552571,UnkownX,"Indian Institute of Technology (IIT), Delhi",2026-07-01 19:55:30+05:30
1294,0.551914,Piro,"Indian Institute of Technology (IIT), Kanpur",2026-06-29 20:05:16+05:30
1295,0.551871,ACEDS,"Indian Institute of Technology, Banaras Hindu University (IIT - BHU)",2026-07-02 03:33:28+05:30
1296,0.551543,khushi.jainth.civ23,"Indian Institute of Technology, Banaras Hindu University (IIT - BHU)",2026-06-27 18:31:10+05:30
1297,0.551386,evagoel2210,"Indian Institute of Foreign Trade (IIFT), New Delhi",2026-06-29 12:28:51+05:30
1298,0.5512,Bhondu consulting group(BCG),"Indian Institute of Technology, Indian School of Mines (IIT ISM), Dhanbad",2026-07-02 18:02:16+05:30
1299,0.550643,ApxGp,"Indian Institute of Management (IIM), Mumbai",2026-07-01 11:40:39+05:30
1300,0.550071,Arnav,"Indian Institute of Technology (IIT), Roorkee",2026-06-30 11:03:25+05:30
1301,0.549257,mandalabhiraj04,"Indian Institute of Technology (IIT), Guwahati",2026-07-04 12:12:13+05:30
1302,0.549143,Swipe to Conquer,"SP Jain Institute of Management and Research (SPJIMR), Mumbai",2026-07-03 14:52:46+05:30
1303,0.549029,Aars,"Indian Institute of Technology (IIT), Guwahati",2026-07-04 11:04:29+05:30
1304,0.548786,udaykalyansreenivasa,"Indian Institute of Technology (IIT), Kharagpur",2026-07-02 23:36:22+05:30
1305,0.5487,mba26vishnupriya,"Indian Institute of Management (IIM), Kozhikode",2026-07-01 22:56:58+05:30
1306,0.548657,riya_d27,"Indian Institute of Foreign Trade (IIFT), New Delhi",2026-07-01 17:44:06+05:30
1306,0.548657,Hacker_06,"Indian Institute of Technology (IIT), Indore",2026-07-04 01:00:49+05:30
1306,0.548657,ch7241094,"Indian Institute of Technology (IIT), Delhi",2026-07-04 14:19:44+05:30
1307,0.548571,American_tybw,"Indian Institute of Technology, Indian School of Mines (IIT ISM), Dhanbad",2026-07-04 20:32:35+05:30
1308,0.548471,anushikhabhogiya165,"Indian Institute of Technology (IIT), Kanpur",2026-07-01 14:59:15+05:30
1309,0.548357,trishaa2028,"Indian Institute of Management (IIM), Calcutta",2026-07-04 20:51:14+05:30
1310,0.547729,3 Vidhayak,"Xavier School of Management (XLRI), Delhi",2026-06-28 17:17:10+05:30
1311,0.547329,premier peeps,"Indian Institute of Management (IIM), Mumbai",2026-07-01 21:58:54+05:30
1312,0.546957,smit.260101310,"Indian Institute of Management (IIM), Mumbai",2026-07-02 05:34:38+05:30
1313,0.546929,Absolute Values,"Indian Institute of Management (IIM), Mumbai",2026-07-01 23:03:35+05:30
1314,0.546814,Apex,"Indian Institute of Management (IIM), Calcutta",2026-07-04 20:04:37+05:30
1315,0.546614,Business Geeks,"Shailesh J. Mehta School of Management (SJMSOM), IIT Bombay",2026-07-04 17:01:57+05:30
1316,0.546586,24f1002049,"Indian Institute of Technology (IIT), Madras",2026-07-01 17:17:25+05:30
1317,0.546314,siyatinna463,"Indian Institute of Management (IIM), Indore",2026-07-04 02:18:05+05:30
1318,0.5462,samyak.jain016,"Narsee Monjee Institute of Management Studies (NMIMS), Mumbai",2026-07-01 08:41:52+05:30
1319,0.545614,Card Track,"Indian Institute of Management (IIM), Lucknow",2026-07-04 18:23:36+05:30
1320,0.545343,shyams2027,"Indian Institute of Management (IIM), Calcutta",2026-07-01 02:35:23+05:30
1321,0.545114,isaraswat.98,"Indian Institute of Management (IIM), Lucknow",2026-07-04 17:00:57+05:30
1322,0.5443,Invincible,"Indian Institute of Management (IIM), Lucknow",2026-07-04 20:35:41+05:30
1323,0.544171,rupam1.24,"Indian Institute of Technology (IIT), Kharagpur",2026-07-03 21:28:34+05:30
1324,0.543871,drishtymainani4,"Indian Institute of Management (IIM), Indore",2026-06-29 18:44:47+05:30
1325,0.543486,Mephisto,"Indian Institute of Foreign Trade (IIFT), New Delhi",2026-07-04 11:56:21+05:30
1326,0.543414,MOEC Audi,Indian School of Business (ISB),2026-07-04 03:47:05+05:30
1327,0.543143,23je0187,"Indian Institute of Technology, Indian School of Mines (IIT ISM), Dhanbad",2026-07-03 21:34:46+05:30
1328,0.542357,sathvik.260101281,"Indian Institute of Management (IIM), Mumbai",2026-06-29 23:05:27+05:30
1329,0.542286,M3,"Indian Institute of Management (IIM), Mumbai",2026-06-30 12:24:21+05:30
1330,0.542071,RandomVariable,"Indian Institute of Technology (IIT), Guwahati",2026-07-02 11:27:59+05:30
1331,0.541771,IITians,"Indian Institute of Technology (IIT), Kanpur",2026-06-28 10:46:47+05:30
1332,0.541643,som.amex,"Shailesh J. Mehta School of Management (SJMSOM), IIT Bombay",2026-07-03 16:18:38+05:30
1333,0.541271,Zenith,"Indian Institute of Technology, Banaras Hindu University (IIT - BHU)",2026-07-01 23:07:16+05:30
1334,0.5408,23je0198,"Indian Institute of Technology, Indian School of Mines (IIT ISM), Dhanbad",2026-07-03 21:22:54+05:30
1335,0.540629,pgp26.mridul,"SP Jain Institute of Management and Research (SPJIMR), Mumbai",2026-07-04 18:12:12+05:30
1336,0.5402,Maverick,Xavier School of Management (XLRI),2026-07-04 16:39:24+05:30
1337,0.539971,Stratex,"Indian Institute of Foreign Trade (IIFT), New Delhi",2026-07-04 16:47:18+05:30
1338,0.539857,Strategy Trackers,"Indian Institute of Technology (IIT), Kanpur",2026-07-02 16:10:03+05:30
1339,0.5397,D.U.A,"Narsee Monjee Institute of Management Studies (NMIMS), Mumbai",2026-07-04 20:16:53+05:30
1340,0.5394,Onyx Strategy,"Shailesh J. Mehta School of Management (SJMSOM), IIT Bombay",2026-07-03 14:14:28+05:30
1341,0.538986,vaishnavisheoran1,"Indian Institute of Technology (IIT), Mandi",2026-07-02 20:08:06+05:30
1342,0.538771,Team_IITK,"Indian Institute of Technology (IIT), Kanpur",2026-07-04 02:23:12+05:30
1343,0.5384,FireBall,"Indian Institute of Technology (IIT), Kharagpur",2026-07-02 23:34:30+05:30
1344,0.538114,The Blue Box Strategy,"SP Jain Institute of Management and Research (SPJIMR), Mumbai",2026-07-04 03:56:15+05:30
1345,0.538,The Profit Duo,"Indian Institute of Foreign Trade (IIFT), New Delhi",2026-07-01 01:04:41+05:30
1346,0.537571,ScaleUp,"Indian Institute of Foreign Trade (IIFT), New Delhi",2026-07-02 01:07:01+05:30
1347,0.537457,stars,"Indian Institute of Technology (IIT), Indore",2026-06-28 12:46:15+05:30
1348,0.5371,sirisharaj05,Chennai Mathematical Institute,2026-07-01 23:41:05+05:30
1349,0.536557,Kairos,"Indian Institute of Foreign Trade (IIFT), New Delhi",2026-07-03 23:20:51+05:30
1350,0.536186,adityasgh23,"Indian Institute of Technology (IIT), Kanpur",2026-07-03 23:49:02+05:30
1351,0.535957,dragon,"Indian Institute of Management (IIM), Bangalore",2026-07-01 09:28:27+05:30
1352,0.535843,emamaislam14,"Indian Institute of Management (IIM), Kozhikode",2026-07-04 12:15:49+05:30
1353,0.535686,Outliers,"Indian Institute of Technology (IIT), Kharagpur",2026-07-04 11:08:05+05:30
1354,0.535614,samp231004,"Indian Institute of Management (IIM), Mumbai",2026-07-03 14:07:50+05:30
1355,0.534771,Hustlers,"Indian Institute of Management (IIM), Indore",2026-06-28 11:09:10+05:30
1356,0.534329,Amravati Express,"Indian Institute of Technology (IIT), Madras",2026-06-30 17:33:13+05:30
1357,0.533729,Boardroom Bound,Indian School of Business (ISB),2026-07-04 01:23:06+05:30
1358,0.533629,Route 1850,"Indian Institute of Management (IIM), Mumbai",2026-06-30 18:37:15+05:30
1359,0.532643,varshinigiri,Indian School of Business (ISB),2026-07-04 20:10:25+05:30
1360,0.532371,NeuralFlow,"Indian Institute of Management (IIM), Lucknow",2026-07-02 00:58:44+05:30
1361,0.532086,Achievers,"Narsee Monjee Institute of Management Studies (NMIMS), Mumbai",2026-07-04 17:49:34+05:30
1362,0.531986,StratWizards,"Indian Institute of Foreign Trade (IIFT), New Delhi",2026-06-30 01:55:59+05:30
1363,0.531929,A-Max,"Indian Institute of Management (IIM), Lucknow",2026-07-03 21:57:55+05:30
1364,0.531243,Band4Band,"SP Jain Institute of Management and Research (SPJIMR), Mumbai",2026-07-04 18:29:22+05:30
1365,0.531086,Team casanova,"Indian Institute of Management (IIM), Mumbai",2026-06-30 17:39:16+05:30
1366,0.530229,future proof,"Indian Institute of Technology (IIT), Kanpur",2026-07-04 19:15:06+05:30
1367,0.529957,Phoenix,"Indian Institute of Management (IIM), Lucknow",2026-07-04 11:41:11+05:30
1368,0.529471,Spam,"Indian Institute of Management (IIM), Kozhikode",2026-07-01 23:46:16+05:30
1369,0.5294,kanpur ki baddies,"Indian Institute of Technology (IIT), Kanpur",2026-07-03 15:13:56+05:30
1370,0.529114,The_Strategist,"Indian Institute of Management (IIM), Bangalore",2026-07-01 23:23:20+05:30
1371,0.5284,adarsh22chauhan,"Indian Institute of Technology (IIT), Guwahati",2026-07-02 17:13:26+05:30
1372,0.526886,lenschangekrdo,"Indian Institute of Technology (IIT), Kharagpur",2026-06-28 18:25:26+05:30
1373,0.526571,creatorclub66,"Indian Institute of Management (IIM), Ahmedabad",2026-07-02 00:03:17+05:30
1374,0.526371,Charlie,"Indian Institute of Foreign Trade (IIFT), New Delhi",2026-07-02 19:45:32+05:30
1376,0.525329,krishmesariya13,"Indian Institute of Technology (IIT), Kanpur",2026-06-30 02:35:23+05:30
1377,0.5252,bansalradhika0902,"Indian Institute of Technology (IIT), Bombay",2026-06-29 16:30:28+05:30
1378,0.5247,StratX,"Indian Institute of Management (IIM), Mumbai",2026-07-03 14:52:02+05:30
1379,0.524043,cs24btech11036,"Indian Institute of Technology (IIT), Hyderabad",2026-06-29 21:17:22+05:30
1380,0.523686,PanicMode,"Indian Institute of Management (IIM), Bangalore",2026-07-04 15:32:16+05:30
1381,0.523414,SirReymannIsBored,"Indian Institute of Technology (IIT), Bombay",2026-07-04 11:41:24+05:30
1382,0.523057,Pragmatix,"Indian Institute of Management (IIM), Mumbai",2026-07-01 10:30:12+05:30
1383,0.522429,SOAP,"Indian Institute of Management (IIM), Mumbai",2026-07-01 14:51:58+05:30
1384,0.522386,Case Crafters,"Indian Institute of Management (IIM), Mumbai",2026-07-03 12:20:01+05:30
1385,0.522,vraj62023,"Indian Institute of Technology (IIT), Kharagpur",2026-07-03 21:06:17+05:30
1386,0.521986,Poatan,"Indian Institute of Foreign Trade (IIFT), New Delhi",2026-07-02 17:21:22+05:30
1387,0.520914,sra is the best,"Indian Institute of Technology, Indian School of Mines (IIT ISM), Dhanbad",2026-07-03 23:38:53+05:30
1388,0.520643,D-School Rangers,"Delhi School of Economics (DSE), New Delhi",2026-07-04 17:10:38+05:30
1389,0.520443,backbenchers,Indira Gandhi Institute of Development Research,2026-06-30 23:36:29+05:30
1390,0.5194,Timepass,"Indian Institute of Technology, Indian School of Mines (IIT ISM), Dhanbad",2026-06-30 20:32:04+05:30
1391,0.519057,Trinetra,"Indian Institute of Technology (IIT), Indore",2026-07-04 13:42:33+05:30
1392,0.518343,more.ananda,"Indian Institute of Technology (IIT), Guwahati",2026-07-02 23:51:49+05:30
1393,0.518243,Americano,"Xavier School of Management (XLRI), Jamshedpur",2026-06-30 03:37:36+05:30
1393,0.518243,Syltherin,"Narsee Monjee Institute of Management Studies (NMIMS), Mumbai",2026-07-03 19:06:20+05:30
1394,0.518229,PVP MBA 26,"Indian Institute of Management (IIM), Mumbai",2026-07-02 16:37:29+05:30
1395,0.517957,whatjusthappened,"Indian Institute of Technology (IIT), Guwahati",2026-07-02 15:49:34+05:30
1396,0.517214,siddharth_c1,"Indian Institute of Technology (IIT), Roorkee",2026-06-29 23:13:02+05:30
1397,0.516529,Beyond numbers!,"Indian Institute of Management (IIM), Mumbai",2026-07-02 00:01:02+05:30
1397,0.516529,Alpha Zero,"Faculty of Management Studies (FMS), University of Delhi, New Delhi",2026-07-02 02:18:12+05:30
1398,0.516114,Decision Architects,"Indian Institute of Foreign Trade (IIFT), New Delhi",2026-07-03 13:49:36+05:30
1399,0.516,s.vatsalya,"Indian Institute of Technology (IIT), Guwahati",2026-07-01 22:16:05+05:30
1400,0.515729,FCB,"Vinod Gupta School of Management (VGSoM), Indian Institute of Technology (IIT), Kharagpur",2026-07-03 23:32:02+05:30
1401,0.514743,saketkumarsingh,"Indian Institute of Technology (IIT), Kharagpur",2026-07-03 10:59:03+05:30
1402,0.514529,Frontrunners,"Management Development Institute (MDI), Gurgaon",2026-07-04 13:55:50+05:30
1403,0.514071,Kaizen,"Indian Institute of Foreign Trade (IIFT), New Delhi",2026-07-01 14:57:11+05:30
1404,0.513657,Rathi Ji,Chennai Mathematical Institute,2026-07-03 23:42:09+05:30
1405,0.5135,riya.khera25,"Indian Institute of Management (IIM), Bangalore",2026-07-04 07:45:45+05:30
1406,0.513071,unstabledawgs,"Indian Institute of Technology (IIT), Roorkee",2026-07-01 22:48:28+05:30
1407,0.512443,Loanwulf,"Indian Institute of Technology (IIT), Roorkee",2026-07-04 16:52:06+05:30
1408,0.511386,Case_Crunchers,"Indian Institute of Management (IIM), Mumbai",2026-07-01 01:54:05+05:30
1409,0.510843,The strategist,"Indian Institute of Technology (IIT), Roorkee",2026-07-04 01:26:28+05:30
1410,0.510657,Strategy Syndicate,"Indian Institute of Management (IIM), Bangalore",2026-06-30 02:40:24+05:30
1411,0.509943,SomeHow,"Narsee Monjee Institute of Management Studies (NMIMS), Mumbai",2026-07-03 16:22:24+05:30
1412,0.508271,Team,"Indian Institute of Technology (IIT), Kanpur",2026-07-04 15:57:39+05:30
1413,0.508014,Triad Strategists,"Indian Institute of Management (IIM), Mumbai",2026-07-04 00:10:21+05:30
1414,0.507729,geeked_out,"Indian Institute of Technology (IIT), Guwahati",2026-07-04 13:38:11+05:30
1415,0.507714,Prabhav_Pradeep,"Indian Institute of Technology (IIT), Hyderabad",2026-07-03 15:25:21+05:30
1416,0.5069,real_iitian69,"Indian Institute of Technology (IIT), Bombay",2026-07-03 17:05:16+05:30
1417,0.506871,Insight Syndicate,"Indian Institute of Foreign Trade (IIFT), New Delhi",2026-07-01 23:15:36+05:30
1418,0.506,Raghav Mittal,Indian School of Business (ISB),2026-07-03 07:29:57+05:30
1419,0.505614,Centurion Syndicate,"Indian Institute of Technology (IIT), Kharagpur",2026-07-01 11:46:13+05:30
1420,0.505357,LESSGOOO,"Indian Institute of Technology (IIT), Kharagpur",2026-07-04 13:01:42+05:30
1421,0.505257,defaulters,"Indian Institute of Technology (IIT), Kharagpur",2026-07-04 00:05:25+05:30
1422,0.505071,KashUp,"Management Development Institute (MDI), Gurgaon",2026-07-02 21:30:40+05:30
1423,0.505043,Outliers,"Indian Institute of Management (IIM), Mumbai",2026-07-03 17:57:32+05:30
1424,0.504871,khyati.arora,"Indian Institute of Technology (IIT), Guwahati",2026-07-01 17:35:23+05:30
1425,0.504571,AMEX IIMM,"Indian Institute of Management (IIM), Mumbai",2026-07-01 17:01:40+05:30
1426,0.5045,The Trivium,"Indian Institute of Foreign Trade (IIFT), New Delhi",2026-07-02 22:14:30+05:30
1427,0.503971,seema9verma,Indian School of Business (ISB),2026-07-04 20:17:02+05:30
1428,0.503957,Smarties,"Indian Institute of Management (IIM), Lucknow",2026-07-03 19:27:58+05:30
1429,0.503871,2023ceb1038,"Indian Institute of Technology (IIT), Ropar",2026-07-04 15:32:10+05:30
1430,0.5037,TheCardStrategy,"Delhi School of Economics (DSE), New Delhi",2026-07-04 00:41:15+05:30
1432,0.503443,f20241286,"Birla Institute of Technology & Science, Pilani Campus",2026-07-04 01:06:09+05:30
1433,0.503257,Team BluePrint,"Shailesh J. Mehta School of Management (SJMSOM), IIT Bombay",2026-07-04 11:54:23+05:30
1434,0.503157,Stratify,"Indian Institute of Technology (IIT), Guwahati",2026-07-04 01:14:27+05:30
1435,0.502129,Parallax,"Indian Institute of Management (IIM), Calcutta",2026-07-04 02:57:28+05:30
1436,0.501786,me24b023,"Indian Institute of Technology (IIT), Madras",2026-07-04 17:59:50+05:30
1437,0.5015,Team X,"Management Development Institute (MDI), Gurgaon",2026-07-04 01:01:53+05:30
1438,0.501043,Strategy_Wizards,"Management Development Institute (MDI), Gurgaon",2026-07-03 14:43:18+05:30
1439,0.500943,Tartarus,"Faculty of Management Studies (FMS), University of Delhi, New Delhi",2026-06-30 02:21:01+05:30
1440,0.500729,StrategyX,"Indian Institute of Technology, Banaras Hindu University (IIT - BHU)",2026-07-01 22:51:22+05:30
1441,0.500514,mandark24,"Indian Institute of Technology (IIT), Kanpur",2026-07-02 03:24:44+05:30
1442,0.5004,annonymity123,"Indian Institute of Technology (IIT), Delhi",2026-07-03 12:46:23+05:30
1443,0.500171,arjunsg1911,"Indian Institute of Management (IIM), Calcutta",2026-07-04 18:14:54+05:30
1444,0.499857,Amex,"Indian Institute of Management (IIM), Calcutta",2026-07-04 16:11:01+05:30
1445,0.499429,projit.deb034,"Narsee Monjee Institute of Management Studies (NMIMS), Mumbai",2026-07-04 16:27:38+05:30
1446,0.499414,rishi.gupta085,"Narsee Monjee Institute of Management Studies (NMIMS), Mumbai",2026-07-04 20:37:22+05:30
1447,0.4993,24je0933,"Indian Institute of Technology, Indian School of Mines (IIT ISM), Dhanbad",2026-07-02 03:23:46+05:30
1448,0.4991,Random Variables,"Indian Institute of Management (IIM), Lucknow",2026-07-04 18:09:54+05:30
1449,0.498757,ACERS,"Madras School of Economics (MSE), Chennai",2026-07-03 15:11:54+05:30
1450,0.497643,Bottom Line,"Indian Institute of Technology (IIT), Kharagpur",2026-07-02 02:51:45+05:30
1451,0.497443,DJ,"Birla Institute of Technology & Science, Pilani Campus",2026-06-30 10:35:00+05:30
1452,0.497371,kmutreja65,"Narsee Monjee Institute of Management Studies (NMIMS), Mumbai",2026-07-04 16:18:54+05:30
1453,0.495543,kavyanagar,"Indian Institute of Technology (IIT), Kharagpur",2026-07-04 02:11:29+05:30
1454,0.495286,f20221606,"Birla Institute of Technology & Science, Pilani Campus",2026-07-03 18:48:37+05:30
1455,0.494729,22je0327,"Indian Institute of Technology, Indian School of Mines (IIT ISM), Dhanbad",2026-07-04 04:07:28+05:30
1456,0.494671,Arrowez,"Indian Institute of Foreign Trade (IIFT), New Delhi",2026-07-04 14:26:31+05:30
1457,0.4943,2023mcb1312,"Indian Institute of Technology (IIT), Ropar",2026-07-04 19:01:29+05:30
1458,0.4942,Trimax,"Narsee Monjee Institute of Management Studies (NMIMS), Mumbai",2026-07-03 23:20:19+05:30
1459,0.493729,pgp41504,"Indian Institute of Management (IIM), Lucknow",2026-07-04 13:41:47+05:30
1460,0.493386,siya18sarda,"Indian Institute of Technology (IIT), Bombay",2026-07-04 19:03:24+05:30
1461,0.492429,The Strategists,"Indian Institute of Technology (IIT), Indore",2026-07-01 09:16:52+05:30
1462,0.4916,Case Masters,"Management Development Institute (MDI), Gurgaon",2026-07-03 12:27:49+05:30
1463,0.491386,amidx,"Indian Institute of Technology (IIT), Roorkee",2026-06-30 21:10:30+05:30
1464,0.491343,pgp25.ananya,"SP Jain Institute of Management and Research (SPJIMR), Mumbai",2026-07-04 10:12:40+05:30
1465,0.491186,Credit Slashers,"Indian Institute of Technology (IIT), Kanpur",2026-07-03 21:52:46+05:30
1466,0.490686,TeamHaikyuu,"Narsee Monjee Institute of Management Studies (NMIMS), Mumbai",2026-07-03 17:23:14+05:30
1467,0.490129,Pain&Co.,"Narsee Monjee Institute of Management Studies (NMIMS), Mumbai",2026-07-03 11:44:16+05:30
1468,0.489186,Lorem Ipsum,"Indian Institute of Management (IIM), Mumbai",2026-07-01 23:24:57+05:30
1469,0.489071,adilasap12,"Indian Institute of Technology (IIT), Delhi",2026-06-30 21:11:06+05:30
1470,0.488757,Black Swans,"Indian Institute of Management (IIM), Mumbai",2026-07-01 23:59:07+05:30
1471,0.488357,Rta,"Indian Institute of Management (IIM), Mumbai",2026-07-01 21:07:12+05:30
1472,0.4856,rishika.260101254,"Indian Institute of Management (IIM), Mumbai",2026-07-02 01:02:11+05:30
1473,0.485457,Team ASS,"Indian Institute of Foreign Trade (IIFT), New Delhi",2026-07-03 10:50:06+05:30
1474,0.483457,A10 Strategy,"Indian Institute of Technology (IIT), Madras",2026-07-02 16:11:22+05:30
1475,0.482329,Vr ngs,"Indian Institute of Technology (IIT), Bombay",2026-06-30 12:24:14+05:30
1476,0.482214,rishirkj23,"Indian Institute of Management (IIM), Lucknow",2026-07-04 20:34:30+05:30
1477,0.4818,atul.jha.min22,"Indian Institute of Technology, Banaras Hindu University (IIT - BHU)",2026-07-02 22:19:05+05:30
1478,0.480729,ed24b013,"Indian Institute of Technology (IIT), Madras",2026-07-04 00:15:47+05:30
1479,0.480657,koppoallikhita,"Indian Institute of Management (IIM), Mumbai",2026-07-01 23:33:09+05:30
1480,0.478857,mpragya1001,"Indian Institute of Technology (IIT), Kharagpur",2026-07-04 15:28:02+05:30
1481,0.478571,DIFTP,"Narsee Monjee Institute of Management Studies (NMIMS), Mumbai",2026-07-04 20:44:51+05:30
1482,0.4777,sindhwaniraghav5,"Narsee Monjee Institute of Management Studies (NMIMS), Mumbai",2026-07-03 21:01:36+05:30
1483,0.477371,NeonLights,"Indian Institute of Technology (IIT), Roorkee",2026-07-02 17:52:30+05:30
1484,0.476014,Databreakers,"Indian Institute of Technology (IIT), Madras",2026-07-04 12:32:27+05:30
1485,0.474857,Amexican,"Indian Institute of Foreign Trade (IIFT), New Delhi",2026-07-04 15:49:11+05:30
1486,0.474457,Statics,"Indian Institute of Management (IIM), Lucknow",2026-07-03 01:49:24+05:30
1487,0.474329,Pushin' P,"Xavier School of Management (XLRI), Delhi",2026-07-03 18:58:25+05:30
1488,0.473586,Team Diamonds,Xavier School of Management (XLRI),2026-07-04 20:12:02+05:30
1489,0.4729,EXPERTS,"Indian Institute of Technology (IIT), Mandi",2026-07-03 20:11:09+05:30
1490,0.472343,Pitchers,"Indian Institute of Management (IIM), Mumbai",2026-06-30 00:36:22+05:30
1491,0.472257,megha1182000,"Indian Institute of Technology (IIT), Kharagpur",2026-07-02 18:43:08+05:30
1492,0.472129,Amex123,"Indian Institute of Technology (IIT), Guwahati",2026-07-03 15:17:46+05:30
1493,0.471,sumitkumar051204,"Indian Institute of Foreign Trade (IIFT), New Delhi",2026-07-03 01:52:15+05:30
1494,0.4702,Chellengers,"Indian Institute of Technology (IIT), Kanpur",2026-07-03 23:35:39+05:30
1495,0.469614,hope,"Indian Institute of Technology (IIT), Kanpur",2026-06-30 17:10:59+05:30
1496,0.468543,alpha3,"Indian Institute of Foreign Trade (IIFT), New Delhi",2026-07-04 02:06:36+05:30
1497,0.4675,Pookie pandas,"Indian Institute of Technology (IIT), Guwahati",2026-07-03 20:38:25+05:30
1498,0.4661,Snickers,"Indian Institute of Management (IIM), Kozhikode",2026-07-04 17:34:11+05:30
1499,0.464029,raunakkhetan470,"Indian Institute of Technology (IIT), Guwahati",2026-07-03 13:15:32+05:30
1500,0.463671,Amaxxing,"Indian Institute of Technology (IIT), Kharagpur",2026-07-01 13:51:40+05:30
1501,0.463357,23b0396,"Indian Institute of Technology (IIT), Bombay",2026-07-02 00:06:01+05:30
1502,0.462429,IGNITERS,"Indian Institute of Management (IIM), Mumbai",2026-07-01 19:22:52+05:30
1503,0.461243,AMEXCHAMPS,"Indian Institute of Foreign Trade (IIFT), New Delhi",2026-07-03 18:44:53+05:30
1504,0.460814,Kraken,"Indian Institute of Management (IIM), Mumbai",2026-07-04 18:24:07+05:30
1505,0.460671,Twenty Four,"Indian Institute of Management (IIM), Mumbai",2026-07-04 12:37:31+05:30
1506,0.460357,Fanatics: The Revenge,"Indian Institute of Technology (IIT), Kanpur",2026-07-01 14:35:48+05:30
1507,0.4588,Meridian,"Indian Institute of Technology (IIT), Guwahati",2026-07-04 18:47:08+05:30
1508,0.458371,f20230667,"Birla Institute of Technology & Science, Pilani Campus",2026-07-04 14:49:39+05:30
1509,0.457943,Maitrix,"Vinod Gupta School of Management (VGSoM), Indian Institute of Technology (IIT), Kharagpur",2026-07-03 21:46:35+05:30
1510,0.457014,Msceco_igidr,Indira Gandhi Institute of Development Research,2026-07-02 08:39:26+05:30
1511,0.455586,Konsultants,Indian School of Business (ISB),2026-06-28 10:57:48+05:30
1512,0.455243,CatalystX,"Indian Institute of Foreign Trade (IIFT), New Delhi",2026-07-01 14:58:59+05:30
1513,0.4546,HalfGlassFull,"SP Jain Institute of Management and Research (SPJIMR), Mumbai",2026-07-01 15:06:39+05:30
1514,0.453029,The Vanguards,"Narsee Monjee Institute of Management Studies (NMIMS), Mumbai",2026-07-04 13:23:41+05:30
1515,0.451771,analysers,"Indian Institute of Technology (IIT), Indore",2026-06-30 16:33:59+05:30
1516,0.450871,pgp25.surabhi,"SP Jain Institute of Management and Research (SPJIMR), Mumbai",2026-07-04 12:41:03+05:30
1517,0.450057,QuantCatalyst,"Indian Institute of Technology (IIT), Kharagpur",2026-07-03 14:51:53+05:30
1518,0.450029,StratMavericks,"Management Development Institute (MDI), Gurgaon",2026-07-03 16:30:55+05:30
1519,0.449786,Outside The Blue Box,"Indian Institute of Management (IIM), Lucknow",2026-07-03 02:09:05+05:30
1520,0.448986,Insight Syndicate,"Narsee Monjee Institute of Management Studies (NMIMS), Mumbai",2026-07-04 18:33:24+05:30
1521,0.448314,ElevateX,"Indian Institute of Foreign Trade (IIFT), New Delhi",2026-07-04 02:47:22+05:30
1522,0.447714,ProdThinkers,"Indian Institute of Technology (IIT), Madras",2026-07-02 00:34:54+05:30
1523,0.446629,aravindreddyg0902,"Indian Institute of Management (IIM), Mumbai",2026-07-01 23:45:32+05:30
1524,0.445514,WePutTheCinCase,"Narsee Monjee Institute of Management Studies (NMIMS), Mumbai",2026-07-04 17:10:07+05:30
1525,0.443957,alphabeta,"Indian Institute of Technology (IIT), Mandi",2026-07-03 15:10:56+05:30
1526,0.442843,prahladha,"Indian Institute of Technology (IIT), Hyderabad",2026-06-30 07:15:47+05:30
1527,0.439243,Xcelerators,"Indian Institute of Foreign Trade (IIFT), New Delhi",2026-07-03 00:48:21+05:30
1528,0.4382,Dreamers,"Indian Institute of Technology (IIT), Kanpur",2026-07-04 17:53:55+05:30
1529,0.437371,Synergy,"Indian Institute of Management (IIM), Mumbai",2026-07-01 12:37:42+05:30
1530,0.437029,Stratos,"Indian Institute of Management (IIM), Mumbai",2026-07-01 18:01:45+05:30
1531,0.436929,core_group,"Indian Institute of Management (IIM), Mumbai",2026-07-01 22:46:26+05:30
1532,0.436771,sheeps,"Indian Institute of Technology (IIT), Bombay",2026-07-02 00:42:40+05:30
1533,0.434357,akshayh,"Birla Institute of Technology & Science, Pilani Campus",2026-06-29 14:58:19+05:30
1534,0.433686,Seekers,"Indian Institute of Technology (IIT), Bombay",2026-07-04 18:15:39+05:30
1535,0.433257,StratBank,"Indian Institute of Management (IIM), Mumbai",2026-07-03 18:31:26+05:30
1536,0.432557,genesis,"Indian Institute of Technology (IIT), Roorkee",2026-06-30 01:59:06+05:30
1537,0.430486,learning deep,"Indian Institute of Technology (IIT), Guwahati",2026-07-02 23:47:19+05:30
1538,0.429814,Moat Masters,"Indian Institute of Management (IIM), Lucknow",2026-07-04 19:55:53+05:30
1539,0.429471,Team TRP,"Narsee Monjee Institute of Management Studies (NMIMS), Mumbai",2026-07-04 13:18:33+05:30
1540,0.429343,StratGem,"Indian Institute of Technology (IIT), Kharagpur",2026-07-04 14:57:47+05:30
1541,0.428571,Express,"Indian Institute of Foreign Trade (IIFT), New Delhi",2026-07-04 17:45:12+05:30
1542,0.426814,abhishekd.7006,"Indian Institute of Technology (IIT), Guwahati",2026-07-01 13:43:45+05:30
1543,0.426443,Matrix,"Birla Institute of Technology & Science, Pilani Campus",2026-06-30 18:01:16+05:30
1544,0.426429,Proximity,"Narsee Monjee Institute of Management Studies (NMIMS), Mumbai",2026-07-04 20:19:02+05:30
1545,0.426071,synergy 3,"Indian Institute of Management (IIM), Kozhikode",2026-07-04 18:23:11+05:30
1546,0.425086,mayank.250102198,"Indian Institute of Management (IIM), Mumbai",2026-07-02 17:13:05+05:30
1547,0.424957,Hivemind Strategy,"Shailesh J. Mehta School of Management (SJMSOM), IIT Bombay",2026-07-03 23:49:18+05:30
1548,0.424657,Triple Threat,"Indian Institute of Management (IIM), Mumbai",2026-07-01 22:51:29+05:30
1549,0.423629,The Nexus,"Indian Institute of Management (IIM), Mumbai",2026-07-01 10:52:18+05:30
1550,0.423371,pgp41389,"Indian Institute of Management (IIM), Lucknow",2026-07-03 23:36:17+05:30
1551,0.423071,rajsabhinav,"Indian Institute of Foreign Trade (IIFT), New Delhi",2026-07-02 14:18:57+05:30
1552,0.421043,varnima.agarwal26,"Indian Institute of Management (IIM), Bangalore",2026-07-04 19:37:35+05:30
1553,0.4196,pgp41364,"Indian Institute of Management (IIM), Lucknow",2026-07-04 04:01:18+05:30
1554,0.419314,smth,"Indian Institute of Technology (IIT), Madras",2026-07-03 18:21:21+05:30
1555,0.4193,gta6,"Indian Institute of Technology (IIT), Kharagpur",2026-07-03 13:57:51+05:30
1556,0.4191,Team Spawns,"Indian Institute of Technology (IIT), Madras",2026-07-02 22:58:18+05:30
1557,0.4179,Transaction Titans,"Shailesh J. Mehta School of Management (SJMSOM), IIT Bombay",2026-07-03 21:32:45+05:30
1559,0.416957,ch25btech11039,"Indian Institute of Technology (IIT), Hyderabad",2026-07-01 15:21:52+05:30
1560,0.414729,dipak.mandalsnsk,"Indian Institute of Technology (IIT), Guwahati",2026-07-04 12:18:07+05:30
1561,0.410286,Beyond KPIs,"Indian Institute of Foreign Trade (IIFT), New Delhi",2026-06-30 00:42:48+05:30
1562,0.408914,p25vyom,"Indian Institute of Management (IIM), Ahmedabad",2026-07-03 22:22:43+05:30
1563,0.408614,parshv_ms,"Indian Institute of Technology (IIT), Roorkee",2026-06-27 10:55:44+05:30
1564,0.408114,imroshani2004,"Indian Institute of Management (IIM), Kozhikode",2026-07-04 13:50:13+05:30
1565,0.407857,vageesha.taluja728,"Narsee Monjee Institute of Management Studies (NMIMS), Mumbai",2026-07-04 19:08:37+05:30
1566,0.4074,The real nerds,"Indian Institute of Management (IIM), Kozhikode",2026-07-04 11:47:12+05:30
1567,0.406943,Wargoats,"Indian Institute of Technology (IIT), Mandi",2026-06-30 23:38:49+05:30
1568,0.405557,HERCULES,"Xavier School of Management (XLRI), Delhi",2026-07-04 12:15:57+05:30
1569,0.4041,priyanshu.sawarkar27,"Department of Management Studies (DMS), Indian Institute of Technology (IIT), Delhi",2026-07-03 08:57:18+05:30
1570,0.403014,Symphony,"SP Jain Institute of Management and Research (SPJIMR), Mumbai",2026-07-04 16:09:25+05:30
1571,0.402743,K228230,"Indian Institute of Technology (IIT), Hyderabad",2026-06-27 19:43:28+05:30
1572,0.399357,Team Titan,"Indian Institute of Management (IIM), Mumbai",2026-07-01 00:36:31+05:30
1573,0.399243,Top line,"Indian Institute of Management (IIM), Kozhikode",2026-07-02 02:02:15+05:30
1574,0.397929,sai.praneeth.260102091,"Indian Institute of Management (IIM), Mumbai",2026-07-01 21:16:15+05:30
1575,0.397486,Vivek.Raju,"Indian Institute of Technology (IIT), Madras",2026-07-03 14:06:23+05:30
1576,0.395,Logic_Legends,"Indian Institute of Technology (IIT), Indore",2026-07-04 16:13:45+05:30
1577,0.391514,pgp41404,"Indian Institute of Management (IIM), Lucknow",2026-07-03 18:04:01+05:30
1578,0.3889,chumma,"Indian Institute of Management (IIM), Bangalore",2026-07-04 20:19:26+05:30
1579,0.387014,gowtham.siddharth.260102042,"Indian Institute of Management (IIM), Mumbai",2026-07-01 17:44:35+05:30
1580,0.384029,CashCows,"Xavier School of Management (XLRI), Jamshedpur",2026-07-02 16:53:07+05:30
1581,0.383329,HSAVTHEGREAT,"Indian Institute of Technology (IIT), Kanpur",2026-07-04 18:23:30+05:30
1582,0.383,SheerDumbLuck,"Indian Institute of Technology (IIT), Guwahati",2026-07-03 14:09:30+05:30
1583,0.382557,Team Amateurs,"Narsee Monjee Institute of Management Studies (NMIMS), Mumbai",2026-07-04 02:25:02+05:30
1584,0.378571,StratX,"Xavier School of Management (XLRI), Delhi",2026-07-02 17:26:10+05:30
1585,0.377171,sr11122003,"Indian Institute of Technology (IIT), Kanpur",2026-07-04 16:44:08+05:30
1586,0.375557,Alpha Equation,"Indian Institute of Management (IIM), Mumbai",2026-07-02 12:34:25+05:30
1587,0.374871,lsm26palak,"Indian Institute of Management (IIM), Kozhikode",2026-07-03 22:55:36+05:30
1588,0.373671,#4169e1,"Indian Institute of Management (IIM), Mumbai",2026-06-29 23:35:05+05:30
1589,0.373257,f20231317,"Birla Institute of Technology & Science, Pilani Campus",2026-07-03 17:13:35+05:30
1590,0.372771,VOYAGER 2.0,"Indian Institute of Foreign Trade (IIFT), New Delhi",2026-07-04 15:01:04+05:30
1591,0.370386,prathamsabharwal18,"Indian Institute of Technology (IIT), Guwahati",2026-07-04 00:00:04+05:30
1592,0.3647,Orion,"Indian Institute of Management (IIM), Lucknow",2026-07-02 21:23:06+05:30
1593,0.362786,jaiveek.pn344,"Narsee Monjee Institute of Management Studies (NMIMS), Mumbai",2026-07-02 15:46:57+05:30
1594,0.360643,Minerva,"Vinod Gupta School of Management (VGSoM), Indian Institute of Technology (IIT), Kharagpur",2026-07-04 18:06:18+05:30
1595,0.354471,xyz,"Indian Institute of Technology (IIT), Ropar",2026-07-04 17:34:16+05:30
1596,0.351643,adibalak1925,"Indian Institute of Technology, Banaras Hindu University (IIT - BHU)",2026-06-30 23:24:35+05:30
1597,0.350957,ninja1551.bang,"Indian Institute of Management (IIM), Ahmedabad",2026-06-28 18:11:10+05:30
1598,0.349271,mba26sanath,"Indian Institute of Management (IIM), Kozhikode",2026-07-04 16:18:10+05:30
1599,0.349157,JAS,"Indian Institute of Management (IIM), Mumbai",2026-07-04 00:46:14+05:30
1600,0.348357,1sahilpawar.work,"Indian Institute of Management (IIM), Lucknow",2026-07-04 12:24:18+05:30
1601,0.346271,reddy.milinda,"Indian Institute of Management (IIM), Kozhikode",2026-06-30 22:17:21+05:30
1602,0.346214,Apex financers,"Indian Institute of Management (IIM), Mumbai",2026-07-03 00:33:04+05:30
1603,0.345514,NOTA,"Indian Institute of Management (IIM), Lucknow",2026-07-03 21:13:22+05:30
1604,0.345086,Dawn & Dusk,"Indian Institute of Management (IIM), Mumbai",2026-07-01 21:26:26+05:30
1605,0.344643,pratyushswain2005,"Indian Institute of Technology (IIT), Guwahati",2026-07-04 19:35:01+05:30
1606,0.343714,a.swatik.260101001,"Indian Institute of Management (IIM), Mumbai",2026-07-02 00:38:06+05:30
1607,0.339714,Aarohan,"Indian Institute of Technology (IIT), Kanpur",2026-07-04 20:48:16+05:30
1608,0.3369,Amexcelerate,"Indian Institute of Management (IIM), Lucknow",2026-07-01 16:45:52+05:30
1609,0.336557,Insight Engine,"Shailesh J. Mehta School of Management (SJMSOM), IIT Bombay",2026-07-03 13:34:47+05:30
1610,0.336157,kanishksh24,"Indian Institute of Technology (IIT), Kanpur",2026-07-03 11:48:14+05:30
1611,0.333743,Apex Advisors,"Management Development Institute (MDI), Gurgaon",2026-07-03 13:46:47+05:30
1612,0.325686,Strategist,"Indian Institute of Technology (IIT), Guwahati",2026-07-04 17:28:53+05:30
1613,0.325443,Major,"Indian Institute of Management (IIM), Mumbai",2026-07-02 02:40:56+05:30
1614,0.319286,Caffeine Junkies,"Narsee Monjee Institute of Management Studies (NMIMS), Mumbai",2026-07-03 14:09:54+05:30
1615,0.318357,u.nyesha,"Indian Institute of Technology (IIT), Guwahati",2026-06-30 15:39:05+05:30
1616,0.3182,Zodiac,"Indian Institute of Technology (IIT), Guwahati",2026-07-02 18:24:10+05:30
1617,0.317314,Case Closed,"Indian Institute of Management (IIM), Mumbai",2026-07-02 18:38:30+05:30
1618,0.315643,chatpatekurkure40,"Indian Institute of Technology (IIT), Guwahati",2026-07-03 01:55:28+05:30
1619,0.313686,arnav.260101049,"Indian Institute of Management (IIM), Mumbai",2026-07-04 14:50:36+05:30
1620,0.304757,temporary name,"Indian Institute of Technology (IIT), Kharagpur",2026-07-03 22:40:31+05:30
1621,0.301714,krishna.narayana5b,"Indian Institute of Technology (IIT), Bombay",2026-07-04 05:08:34+05:30
1622,0.292286,imankitk13,"Vinod Gupta School of Management (VGSoM), Indian Institute of Technology (IIT), Kharagpur",2026-07-04 12:36:22+05:30
1623,0.291686,BlackCARD,"Indian Institute of Management (IIM), Calcutta",2026-07-02 18:47:24+05:30
1624,0.289143,Sapiens,"Indian Institute of Technology (IIT), Kharagpur",2026-07-01 11:17:15+05:30
1625,0.286871,nitinthehacker2000,"Indian Institute of Technology (IIT), Guwahati",2026-07-03 02:24:56+05:30
1626,0.286514,pallabbiswas,"Indian Institute of Technology (IIT), Kharagpur",2026-06-28 19:50:31+05:30
1627,0.282843,f20230836,"Birla Institute of Technology & Science, Pilani Campus",2026-07-03 23:27:12+05:30
1628,0.281586,PurplePopcorn6,"Indian Institute of Technology (IIT), Kanpur",2026-07-03 03:09:27+05:30
1629,0.280757,Yojanakaar,"Indian Institute of Foreign Trade (IIFT), New Delhi",2026-07-04 13:40:58+05:30
1630,0.2801,vivek.gupta125,"Indian Institute of Management (IIM), Bangalore",2026-06-30 01:32:14+05:30
1631,0.2789,Team Red,"Shailesh J. Mehta School of Management (SJMSOM), IIT Bombay",2026-07-04 16:33:51+05:30
1632,0.276729,Savage Grit,"Indian Institute of Management (IIM), Mumbai",2026-07-02 04:25:05+05:30
1633,0.2747,madras school of eco,"Madras School of Economics (MSE), Chennai",2026-07-04 13:32:03+05:30
1634,0.273843,Kya kar loge,"Faculty of Management Studies (FMS), University of Delhi, New Delhi",2026-07-04 18:09:58+05:30
1635,0.271671,Team Bridgewaters,"Indian Institute of Foreign Trade (IIFT), New Delhi",2026-07-04 12:33:58+05:30
1636,0.269,Pradhyuam,"Indian Institute of Technology (IIT), Kanpur",2026-07-04 16:53:42+05:30
1637,0.262329,b25359,"Xavier School of Management (XLRI), Delhi",2026-07-04 12:35:20+05:30
1638,0.261986,f20190413p,"Birla Institute of Technology & Science, Pilani Campus",2026-07-04 11:54:12+05:30
1639,0.259529,apurvagrawal2323,"Narsee Monjee Institute of Management Studies (NMIMS), Mumbai",2026-07-04 20:55:50+05:30
1640,0.258714,TeamX,"Indian Institute of Management (IIM), Lucknow",2026-07-01 14:25:56+05:30
1641,0.253114,23b3936,"Indian Institute of Technology (IIT), Bombay",2026-07-04 17:37:34+05:30
1642,0.251671,Case_Mace,"Indian Institute of Technology (IIT), Roorkee",2026-07-04 20:40:35+05:30
1643,0.2514,mba26keerthana,"Indian Institute of Management (IIM), Kozhikode",2026-07-04 15:05:32+05:30
1644,0.250271,ctrl_alt_elite,"Faculty of Management Studies (FMS), University of Delhi, New Delhi",2026-07-03 02:16:55+05:30
1645,0.249943,KML,"Indian Institute of Technology (IIT), Kharagpur",2026-06-30 22:00:46+05:30
1646,0.249686,b25187,"Xavier School of Management (XLRI), Jamshedpur",2026-06-29 01:52:53+05:30
1647,0.245586,LoserKnight,"Indian Institute of Technology, Banaras Hindu University (IIT - BHU)",2026-06-29 03:48:53+05:30
1648,0.242714,Amex gurus,"Indian Institute of Management (IIM), Mumbai",2026-07-03 19:14:59+05:30
1649,0.242329,AmexApex,"Indian Institute of Foreign Trade (IIFT), New Delhi",2026-07-03 16:59:39+05:30
1650,0.239714,adevansh078,"Indian Institute of Technology (IIT), Guwahati",2026-07-04 19:29:25+05:30
1651,0.237771,mujhenhipta,"Indian Institute of Management (IIM), Calcutta",2026-07-04 20:07:43+05:30
1652,0.237529,StratX,"Indian Institute of Management (IIM), Lucknow",2026-07-03 15:33:06+05:30
1653,0.237014,m.sandhineni,"Indian Institute of Technology (IIT), Guwahati",2026-07-01 23:41:33+05:30
1654,0.235129,Card Scouts,"Indian Institute of Foreign Trade (IIFT), New Delhi",2026-07-02 14:14:13+05:30
1655,0.231971,Agentic47,"Indian Institute of Management (IIM), Mumbai",2026-07-02 18:37:29+05:30
1656,0.231086,RoyalFlush,"Narsee Monjee Institute of Management Studies (NMIMS), Mumbai",2026-07-03 13:11:23+05:30
1657,0.2285,North Star,"Indian Institute of Management (IIM), Mumbai",2026-07-01 21:26:29+05:30
1658,0.228414,sagili.reddy,"Indian Institute of Technology (IIT), Guwahati",2026-07-01 15:09:48+05:30
1659,0.227957,The Catalysts,"Department of Management Studies (DMS), Indian Institute of Technology (IIT), Delhi",2026-06-30 12:10:47+05:30
1660,0.2275,omkararunparab,"Narsee Monjee Institute of Management Studies (NMIMS), Mumbai",2026-07-04 19:02:27+05:30
1661,0.226714,Thinking,"Indian Institute of Technology (IIT), Delhi",2026-06-26 23:12:56+05:30
1662,0.225571,JOG,"Indian Institute of Management (IIM), Kozhikode",2026-07-01 04:34:26+05:30
1663,0.225457,BARQ,"Indian Institute of Technology (IIT), Kharagpur",2026-07-03 16:23:07+05:30
1664,0.215157,abhayagrawal443,"Indian Institute of Foreign Trade (IIFT), New Delhi",2026-07-03 00:50:55+05:30
1665,0.214129,Sangfroid,"Management Development Institute (MDI), Gurgaon",2026-06-29 23:22:19+05:30
1666,0.213743,Mavericks,"Faculty of Management Studies (FMS), University of Delhi, New Delhi",2026-07-03 14:59:47+05:30
1667,0.212157,ASPIRE,"Indian Institute of Management (IIM), Mumbai",2026-06-30 22:01:07+05:30
1668,0.207286,Premier League,"Narsee Monjee Institute of Management Studies (NMIMS), Mumbai",2026-07-04 13:09:35+05:30
1669,0.2066,StrategyDecoded,"Indian Institute of Management (IIM), Calcutta",2026-06-27 16:53:29+05:30
1670,0.205057,americans,"Indian Institute of Technology (IIT), Guwahati",2026-07-01 02:08:53+05:30
1671,0.203157,vivanb24,"Indian Institute of Technology (IIT), Kanpur",2026-07-03 16:26:10+05:30
1672,0.202643,Value Architects,"Indian Institute of Management (IIM), Mumbai",2026-07-01 13:52:49+05:30
1673,0.202514,fin26devapi,"Indian Institute of Management (IIM), Kozhikode",2026-07-02 22:12:22+05:30
1674,0.201714,yolo,"Indian Institute of Management (IIM), Kozhikode",2026-07-04 16:15:07+05:30
1675,0.2015,b25164,"Xavier School of Management (XLRI), Jamshedpur",2026-07-04 20:52:45+05:30
1676,0.201114,Helix,"Indian Institute of Foreign Trade (IIFT), New Delhi",2026-07-03 17:42:17+05:30
1677,0.201071,pgp41252,"Indian Institute of Management (IIM), Lucknow",2026-07-04 03:43:57+05:30
1678,0.200171,Summer Grind,"Indian Institute of Technology, Indian School of Mines (IIT ISM), Dhanbad",2026-07-04 11:14:31+05:30
1679,0.199986,hraditya28,"Indian Institute of Technology (IIT), Kanpur",2026-07-04 04:37:04+05:30
1680,0.199871,SPS,"Indian Institute of Technology (IIT), Hyderabad",2026-07-04 20:20:12+05:30
1681,0.199629,Cheetey!,"Indian Institute of Technology (IIT), Kharagpur",2026-07-04 00:16:59+05:30
1682,0.199414,tanmay.wkd,"Indian Institute of Management (IIM), Lucknow",2026-07-04 17:00:31+05:30
1683,0.199271,AMEX,"Indian Institute of Technology (IIT), Hyderabad",2026-06-29 22:21:56+05:30
1684,0.199214,Blitzers,"Faculty of Management Studies (FMS), University of Delhi, New Delhi",2026-07-04 00:53:02+05:30
1685,0.198657,Leon,"Xavier School of Management (XLRI), Delhi",2026-06-30 13:20:12+05:30
1686,0.198143,a105,"Indian Institute of Technology (IIT), Kanpur",2026-07-04 03:35:14+05:30
1687,0.1906,Acers,"Indian Institute of Management (IIM), Lucknow",2026-06-30 23:10:22+05:30
1688,0.188929,ChanakyaNITI,"Madras School of Economics (MSE), Chennai",2026-07-03 23:27:32+05:30
1689,0.183714,Team Beta,"Indian Institute of Technology (IIT), Guwahati",2026-07-04 00:35:35+05:30
1690,0.181957,Trident,"Indian Institute of Foreign Trade (IIFT), New Delhi",2026-07-02 20:54:11+05:30
1691,0.173371,Credit Debit,"Indian Institute of Technology (IIT), Kharagpur",2026-06-28 13:10:35+05:30
1692,0.156129,Amex_IT_IZZ,"Indian Institute of Technology, Indian School of Mines (IIT ISM), Dhanbad",2026-07-03 18:49:25+05:30
1693,0.137471,aakshi.jain176,"Narsee Monjee Institute of Management Studies (NMIMS), Mumbai",2026-07-04 14:14:26+05:30
1694,0.131471,SPeghetti,"SP Jain Institute of Management and Research (SPJIMR), Mumbai",2026-07-03 17:12:08+05:30
1695,0.130786,Lakeview Consulting,"Indian Institute of Management (IIM), Calcutta",2026-07-03 21:03:32+05:30
1696,0.121529,Indori Poha,"Indian Institute of Management (IIM), Indore",2026-07-04 18:16:19+05:30
1697,0.112414,RGStrikes,"Indian Institute of Management (IIM), Bangalore",2026-07-03 23:28:17+05:30
1698,0.112314,Fiber AI,"Indian Institute of Management (IIM), Mumbai",2026-07-04 13:58:30+05:30
1699,0.110614,iimcians,"Indian Institute of Management (IIM), Calcutta",2026-07-01 01:09:51+05:30
1700,0.109043,CoffeeGeeks,"Indian Institute of Management (IIM), Bangalore",2026-07-04 04:34:28+05:30
1701,0.0997,TriVectorS,"Indian Institute of Foreign Trade (IIFT), New Delhi",2026-07-02 21:17:46+05:30
1702,0.095071,Adam,"Indian Institute of Technology (IIT), Kanpur",2026-07-03 03:05:05+05:30
1703,0.074757,Go Go Govinda,Indian School of Business (ISB),2026-07-03 18:11:53+05:30
1704,0.050014,gouravsinghgrv02,"Indian Institute of Management (IIM), Mumbai",2026-07-02 14:15:48+05:30
1705,0.048386,Yuva Ratnas,"Indian Institute of Management (IIM), Kozhikode",2026-07-04 00:53:31+05:30
1706,0.046386,shah.shubh,"Shailesh J. Mehta School of Management (SJMSOM), IIT Bombay",2026-07-04 20:02:39+05:30
1707,0.042357,vaibhav.tiwari093,"Narsee Monjee Institute of Management Studies (NMIMS), Mumbai",2026-07-04 11:13:04+05:30
1708,0.036071,Insight Express,"Indian Institute of Management (IIM), Kozhikode",2026-07-03 00:47:20+05:30
1709,0.033929,mba26joshna,"Indian Institute of Management (IIM), Kozhikode",2026-07-03 16:23:25+05:30
1710,0.029657,DataDicers,"Indian Institute of Management (IIM), Calcutta",2026-07-01 18:00:20+05:30
1711,0.029271,kritikaaa002,"Delhi School of Economics (DSE), New Delhi",2026-07-02 00:06:34+05:30
1712,0.024971,tiwarinitin07633001,"Indian Institute of Technology (IIT), Kharagpur",2026-07-01 13:50:06+05:30
1713,0.023486,chanda_k,"Indian Institute of Technology (IIT), Roorkee",2026-07-03 00:36:23+05:30
1714,0.014757,Moki,"Indian Institute of Technology (IIT), Kanpur",2026-07-04 14:59:23+05:30
1715,0.014071,Tulip,"Indian Institute of Technology (IIT), Roorkee",2026-07-02 12:58:01+05:30
1716,0.007229,Amex hunters,"Indian Institute of Technology (IIT), Guwahati",2026-07-03 16:07:15+05:30
1717,0.0067,Alpha,"Indian Institute of Foreign Trade (IIFT), New Delhi",2026-07-04 19:07:52+05:30
1718,0.006057,Royale Cheese,"Indian Institute of Management (IIM), Lucknow",2026-07-04 20:45:02+05:30
1719,0.005929,ppoconvert,"Indian Institute of Management (IIM), Indore",2026-07-02 02:21:17+05:30
1720,0.005057,Team Ignite,"Department of Management Studies (DMS), Indian Institute of Technology (IIT), Delhi",2026-07-02 19:15:23+05:30
1721,0.002886,MNM,"Indian Institute of Management (IIM), Lucknow",2026-07-04 12:13:48+05:30
1722,0.002786,Blue Titans,"SP Jain Institute of Management and Research (SPJIMR), Mumbai",2026-07-04 18:55:23+05:30
1723,0,ec^2,"Birla Institute of Technology & Science, Pilani Campus",2026-06-26 19:55:59+05:30
1723,0,Machine_not_Learning,"Indian Institute of Technology (IIT), Guwahati",2026-06-27 10:44:41+05:30
1723,0,soumya,"Indian Institute of Management (IIM), Mumbai",2026-06-27 20:07:22+05:30
1723,0,b24237,"Indian Institute of Technology (IIT), Mandi",2026-06-27 23:19:29+05:30
1723,0,Mankirat,"Indian Institute of Technology (IIT), Mandi",2026-06-28 17:49:54+05:30
1723,0,Winners,"Indian Institute of Technology (IIT), Kharagpur",2026-06-29 15:23:21+05:30
1723,0,22je0371,"Indian Institute of Technology, Indian School of Mines (IIT ISM), Dhanbad",2026-06-29 15:49:05+05:30
1723,0,hardikgautam049,"Indian Institute of Technology (IIT), Roorkee",2026-06-29 19:18:26+05:30
1723,0,Team SMV,"Indian Institute of Management (IIM), Mumbai",2026-06-29 22:47:11+05:30
1723,0,gunjan.260102036,"Indian Institute of Management (IIM), Mumbai",2026-06-30 07:51:47+05:30
1723,0,manish.choudhary.che24,"Indian Institute of Technology, Banaras Hindu University (IIT - BHU)",2026-06-30 11:54:07+05:30
1723,0,kmatrb0,"Indian Institute of Technology (IIT), Bombay",2026-06-30 21:05:01+05:30
1723,0,Blueprint,"Shailesh J. Mehta School of Management (SJMSOM), IIT Bombay",2026-07-01 00:00:41+05:30
1723,0,Teamname,"Indian Institute of Technology, Indian School of Mines (IIT ISM), Dhanbad",2026-07-01 14:27:29+05:30
1723,0,InsightX,"Indian Institute of Management (IIM), Bangalore",2026-07-01 21:10:47+05:30
1723,0,LOL,"Indian Institute of Management (IIM), Calcutta",2026-07-01 22:18:19+05:30
1723,0,lokesh,"Indian Institute of Technology (IIT), Mandi",2026-07-01 22:59:38+05:30
1723,0,Midnight Sons,"Indian Institute of Technology (IIT), Guwahati",2026-07-02 00:17:59+05:30
1723,0,atharvcharaya7,"Management Development Institute (MDI), Gurgaon",2026-07-02 19:23:33+05:30
1723,0,aayaannkausar,"Indian Institute of Technology (IIT), Kharagpur",2026-07-02 19:35:23+05:30
1723,0,Shining,"Department of Management Studies (DMS), Indian Institute of Technology (IIT), Delhi",2026-07-02 19:36:45+05:30
1723,0,Team KAPSLOCK,"Indian Institute of Management (IIM), Kozhikode",2026-07-02 23:36:25+05:30
1723,0,praneshsenthilvel26,"Indian Institute of Technology (IIT), Kanpur",2026-07-03 01:17:18+05:30
1723,0,Sequence,"Management Development Institute (MDI), Gurgaon",2026-07-03 02:03:36+05:30
1723,0,OkBrO,"Indian Institute of Technology (IIT), Kharagpur",2026-07-03 03:02:14+05:30
1723,0,elonmusk7781,"Indian Institute of Technology (IIT), Delhi",2026-07-03 04:28:47+05:30
1723,0,one_cell,"Indian Institute of Technology (IIT), Kanpur",2026-07-03 12:18:34+05:30
1723,0,Ka-Ching,"Management Development Institute (MDI), Gurgaon",2026-07-03 15:02:28+05:30
1723,0,harshtarpe707,"Indian Institute of Foreign Trade (IIFT), New Delhi",2026-07-03 18:17:31+05:30
1723,0,rajeshwari.anjana011,"Narsee Monjee Institute of Management Studies (NMIMS), Mumbai",2026-07-03 21:13:27+05:30
1723,0,GraceSeekers,"Indian Institute of Management (IIM), Bangalore",2026-07-03 21:15:44+05:30
1723,0,coderpaglu,"Indian Institute of Technology (IIT), Roorkee",2026-07-03 23:26:08+05:30
1723,0,atharvdubey29,"Indian Institute of Technology (IIT), Kanpur",2026-07-04 03:27:02+05:30
1723,0,huehuehue,"Indian Institute of Technology, Banaras Hindu University (IIT - BHU)",2026-07-04 04:36:44+05:30
1723,0,Frontier,"Indian Institute of Technology (IIT), Kanpur",2026-07-04 10:53:11+05:30
1723,0,yatharthkabra26,"Indian Institute of Technology (IIT), Guwahati",2026-07-04 13:34:35+05:30
1723,0,pgp26.swarna,"SP Jain Institute of Management and Research (SPJIMR), Mumbai",2026-07-04 18:24:15+05:30
1723,0,pranav.t28,"Faculty of Management Studies (FMS), University of Delhi, New Delhi",2026-07-04 19:46:51+05:30
1723,0,PDP,"Indian Institute of Technology (IIT), Kanpur",2026-07-04 20:16:50+05:30
