maxsc,rmse,b1,b7,bs,a6,a8,a9,a10,y,L,kap,e21,e4,s19,s20,e22,bn,p2,rwc
4.027599999999998,0.006912829355893532,dol,dol,dol,0.0,0.015,0.085,0.0,0.2,1.2,0.0,0.0,0.0,0.0,0.0,0.0,0.0,0.0,0.0
4.835600000000007,0.008416208352758196,dol,dol,dol,0.0,0.0,0.085,0.0,0.16,0.9,0.0,0.0,0.0,0.0,0.0,0.0,0.0,0.0,0.0
4.90666666666667,0.006165382755232504,dol,dol,dol,0.0,0.015,0.085,0.0,0.2,1.6,0.0,0.0,0.0,0.0,0.0,0.0,0.0,0.0,0.0
5.093333333333338,0.007856652057686871,dol,dol,dol,0.0,0.0,0.085,0.01,0.2,1.6,0.0,0.0,0.0,0.0,0.0,0.0,0.0,0.0,0.0
5.099999999999993,0.007662446041136815,dol,dol,dol,0.01,0.0,0.045,0.0,0.2,1.6,0.0,0.0,0.0,0.0,0.0,0.0,0.0,0.0,0.0
5.2996000000000265,0.009049490147291487,dol,dol,dol,0.0,0.015,0.085,0.0,0.2,0.9,0.0,0.0,0.0,0.0,0.0,0.0,0.0,0.0,0.0
5.476666666666667,0.008914275986885873,dol,dol,dol,0.0,0.015,0.085,0.01,0.2,0.9,0.2,0.0,0.0,0.0,0.0,0.0,0.0,0.0,0.0
5.483333333333322,0.008702579485629731,dol,dol,dol,0.0,0.015,0.085,0.0,0.16,0.6,0.2,0.0,0.0,0.0,0.0,0.0,0.0,0.0,0.0
5.486666666666677,0.007810779782762721,dol,sqrt,dol,0.0,0.015,0.045,0.0,0.12,0.6,0.0,0.0,0.0,0.0,0.0,0.0,0.0,0.0,0.0
5.555600000000016,0.008860407151417395,dol,dol,dol,0.01,0.0,0.045,0.0,0.2,1.2,0.0,0.0,0.0,0.0,0.0,0.0,0.0,0.0,0.0
5.649999999999988,0.008142434075058057,dol,dol,dol,0.01,0.015,0.045,0.0,0.2,1.6,0.0,0.0,0.0,0.0,0.0,0.0,0.0,0.0,0.0
5.659999999999998,0.008305725829544065,dol,dol,dol,0.0,0.0,0.085,0.0,0.2,1.6,0.0,0.0,0.0,0.0,0.0,0.0,0.0,0.0,0.0
5.74666666666664,0.010049784596917697,dol,dol,dol,-0.01,0.015,0.085,0.03,0.2,0.9,0.2,0.0,0.0,0.0,0.0,0.0,0.0,0.0,0.0
5.7566666666666695,0.00864207074379402,dol,dol,dol,0.0,0.015,0.085,0.01,0.2,1.6,0.0,0.0,0.0,0.0,0.0,0.0,0.0,0.0,0.0
5.903333333333334,0.010665437988262897,dol,dol,dol,0.0,0.0,0.085,0.01,0.2,0.9,0.2,0.0,0.0,0.0,0.0,0.0,0.0,0.0,0.0
5.97333333333333,0.007283893042312727,dol,sqrt,dol,0.0,0.015,0.045,0.0,0.12,0.9,0.0,0.0,0.0,0.0,0.0,0.0,0.0,0.0,0.0
6.063600000000013,0.010018439669300147,dol,dol,dol,0.0,0.015,0.085,0.01,0.2,0.6,0.2,0.0,0.0,0.0,0.0,0.0,0.0,0.0,0.0
6.066666666666665,0.008925038607655872,dol,dol,dol,0.0,0.0,0.085,0.0,0.2,1.2,0.0,0.0,0.0,0.0,0.0,0.0,0.0,0.0,0.0
6.116666666666659,0.008328381333106056,dol,sqrt,dol,0.0,0.0,0.045,0.01,0.12,0.9,0.0,0.0,0.0,0.0,0.0,0.0,0.0,0.0,0.0
6.215599999999988,0.00918566589049762,dol,dol,dol,0.01,0.015,0.045,0.0,0.2,1.2,0.0,0.0,0.0,0.0,0.0,0.0,0.0,0.0,0.0
6.383333333333334,0.007746701333829473,dol,dol,dol,0.0,0.0,0.085,0.0,0.16,0.6,0.2,0.0,0.0,0.0,0.0,0.0,0.0,0.0,0.0
6.4233333333333364,0.008736570820619701,dol,dol,dol,-0.01,0.0,0.085,0.03,0.16,0.0,0.0,0.0,0.0,0.0,1.0,-300.0,0.011,0.0,0.0
6.4233333333333364,0.008736570820619701,dol,dol,dol,-0.01,0.0,0.085,0.03,0.16,0.0,0.004,0.0,0.0,0.0,1.0,-300.0,0.011,0.0,0.0
6.4300000000000095,0.00869637826275335,dol,dol,dol,-0.01,0.0,0.085,0.03,0.16,0.0,0.0,0.0,0.0,0.0,0.0,-300.0,0.0,0.0,0.0
6.4300000000000095,0.00873725633263797,dol,dol,dol,-0.01,0.0,0.085,0.03,0.16,0.0,0.0,0.0,0.0,0.0,0.0,-300.0,0.011,0.0,0.0
6.4300000000000095,0.00869637826275335,dol,dol,dol,-0.01,0.0,0.085,0.03,0.16,0.0,0.004,0.0,0.0,0.0,0.0,-300.0,0.0,0.0,0.0
6.4300000000000095,0.00873725633263797,dol,dol,dol,-0.01,0.0,0.085,0.03,0.16,0.0,0.004,0.0,0.0,0.0,0.0,-300.0,0.011,0.0,0.0
6.431600000000026,0.011743898592381825,dol,dol,dol,0.01,0.0,0.045,0.01,0.2,0.9,0.2,0.0,0.0,0.0,0.0,0.0,0.0,0.0,0.0
6.436666666666646,0.0087002618989954,dol,dol,dol,-0.01,0.0,0.085,0.03,0.16,0.0,0.0,0.0,0.0,0.0,1.0,-300.0,0.0,0.0,0.0
6.436666666666646,0.0087002618989954,dol,dol,dol,-0.01,0.0,0.085,0.03,0.16,0.0,0.004,0.0,0.0,0.0,1.0,-300.0,0.0,0.0,0.0
6.473333333333331,0.008667425398411973,dol,dol,dol,-0.01,0.0,0.085,0.03,0.16,0.003,0.0,0.0,0.0,0.0,0.0,-300.0,0.0,0.0,0.0
6.476666666666649,0.008665069087797057,dol,dol,dol,-0.01,0.0,0.085,0.03,0.16,0.003,0.004,0.0,0.0,0.0,0.0,-300.0,0.0,0.0,0.0
6.480000000000004,0.008663707148533786,dol,dol,dol,-0.01,0.0,0.085,0.03,0.16,0.003,0.0,0.0,0.0,0.0,1.0,-300.0,0.0,0.0,0.0
6.480000000000004,0.008663707148533786,dol,dol,dol,-0.01,0.0,0.085,0.03,0.16,0.003,0.004,0.0,0.0,0.0,1.0,-300.0,0.0,0.0,0.0
6.503333333333305,0.009741305414839693,dol,dol,dol,-0.01,0.015,0.14,0.03,0.2,0.6,0.0,0.0,0.0,0.0,0.0,0.0,0.0,0.0,0.0
6.5099999999999785,0.011036953790016627,dol,dol,dol,-0.01,0.0,0.085,0.03,0.2,0.9,0.2,0.0,0.0,0.0,0.0,0.0,0.0,0.0,0.0
6.520000000000008,0.008631280498109007,dol,dol,dol,-0.01,0.0,0.085,0.03,0.16,0.008,0.0,0.0,0.0,0.0,0.0,-300.0,0.0,0.0,0.0
6.520000000000008,0.008630812806665642,dol,dol,dol,-0.01,0.0,0.085,0.03,0.16,0.008,0.0,0.0,0.0,0.0,1.0,-300.0,0.0,0.0,0.0
6.520000000000008,0.008630812806665642,dol,dol,dol,-0.01,0.0,0.085,0.03,0.16,0.008,0.004,0.0,0.0,0.0,1.0,-300.0,0.0,0.0,0.0
6.523333333333325,0.008630247844172939,dol,dol,dol,-0.01,0.0,0.085,0.03,0.16,0.008,0.004,0.0,0.0,0.0,0.0,-300.0,0.0,0.0,0.0
6.556666666666655,0.01139150635829655,dol,dol,dol,0.0,0.015,0.085,0.0,0.2,0.9,0.2,0.0,0.0,0.0,0.0,0.0,0.0,0.0,0.0
6.570000000000002,0.008295610624277742,dol,dol,dol,-0.01,0.015,0.14,0.03,0.2,0.9,0.0,0.0,0.0,0.0,0.0,0.0,0.0,0.0,0.0
6.710000000000031,0.01114228246781568,dol,dol,dol,0.0,0.015,0.085,0.0,0.16,0.9,0.0,0.0,0.0,0.0,0.0,0.0,0.0,0.0,0.0
6.723599999999985,0.011756052250586421,dol,dol,dol,0.01,0.015,0.045,0.01,0.2,0.9,0.2,0.0,0.0,0.0,0.0,0.0,0.0,0.0,0.0
6.746666666666679,0.010411464838055886,dol,dol,dol,0.0,0.015,0.045,0.01,0.16,0.008,0.004,0.0,0.0,0.0,0.0,-300.0,0.0,0.0,0.0
6.7499999999999964,0.010411118312579019,dol,dol,dol,0.0,0.015,0.045,0.01,0.16,0.008,0.0,0.0,0.0,0.0,0.0,-300.0,0.0,0.0,0.0
6.753333333333315,0.010411973701963052,dol,dol,dol,0.0,0.015,0.045,0.01,0.16,0.008,0.004,0.0,0.0,0.0,1.0,-300.0,0.0,0.0,0.0
6.75666666666667,0.010411315393465993,dol,dol,dol,0.0,0.015,0.045,0.01,0.16,0.008,0.0,0.0,0.0,0.0,1.0,-300.0,0.0,0.0,0.0
6.759599999999999,0.01072062367243277,dol,dol,dol,0.0,0.0,0.085,0.01,0.16,0.6,0.2,0.0,0.0,0.0,0.0,0.0,0.0,0.0,0.0
6.759999999999988,0.007970430171020325,dol,dol,dol,-0.01,0.015,0.085,0.03,0.16,0.0,0.0,0.0,0.0,0.0,1.0,-300.0,0.011,0.0,0.0
6.759999999999988,0.007970430171020325,dol,dol,dol,-0.01,0.015,0.085,0.03,0.16,0.0,0.004,0.0,0.0,0.0,1.0,-300.0,0.011,0.0,0.0
6.763333333333343,0.007969726195399042,dol,dol,dol,-0.01,0.015,0.085,0.03,0.16,0.0,0.0,0.0,0.0,0.0,0.0,-300.0,0.011,0.0,0.0
6.763333333333343,0.007969726195399042,dol,dol,dol,-0.01,0.015,0.085,0.03,0.16,0.0,0.004,0.0,0.0,0.0,0.0,-300.0,0.011,0.0,0.0
6.79,0.007988127120225914,dol,dol,dol,-0.01,0.015,0.085,0.03,0.16,0.0,0.0,0.0,0.0,0.0,0.0,-300.0,0.0,0.0,0.0
6.79,0.007988127120225914,dol,dol,dol,-0.01,0.015,0.085,0.03,0.16,0.0,0.004,0.0,0.0,0.0,0.0,-300.0,0.0,0.0,0.0
6.80333333333331,0.007991036418202393,dol,dol,dol,-0.01,0.015,0.085,0.03,0.16,0.0,0.0,0.0,0.0,0.0,1.0,-300.0,0.0,0.0,0.0
6.80333333333331,0.007991036418202393,dol,dol,dol,-0.01,0.015,0.085,0.03,0.16,0.0,0.004,0.0,0.0,0.0,1.0,-300.0,0.0,0.0,0.0
6.8316000000000265,0.012971897005678289,dol,dol,dol,0.0,0.0,0.085,0.03,0.26,1.6,0.0,0.0,0.0,0.0,0.0,0.0,0.0,0.0,0.0
6.833333333333321,0.007991351487238727,dol,dol,dol,-0.01,0.015,0.085,0.03,0.16,0.003,0.0,0.0,0.0,0.0,0.0,-300.0,0.0,0.0,0.0
6.833333333333321,0.007991351487238727,dol,dol,dol,-0.01,0.015,0.085,0.03,0.16,0.003,0.004,0.0,0.0,0.0,0.0,-300.0,0.0,0.0,0.0
6.8399999999999945,0.010371166551050533,dol,dol,dol,0.0,0.015,0.045,0.01,0.16,0.003,0.0,0.0,0.0,0.0,0.0,-300.0,0.0,0.0,0.0
6.8399999999999945,0.010371166551050533,dol,dol,dol,0.0,0.015,0.045,0.01,0.16,0.003,0.004,0.0,0.0,0.0,0.0,-300.0,0.0,0.0,0.0
6.843333333333312,0.010370305367124303,dol,dol,dol,0.0,0.015,0.045,0.01,0.16,0.003,0.0,0.0,0.0,0.0,1.0,-300.0,0.0,0.0,0.0
6.843333333333312,0.010370305367124303,dol,dol,dol,0.0,0.015,0.045,0.01,0.16,0.003,0.004,0.0,0.0,0.0,1.0,-300.0,0.0,0.0,0.0
6.846666666666668,0.007993182099394083,dol,dol,dol,-0.01,0.015,0.085,0.03,0.16,0.003,0.0,0.0,0.0,0.0,1.0,-300.0,0.0,0.0,0.0
6.846666666666668,0.007993182099394083,dol,dol,dol,-0.01,0.015,0.085,0.03,0.16,0.003,0.004,0.0,0.0,0.0,1.0,-300.0,0.0,0.0,0.0
6.873333333333324,0.00799364984546182,dol,dol,dol,-0.01,0.015,0.085,0.03,0.16,0.008,0.0,0.0,0.0,0.0,0.0,-300.0,0.0,0.0,0.0
6.873333333333324,0.00799364984546182,dol,dol,dol,-0.01,0.015,0.085,0.03,0.16,0.008,0.004,0.0,0.0,0.0,0.0,-300.0,0.0,0.0,0.0
6.876666666666679,0.010354205018037618,dol,dol,dol,0.0,0.015,0.045,0.01,0.16,0.0,0.0,0.0,0.0,0.0,0.0,-300.0,0.0,0.0,0.0
6.876666666666679,0.010351391858460735,dol,dol,dol,0.0,0.015,0.045,0.01,0.16,0.0,0.0,0.0,0.0,0.0,1.0,-300.0,0.0,0.0,0.0
6.876666666666679,0.010354205018037618,dol,dol,dol,0.0,0.015,0.045,0.01,0.16,0.0,0.004,0.0,0.0,0.0,0.0,-300.0,0.0,0.0,0.0
6.876666666666679,0.010351391858460735,dol,dol,dol,0.0,0.015,0.045,0.01,0.16,0.0,0.004,0.0,0.0,0.0,1.0,-300.0,0.0,0.0,0.0
6.889999999999989,0.007998062779337385,dol,dol,dol,-0.01,0.015,0.085,0.03,0.16,0.008,0.004,0.0,0.0,0.0,1.0,-300.0,0.0,0.0,0.0
6.893333333333344,0.00800022268671548,dol,dol,dol,-0.01,0.015,0.085,0.03,0.16,0.008,0.0,0.0,0.0,0.0,1.0,-300.0,0.0,0.0,0.0
6.916666666666645,0.01034308131966413,dol,dol,dol,0.0,0.015,0.045,0.01,0.16,0.0,0.0,0.0,0.0,0.0,0.0,-300.0,0.011,0.0,0.0
6.916666666666645,0.01034308131966413,dol,dol,dol,0.0,0.015,0.045,0.01,0.16,0.0,0.004,0.0,0.0,0.0,0.0,-300.0,0.011,0.0,0.0
6.923333333333319,0.010340449202220539,dol,dol,dol,0.0,0.015,0.045,0.01,0.16,0.0,0.0,0.0,0.0,0.0,1.0,-300.0,0.011,0.0,0.0
6.923333333333319,0.010340449202220539,dol,dol,dol,0.0,0.015,0.045,0.01,0.16,0.0,0.004,0.0,0.0,0.0,1.0,-300.0,0.011,0.0,0.0
6.9236000000000075,0.010992165900548674,dol,dol,dol,0.01,0.0,0.045,0.0,0.2,0.9,0.0,0.0,0.0,0.0,0.0,0.0,0.0,0.0,0.0
6.929999999999992,0.009136008655214162,dol,sqrt,dol,0.0,0.015,0.045,0.01,0.12,0.9,0.0,0.0,0.0,0.0,0.0,0.0,0.0,0.0,0.0
6.9600000000000035,0.009135774089929242,dol,dol,dol,-0.01,0.015,0.14,0.03,0.2,1.2,0.0,0.0,0.0,0.0,0.0,0.0,0.0,0.0,0.0
6.962399999999969,0.010883865329859516,dol,dol,dol,0.01,0.015,0.0,0.01,0.2,0.9,0.2,0.0,0.0,0.0,0.0,0.0,0.0,0.0,0.0
6.97479999999997,0.010255248741046729,dol,sqrt,dol,0.0,0.015,0.045,0.01,0.12,0.6,0.0,0.0,0.0,0.0,0.0,0.0,0.0,0.0,0.0
6.996666666666688,0.01093988899327524,dol,dol,dol,0.01,0.0,0.045,0.0,0.16,0.6,0.2,0.0,0.0,0.0,0.0,0.0,0.0,0.0,0.0
7.06333333333331,0.011344127705884098,dol,dol,dol,-0.01,0.0,0.14,0.03,0.2,0.6,0.0,0.0,0.0,0.0,0.0,0.0,0.0,0.0,0.0
7.063333333333348,0.008820216260891172,dol,dol,dol,0.0,0.0,0.085,0.0,0.16,1.2,0.0,0.0,0.0,0.0,0.0,0.0,0.0,0.0,0.0
7.106666666666668,0.0126557291403567,dol,dol,dol,0.0,0.015,0.085,0.01,0.16,0.6,0.2,0.0,0.0,0.0,0.0,0.0,0.0,0.0,0.0
7.11666666666666,0.009722613545140426,dol,dol,dol,-0.01,0.0,0.14,0.03,0.2,0.9,0.0,0.0,0.0,0.0,0.0,0.0,0.0,0.0,0.0
7.123333333333333,0.009748217428691109,dol,dol,dol,0.01,0.0,0.0,0.01,0.16,0.008,0.0,0.0,0.0,0.0,0.0,-300.0,0.0,0.0,0.0
7.123333333333333,0.009748217428691109,dol,dol,dol,0.01,0.0,0.0,0.01,0.16,0.008,0.004,0.0,0.0,0.0,0.0,-300.0,0.0,0.0,0.0
7.12999999999997,0.009757786827850749,dol,dol,dol,0.01,0.0,0.0,0.01,0.16,0.008,0.004,0.0,0.0,0.0,1.0,-300.0,0.0,0.0,0.0
7.133333333333325,0.009759186521199168,dol,dol,dol,0.01,0.0,0.0,0.01,0.16,0.008,0.0,0.0,0.0,0.0,1.0,-300.0,0.0,0.0,0.0
7.146666666666671,0.010282622993654358,dol,dol,dol,0.01,0.015,0.045,0.0,0.2,0.9,0.2,0.0,0.0,0.0,0.0,0.0,0.0,0.0,0.0
7.14999999999999,0.013341969400410157,dol,dol,dol,0.0,0.015,0.045,0.03,0.26,1.6,0.2,0.0,0.0,0.0,0.0,0.0,0.0,0.0,0.0
7.151599999999991,0.011386696529364927,dol,dol,dol,0.0,0.015,0.085,0.03,0.26,1.6,0.0,0.0,0.0,0.0,0.0,0.0,0.0,0.0,0.0
7.19333333333331,0.009804329281835987,dol,dol,dol,0.01,0.0,0.0,0.01,0.16,0.003,0.0,0.0,0.0,0.0,0.0,-300.0,0.0,0.0,0.0
7.19333333333331,0.009802002104634493,dol,dol,dol,0.01,0.0,0.0,0.01,0.16,0.003,0.0,0.0,0.0,0.0,1.0,-300.0,0.0,0.0,0.0
7.19333333333331,0.009804329281835987,dol,dol,dol,0.01,0.0,0.0,0.01,0.16,0.003,0.004,0.0,0.0,0.0,0.0,-300.0,0.0,0.0,0.0
7.19333333333331,0.009802002104634493,dol,dol,dol,0.01,0.0,0.0,0.01,0.16,0.003,0.004,0.0,0.0,0.0,1.0,-300.0,0.0,0.0,0.0
7.199999999999984,0.011991152605767918,dol,sqrt,dol,0.01,0.0,0.0,0.01,0.12,0.6,0.0,0.0,0.0,0.0,0.0,0.0,0.0,0.0,0.0
7.207600000000003,0.011819065924739278,dol,dol,dol,0.01,0.0,0.045,0.01,0.2,1.6,0.0,0.0,0.0,0.0,0.0,0.0,0.0,0.0,0.0
7.223333333333322,0.009828249160229677,dol,dol,dol,0.01,0.0,0.0,0.01,0.16,0.0,0.0,0.0,0.0,0.0,1.0,-300.0,0.0,0.0,0.0
7.223333333333322,0.009828249160229677,dol,dol,dol,0.01,0.0,0.0,0.01,0.16,0.0,0.004,0.0,0.0,0.0,1.0,-300.0,0.0,0.0,0.0
7.236666666666669,0.009833045197285105,dol,dol,dol,0.01,0.0,0.0,0.01,0.16,0.0,0.0,0.0,0.0,0.0,0.0,-300.0,0.0,0.0,0.0
7.236666666666669,0.009833045197285105,dol,dol,dol,0.01,0.0,0.0,0.01,0.16,0.0,0.004,0.0,0.0,0.0,0.0,-300.0,0.0,0.0,0.0
7.263333333333325,0.011015768532897294,dol,sqrt,rank,0.01,0.0,0.14,0.0,0.12,0.9,0.0,0.0,0.0,0.0,0.0,0.0,0.0,0.0,0.0
7.27999999999999,0.009824238095045755,dol,dol,dol,0.01,0.0,0.0,0.01,0.16,0.0,0.0,0.0,0.0,0.0,1.0,-300.0,0.011,0.0,0.0
7.27999999999999,0.009824238095045755,dol,dol,dol,0.01,0.0,0.0,0.01,0.16,0.0,0.004,0.0,0.0,0.0,1.0,-300.0,0.011,0.0,0.0
7.283333333333308,0.00982702310148077,dol,dol,dol,0.01,0.0,0.0,0.01,0.16,0.0,0.0,0.0,0.0,0.0,0.0,-300.0,0.011,0.0,0.0
7.283333333333308,0.00982702310148077,dol,dol,dol,0.01,0.0,0.0,0.01,0.16,0.0,0.004,0.0,0.0,0.0,0.0,-300.0,0.011,0.0,0.0
7.319600000000026,0.011850666744799477,dol,dol,dol,0.0,0.015,0.085,0.03,0.2,0.9,0.2,0.0,0.0,0.0,0.0,0.0,0.0,0.0,0.0
7.3475999999999875,0.011867792771162573,dol,dol,dol,-0.01,0.0,0.085,0.03,0.2,0.6,0.2,0.0,0.0,0.0,0.0,0.0,0.0,0.0,0.0
7.349999999999968,0.011531872068636864,dol,dol,dol,0.0,0.0,0.085,0.01,0.2,0.6,0.2,0.0,0.0,0.0,0.0,0.0,0.0,0.0,0.0
7.3733333333333055,0.010926586166742963,dol,dol,dol,0.01,0.0,0.0,0.01,0.2,0.9,0.2,0.0,0.0,0.0,0.0,0.0,0.0,0.0,0.0
7.375599999999993,0.009546199286355509,dol,dol,dol,0.0,0.0,0.085,0.0,0.16,0.6,0.0,0.0,0.0,0.0,0.0,0.0,0.0,0.0,0.0
7.380000000000016,0.012169776500580196,dol,dol,dol,0.01,0.0,0.045,0.0,0.2,0.9,0.2,0.0,0.0,0.0,0.0,0.0,0.0,0.0,0.0
7.390000000000008,0.012063869691186406,dol,dol,dol,0.0,0.0,0.085,0.01,0.16,0.008,0.004,0.0,0.0,0.0,0.0,0.0,0.0,0.0,0.0
7.3933333333333255,0.012068778363412963,dol,dol,dol,0.0,0.0,0.085,0.01,0.16,0.008,0.0,0.0,0.0,0.0,0.0,0.0,0.0,0.0,0.0
7.403333333333317,0.010323750865161622,dol,sqrt,dol,0.0,0.0,0.045,0.01,0.12,0.6,0.0,0.0,0.0,0.0,0.0,0.0,0.0,0.0,0.0
7.403333333333354,0.01208757464567705,dol,dol,dol,0.0,0.0,0.085,0.01,0.16,0.008,0.0,0.0,0.0,0.0,1.0,0.0,0.0,0.0,0.0
7.403333333333354,0.01208757464567705,dol,dol,dol,0.0,0.0,0.085,0.01,0.16,0.008,0.004,0.0,0.0,0.0,1.0,0.0,0.0,0.0,0.0
7.420000000000019,0.011855119009977952,dol,dol,dol,0.01,0.015,0.045,0.0,0.2,0.6,0.0,0.0,0.0,0.0,0.0,0.0,0.0,0.0,0.0
7.435599999999987,0.009628320268104132,dol,dol,dol,0.0,0.0,0.085,0.01,0.2,1.2,0.0,0.0,0.0,0.0,0.0,0.0,0.0,0.0,0.0
7.440000000000002,0.015656329192303583,dol,dol,dol,-0.01,0.015,0.085,0.03,0.16,0.6,0.2,0.0,0.0,0.0,0.0,0.0,0.0,0.0,0.0
7.446666666666638,0.013342145229809678,dol,dol,dol,0.01,0.0,0.0,0.0,0.16,1.2,0.0,0.0,0.0,0.0,0.0,0.0,0.0,0.0,0.0
7.449999999999993,0.011015461729365274,dol,dol,dol,0.0,0.015,0.085,0.01,0.16,0.008,0.0,0.0,0.0,0.0,1.0,-300.0,0.0,0.0,0.0
7.453333333333312,0.015108177479125028,dol,sqrt,dol,0.0,0.015,0.045,0.01,0.16,1.6,0.0,0.0,0.0,0.0,0.0,0.0,0.0,0.0,0.0
7.453333333333348,0.011018436270716999,dol,dol,dol,0.0,0.015,0.085,0.01,0.16,0.008,0.004,0.0,0.0,0.0,1.0,-300.0,0.0,0.0,0.0
7.456666666666667,0.01221701000275466,dol,dol,dol,0.0,0.0,0.085,0.01,0.16,0.0,0.0,0.0,0.0,0.0,0.0,0.0,0.011,0.0,0.0
7.456666666666667,0.01221701000275466,dol,dol,dol,0.0,0.0,0.085,0.01,0.16,0.0,0.004,0.0,0.0,0.0,0.0,0.0,0.011,0.0,0.0
7.456666666666667,0.011079566748448847,dol,dol,dol,0.0,0.015,0.085,0.01,0.16,0.0,0.0,0.0,0.0,0.0,1.0,-300.0,0.011,0.0,0.0
7.456666666666667,0.011079566748448847,dol,dol,dol,0.0,0.015,0.085,0.01,0.16,0.0,0.004,0.0,0.0,0.0,1.0,-300.0,0.011,0.0,0.0
7.460000000000022,0.012220162273881644,dol,dol,dol,0.0,0.0,0.085,0.01,0.16,0.0,0.0,0.0,0.0,0.0,1.0,0.0,0.011,0.0,0.0
7.460000000000022,0.012220162273881644,dol,dol,dol,0.0,0.0,0.085,0.01,0.16,0.0,0.004,0.0,0.0,0.0,1.0,0.0,0.011,0.0,0.0
7.460000000000022,0.012176292755155789,dol,dol,dol,0.0,0.0,0.085,0.01,0.16,0.003,0.0,0.0,0.0,0.0,1.0,0.0,0.0,0.0,0.0
7.460000000000022,0.01217724033992499,dol,dol,dol,0.0,0.0,0.085,0.01,0.16,0.003,0.004,0.0,0.0,0.0,1.0,0.0,0.0,0.0,0.0
7.46333333333334,0.012175317080059964,dol,dol,dol,0.0,0.0,0.085,0.01,0.16,0.003,0.004,0.0,0.0,0.0,0.0,0.0,0.0,0.0,0.0
7.46333333333334,0.011024313335465332,dol,dol,dol,0.0,0.015,0.085,0.01,0.16,0.008,0.0,0.0,0.0,0.0,0.0,-300.0,0.0,0.0,0.0
7.46333333333334,0.011024945287510171,dol,dol,dol,0.0,0.015,0.085,0.01,0.16,0.008,0.004,0.0,0.0,0.0,0.0,-300.0,0.0,0.0,0.0
7.466666666666658,0.012179637138060181,dol,dol,dol,0.0,0.0,0.085,0.01,0.16,0.003,0.0,0.0,0.0,0.0,0.0,0.0,0.0,0.0,0.0
7.466666666666658,0.011086160611821898,dol,dol,dol,0.0,0.015,0.085,0.01,0.16,0.0,0.0,0.0,0.0,0.0,0.0,-300.0,0.011,0.0,0.0
7.466666666666658,0.011086160611821898,dol,dol,dol,0.0,0.015,0.085,0.01,0.16,0.0,0.004,0.0,0.0,0.0,0.0,-300.0,0.011,0.0,0.0
7.478399999999974,0.012591715415745016,dol,dol,dol,0.01,0.0,0.0,0.01,0.2,1.6,0.0,0.0,0.0,0.0,0.0,0.0,0.0,0.0,0.0
7.486666666666678,0.012233441903847609,dol,dol,dol,0.0,0.0,0.085,0.01,0.16,0.0,0.0,0.0,0.0,0.0,1.0,0.0,0.0,0.0,0.0
7.486666666666678,0.012233441903847609,dol,dol,dol,0.0,0.0,0.085,0.01,0.16,0.0,0.004,0.0,0.0,0.0,1.0,0.0,0.0,0.0,0.0
7.489999999999997,0.011086138963187818,dol,dol,dol,0.0,0.015,0.085,0.01,0.16,0.003,0.0,0.0,0.0,0.0,1.0,-300.0,0.0,0.0,0.0
7.489999999999997,0.011086138963187818,dol,dol,dol,0.0,0.015,0.085,0.01,0.16,0.003,0.004,0.0,0.0,0.0,1.0,-300.0,0.0,0.0,0.0
7.4933333333333145,0.014713450815117735,dol,dol,dol,0.0,0.015,0.085,0.03,0.26,1.2,0.2,0.0,0.0,0.0,0.0,0.0,0.0,0.0,0.0
7.493333333333352,0.012239750060992075,dol,dol,dol,0.0,0.0,0.085,0.01,0.16,0.0,0.0,0.0,0.0,0.0,0.0,0.0,0.0,0.0,0.0
7.493333333333352,0.012239750060992075,dol,dol,dol,0.0,0.0,0.085,0.01,0.16,0.0,0.004,0.0,0.0,0.0,0.0,0.0,0.0,0.0,0.0
7.493333333333352,0.01109014851785801,dol,dol,dol,0.0,0.015,0.085,0.01,0.16,0.003,0.0,0.0,0.0,0.0,0.0,-300.0,0.0,0.0,0.0
7.493333333333352,0.01109014851785801,dol,dol,dol,0.0,0.015,0.085,0.01,0.16,0.003,0.004,0.0,0.0,0.0,0.0,-300.0,0.0,0.0,0.0
7.520000000000008,0.011131109162396409,dol,dol,dol,0.0,0.015,0.085,0.01,0.16,0.0,0.0,0.0,0.0,0.0,0.0,-300.0,0.0,0.0,0.0
7.520000000000008,0.011131109162396409,dol,dol,dol,0.0,0.015,0.085,0.01,0.16,0.0,0.004,0.0,0.0,0.0,0.0,-300.0,0.0,0.0,0.0
7.523333333333326,0.012076608491901463,dol,dol,dol,0.0,0.0,0.085,0.01,0.16,0.008,0.0,0.0,0.0,0.0,1.0,-300.0,0.0,0.0,0.0
7.523333333333326,0.012076608491901463,dol,dol,dol,0.0,0.0,0.085,0.01,0.16,0.008,0.004,0.0,0.0,0.0,1.0,-300.0,0.0,0.0,0.0
7.527600000000012,0.01211155377682354,dol,dol,dol,0.0,0.0,0.085,0.01,0.2,0.6,0.0,0.0,0.0,0.0,0.0,0.0,0.0,0.0,0.0
7.529999999999999,0.011143892301598655,dol,dol,dol,0.0,0.015,0.085,0.01,0.16,0.0,0.0,0.0,0.0,0.0,1.0,-300.0,0.0,0.0,0.0
7.529999999999999,0.011143892301598655,dol,dol,dol,0.0,0.015,0.085,0.01,0.16,0.0,0.004,0.0,0.0,0.0,1.0,-300.0,0.0,0.0,0.0
7.533333333333336,0.012699340872367838,dol,dol,dol,0.0,0.015,0.045,0.01,0.16,0.008,0.004,0.0,0.0,0.0,0.0,0.0,0.0,0.0,0.0
7.536666666666672,0.01208751526407555,dol,dol,dol,0.0,0.0,0.085,0.01,0.16,0.008,0.0,0.0,0.0,0.0,0.0,-300.0,0.0,0.0,0.0
7.536666666666672,0.01208751526407555,dol,dol,dol,0.0,0.0,0.085,0.01,0.16,0.008,0.004,0.0,0.0,0.0,0.0,-300.0,0.0,0.0,0.0
7.536666666666672,0.012696743329893092,dol,dol,dol,0.0,0.015,0.045,0.01,0.16,0.008,0.0,0.0,0.0,0.0,0.0,0.0,0.0,0.0,0.0
7.543333333333346,0.012691816292982433,dol,dol,dol,0.0,0.015,0.045,0.01,0.16,0.008,0.0,0.0,0.0,0.0,1.0,0.0,0.0,0.0,0.0
7.543333333333346,0.012691816292982433,dol,dol,dol,0.0,0.015,0.045,0.01,0.16,0.008,0.004,0.0,0.0,0.0,1.0,0.0,0.0,0.0,0.0
7.553333333333337,0.010330148652617992,dol,dol,dol,-0.01,0.0,0.14,0.03,0.2,1.2,0.0,0.0,0.0,0.0,0.0,0.0,0.0,0.0,0.0
7.553333333333337,0.012224541197177159,dol,dol,dol,0.0,0.0,0.085,0.01,0.16,0.0,0.0,0.0,0.0,0.0,1.0,-300.0,0.011,0.0,0.0
7.553333333333337,0.012224541197177159,dol,dol,dol,0.0,0.0,0.085,0.01,0.16,0.0,0.004,0.0,0.0,0.0,1.0,-300.0,0.011,0.0,0.0
7.560000000000011,0.01216023927944403,dol,dol,dol,0.0,0.0,0.085,0.01,0.16,0.003,0.0,0.0,0.0,0.0,1.0,-300.0,0.0,0.0,0.0
7.560000000000011,0.01216023927944403,dol,dol,dol,0.0,0.0,0.085,0.01,0.16,0.003,0.004,0.0,0.0,0.0,1.0,-300.0,0.0,0.0,0.0
7.563333333333329,0.012228216250404905,dol,dol,dol,0.0,0.0,0.085,0.01,0.16,0.0,0.0,0.0,0.0,0.0,0.0,-300.0,0.011,0.0,0.0
7.563333333333329,0.012228216250404905,dol,dol,dol,0.0,0.0,0.085,0.01,0.16,0.0,0.004,0.0,0.0,0.0,0.0,-300.0,0.011,0.0,0.0
7.566666666666684,0.0121641027770391,dol,dol,dol,0.0,0.0,0.085,0.01,0.16,0.003,0.0,0.0,0.0,0.0,0.0,-300.0,0.0,0.0,0.0
7.566666666666684,0.0121641027770391,dol,dol,dol,0.0,0.0,0.085,0.01,0.16,0.003,0.004,0.0,0.0,0.0,0.0,-300.0,0.0,0.0,0.0
7.596666666666677,0.01263514809891364,dol,dol,dol,0.0,0.015,0.045,0.01,0.16,0.003,0.0,0.0,0.0,0.0,0.0,0.0,0.0,0.0,0.0
7.596666666666677,0.01263514809891364,dol,dol,dol,0.0,0.015,0.045,0.01,0.16,0.003,0.004,0.0,0.0,0.0,0.0,0.0,0.0,0.0,0.0
7.600000000000014,0.012581555167960931,dol,dol,dol,0.0,0.015,0.045,0.01,0.16,0.0,0.0,0.0,0.0,0.0,0.0,0.0,0.011,0.0,0.0
7.600000000000014,0.012585407102113371,dol,dol,dol,0.0,0.015,0.045,0.01,0.16,0.0,0.0,0.0,0.0,0.0,1.0,0.0,0.011,0.0,0.0
7.600000000000014,0.012581555167960931,dol,dol,dol,0.0,0.015,0.045,0.01,0.16,0.0,0.004,0.0,0.0,0.0,0.0,0.0,0.011,0.0,0.0
7.600000000000014,0.012585407102113371,dol,dol,dol,0.0,0.015,0.045,0.01,0.16,0.0,0.004,0.0,0.0,0.0,1.0,0.0,0.011,0.0,0.0
7.600000000000014,0.012633226915412236,dol,dol,dol,0.0,0.015,0.045,0.01,0.16,0.003,0.0,0.0,0.0,0.0,1.0,0.0,0.0,0.0,0.0
7.600000000000014,0.012633226915412236,dol,dol,dol,0.0,0.015,0.045,0.01,0.16,0.003,0.004,0.0,0.0,0.0,1.0,0.0,0.0,0.0,0.0
7.603333333333332,0.012240674639480845,dol,dol,dol,0.0,0.0,0.085,0.01,0.16,0.0,0.0,0.0,0.0,0.0,0.0,-300.0,0.0,0.0,0.0
7.603333333333332,0.012236735194577946,dol,dol,dol,0.0,0.0,0.085,0.01,0.16,0.0,0.0,0.0,0.0,0.0,1.0,-300.0,0.0,0.0,0.0
7.603333333333332,0.012240674639480845,dol,dol,dol,0.0,0.0,0.085,0.01,0.16,0.0,0.004,0.0,0.0,0.0,0.0,-300.0,0.0,0.0,0.0
7.603333333333332,0.012236735194577946,dol,dol,dol,0.0,0.0,0.085,0.01,0.16,0.0,0.004,0.0,0.0,0.0,1.0,-300.0,0.0,0.0,0.0
7.6266666666666705,0.012610926188560974,dol,dol,dol,0.0,0.015,0.045,0.01,0.16,0.0,0.0,0.0,0.0,0.0,1.0,0.0,0.0,0.0,0.0
7.6266666666666705,0.012610926188560974,dol,dol,dol,0.0,0.015,0.045,0.01,0.16,0.0,0.004,0.0,0.0,0.0,1.0,0.0,0.0,0.0,0.0
7.629999999999988,0.013123923902270702,dol,dol,dol,0.01,0.015,0.0,0.03,0.26,1.6,0.2,0.0,0.0,0.0,0.0,0.0,0.0,0.0,0.0
7.6333333333333435,0.012609795548611302,dol,dol,dol,0.0,0.015,0.045,0.01,0.16,0.0,0.0,0.0,0.0,0.0,0.0,0.0,0.0,0.0,0.0
7.6333333333333435,0.012609795548611302,dol,dol,dol,0.0,0.015,0.045,0.01,0.16,0.0,0.004,0.0,0.0,0.0,0.0,0.0,0.0,0.0,0.0
7.636666666666661,0.011287061786744051,dol,dol,dol,0.0,0.015,0.085,0.01,0.16,0.0,0.0,0.0,0.0,0.0,0.0,0.0,0.0,0.0,0.0
7.636666666666661,0.011256145024599448,dol,dol,dol,0.0,0.015,0.085,0.01,0.16,0.0,0.0,0.0,0.0,0.0,1.0,0.0,0.011,0.0,0.0
7.636666666666661,0.011287061786744051,dol,dol,dol,0.0,0.015,0.085,0.01,0.16,0.0,0.004,0.0,0.0,0.0,0.0,0.0,0.0,0.0,0.0
7.636666666666661,0.011256145024599448,dol,dol,dol,0.0,0.015,0.085,0.01,0.16,0.0,0.004,0.0,0.0,0.0,1.0,0.0,0.011,0.0,0.0
7.63999999999998,0.011251332895525127,dol,dol,dol,0.0,0.015,0.085,0.01,0.16,0.0,0.0,0.0,0.0,0.0,0.0,0.0,0.011,0.0,0.0
7.63999999999998,0.011285781388789865,dol,dol,dol,0.0,0.015,0.085,0.01,0.16,0.0,0.0,0.0,0.0,0.0,1.0,0.0,0.0,0.0,0.0
7.63999999999998,0.011251332895525127,dol,dol,dol,0.0,0.015,0.085,0.01,0.16,0.0,0.004,0.0,0.0,0.0,0.0,0.0,0.011,0.0,0.0
7.63999999999998,0.011285781388789865,dol,dol,dol,0.0,0.015,0.085,0.01,0.16,0.0,0.004,0.0,0.0,0.0,1.0,0.0,0.0,0.0,0.0
7.66,0.011796807700641976,dol,dol,dol,0.01,0.015,0.0,0.0,0.2,1.2,0.2,0.0,0.0,0.0,0.0,0.0,0.0,0.0,0.0
7.663333333333318,0.011251010953753525,dol,dol,dol,0.0,0.015,0.085,0.01,0.16,0.003,0.0,0.0,0.0,0.0,1.0,0.0,0.0,0.0,0.0
7.663333333333318,0.011251010953753525,dol,dol,dol,0.0,0.015,0.085,0.01,0.16,0.003,0.004,0.0,0.0,0.0,1.0,0.0,0.0,0.0,0.0
7.666666666666673,0.011247983131144827,dol,dol,dol,0.0,0.015,0.085,0.01,0.16,0.003,0.0,0.0,0.0,0.0,0.0,0.0,0.0,0.0,0.0
7.666666666666673,0.011247983131144827,dol,dol,dol,0.0,0.015,0.085,0.01,0.16,0.003,0.004,0.0,0.0,0.0,0.0,0.0,0.0,0.0,0.0
7.6800000000000015,0.011180214173394121,dol,dol,dol,0.01,0.0,0.0,0.01,0.16,0.008,0.0,0.0,0.0,0.0,1.0,0.0,0.0,0.0,0.0
7.6800000000000015,0.011180214173394121,dol,dol,dol,0.01,0.0,0.0,0.01,0.16,0.008,0.004,0.0,0.0,0.0,1.0,0.0,0.0,0.0,0.0
7.683333333333301,0.014065214408972584,dol,dol,dol,-0.01,0.0,0.085,0.03,0.16,0.6,0.2,0.0,0.0,0.0,0.0,0.0,0.0,0.0,0.0
7.683333333333338,0.011184461281087611,dol,dol,dol,0.01,0.0,0.0,0.01,0.16,0.008,0.0,0.0,0.0,0.0,0.0,0.0,0.0,0.0,0.0
7.683333333333338,0.011184461281087611,dol,dol,dol,0.01,0.0,0.0,0.01,0.16,0.008,0.004,0.0,0.0,0.0,0.0,0.0,0.0,0.0,0.0
7.706666666666658,0.01147806313832639,dol,dol,dol,-0.01,0.0,0.085,0.03,0.2,1.2,0.2,0.0,0.0,0.0,0.0,0.0,0.0,0.0,0.0
7.709999999999995,0.011204286848245985,dol,dol,dol,0.0,0.015,0.085,0.01,0.16,0.008,0.0,0.0,0.0,0.0,0.0,0.0,0.0,0.0,0.0
7.709999999999995,0.011204286848245985,dol,dol,dol,0.0,0.015,0.085,0.01,0.16,0.008,0.004,0.0,0.0,0.0,0.0,0.0,0.0,0.0,0.0
7.723333333333341,0.011200720912645,dol,dol,dol,0.0,0.015,0.085,0.01,0.16,0.008,0.0,0.0,0.0,0.0,1.0,0.0,0.0,0.0,0.0
7.723333333333341,0.011200720912645,dol,dol,dol,0.0,0.015,0.085,0.01,0.16,0.008,0.004,0.0,0.0,0.0,1.0,0.0,0.0,0.0,0.0
7.723333333333341,0.01119510816118989,dol,dol,dol,0.01,0.0,0.0,0.01,0.16,0.003,0.0,0.0,0.0,0.0,0.0,0.0,0.0,0.0,0.0
7.723333333333341,0.01119510816118989,dol,dol,dol,0.01,0.0,0.0,0.01,0.16,0.003,0.004,0.0,0.0,0.0,0.0,0.0,0.0,0.0,0.0
7.7400000000000055,0.011204323242986742,dol,dol,dol,0.01,0.0,0.0,0.01,0.16,0.003,0.0,0.0,0.0,0.0,1.0,0.0,0.0,0.0,0.0
7.7400000000000055,0.011204323242986742,dol,dol,dol,0.01,0.0,0.0,0.01,0.16,0.003,0.004,0.0,0.0,0.0,1.0,0.0,0.0,0.0,0.0
7.753333333333334,0.011210464261704897,dol,dol,dol,0.01,0.0,0.0,0.01,0.16,0.0,0.0,0.0,0.0,0.0,0.0,0.0,0.0,0.0,0.0
7.753333333333334,0.011210464261704897,dol,dol,dol,0.01,0.0,0.0,0.01,0.16,0.0,0.004,0.0,0.0,0.0,0.0,0.0,0.0,0.0,0.0
7.760000000000008,0.011210208181897474,dol,dol,dol,0.01,0.0,0.0,0.01,0.16,0.0,0.0,0.0,0.0,0.0,1.0,0.0,0.0,0.0,0.0
7.760000000000008,0.011210208181897474,dol,dol,dol,0.01,0.0,0.0,0.01,0.16,0.0,0.004,0.0,0.0,0.0,1.0,0.0,0.0,0.0,0.0
7.763333333333344,0.011201606501847044,dol,dol,dol,0.01,0.0,0.0,0.01,0.16,0.0,0.0,0.0,0.0,0.0,1.0,0.0,0.011,0.0,0.0
7.763333333333344,0.011201606501847044,dol,dol,dol,0.01,0.0,0.0,0.01,0.16,0.0,0.004,0.0,0.0,0.0,1.0,0.0,0.011,0.0,0.0
7.766666666666681,0.011207172673486082,dol,dol,dol,0.01,0.0,0.0,0.01,0.16,0.0,0.0,0.0,0.0,0.0,0.0,0.0,0.011,0.0,0.0
7.766666666666681,0.011207172673486082,dol,dol,dol,0.01,0.0,0.0,0.01,0.16,0.0,0.004,0.0,0.0,0.0,0.0,0.0,0.011,0.0,0.0
7.77960000000002,0.011122198560303378,dol,dol,dol,0.01,0.015,0.045,0.0,0.2,0.9,0.0,0.0,0.0,0.0,0.0,0.0,0.0,0.0,0.0
7.780000000000009,0.011615441991877305,dol,sqrt,dol,0.0,0.0,0.045,0.0,0.12,0.9,0.0,0.0,0.0,0.0,0.0,0.0,0.0,0.0,0.0
7.783333333333327,0.01315992913692504,dol,dol,dol,0.01,0.015,0.045,0.01,0.26,1.6,0.0,0.0,0.0,0.0,0.0,0.0,0.0,0.0,0.0
7.796666666666674,0.0138241392230858,sqrt,dol,dol,-0.01,0.015,0.14,0.03,0.2,0.6,0.0,0.0,0.0,0.0,0.0,0.0,0.0,0.0,0.0
7.809999999999984,0.009500657408052633,dol,dol,dol,-0.01,0.015,0.14,0.01,0.16,0.6,0.0,0.0,0.0,0.0,0.0,0.0,0.0,0.0,0.0
7.8399999999999945,0.009814606427836683,dol,dol,dol,-0.01,0.0,0.085,0.03,0.16,0.0,0.0,0.0,0.0,0.0,0.0,0.0,0.011,0.0,0.0
7.8399999999999945,0.009814606427836683,dol,dol,dol,-0.01,0.0,0.085,0.03,0.16,0.0,0.004,0.0,0.0,0.0,0.0,0.0,0.011,0.0,0.0
7.843333333333313,0.009814139312463633,dol,dol,dol,-0.01,0.0,0.085,0.03,0.16,0.0,0.0,0.0,0.0,0.0,1.0,0.0,0.011,0.0,0.0
7.843333333333313,0.009814139312463633,dol,dol,dol,-0.01,0.0,0.085,0.03,0.16,0.0,0.004,0.0,0.0,0.0,1.0,0.0,0.011,0.0,0.0
7.856666666666659,0.010906198954247506,dol,dol,dol,0.0,0.0,0.085,0.0,0.2,0.9,0.0,0.0,0.0,0.0,0.0,0.0,0.0,0.0,0.0
7.863333333333333,0.009803482453813137,dol,dol,dol,-0.01,0.0,0.085,0.03,0.16,0.0,0.0,0.0,0.0,0.0,1.0,0.0,0.0,0.0,0.0
7.863333333333333,0.009803482453813137,dol,dol,dol,-0.01,0.0,0.085,0.03,0.16,0.0,0.004,0.0,0.0,0.0,1.0,0.0,0.0,0.0,0.0
7.86666666666667,0.01405726352644255,dol,dol,dol,0.0,0.015,0.085,0.0,0.2,1.2,0.2,0.0,0.0,0.0,0.0,0.0,0.0,0.0,0.0
7.870000000000006,0.01320695658720419,dol,dol,dol,-0.01,0.015,0.14,0.01,0.2,0.9,0.0,0.0,0.0,0.0,0.0,0.0,0.0,0.0,0.0
7.873333333333324,0.00980874319355119,dol,dol,dol,-0.01,0.0,0.085,0.03,0.16,0.0,0.0,0.0,0.0,0.0,0.0,0.0,0.0,0.0,0.0
7.873333333333324,0.00980874319355119,dol,dol,dol,-0.01,0.0,0.085,0.03,0.16,0.0,0.004,0.0,0.0,0.0,0.0,0.0,0.0,0.0,0.0
7.875600000000027,0.011760038646320973,dol,dol,dol,0.0,0.0,0.085,0.03,0.2,0.9,0.2,0.0,0.0,0.0,0.0,0.0,0.0,0.0,0.0
7.889999999999989,0.012731769133127539,dol,sqrt,dol,0.01,0.015,0.0,0.0,0.12,0.9,0.0,0.0,0.0,0.0,0.0,0.0,0.0,0.0,0.0
7.893333333333344,0.010977555253030307,dol,dol,dol,0.0,0.015,0.085,0.0,0.2,0.6,0.0,0.0,0.0,0.0,0.0,0.0,0.0,0.0,0.0
7.906666666666654,0.009799846714598616,dol,dol,dol,-0.01,0.0,0.085,0.03,0.16,0.003,0.0,0.0,0.0,0.0,0.0,0.0,0.0,0.0,0.0
7.906666666666654,0.009799846714598616,dol,dol,dol,-0.01,0.0,0.085,0.03,0.16,0.003,0.004,0.0,0.0,0.0,0.0,0.0,0.0,0.0,0.0
7.906666666666654,0.009806509066639043,dol,dol,dol,-0.01,0.0,0.085,0.03,0.16,0.003,0.004,0.0,0.0,0.0,1.0,0.0,0.0,0.0,0.0
7.910000000000009,0.0098064302826711,dol,dol,dol,-0.01,0.0,0.085,0.03,0.16,0.003,0.0,0.0,0.0,0.0,1.0,0.0,0.0,0.0,0.0
7.913333333333328,0.010219210743605486,dol,dol,dol,0.01,0.0,0.0,0.01,0.2,1.2,0.2,0.0,0.0,0.0,0.0,0.0,0.0,0.0,0.0
7.943333333333339,0.014019966743237352,dol,sqrt,dol,0.0,0.0,0.045,0.0,0.12,1.2,0.0,0.0,0.0,0.0,0.0,0.0,0.0,0.0,0.0
7.950000000000013,0.012577959090762248,dol,dol,dol,0.01,0.0,0.045,0.0,0.2,0.6,0.0,0.0,0.0,0.0,0.0,0.0,0.0,0.0,0.0
7.963333333333322,0.009803060561394603,dol,dol,dol,-0.01,0.0,0.085,0.03,0.16,0.008,0.0,0.0,0.0,0.0,1.0,0.0,0.0,0.0,0.0
7.963333333333322,0.009801808604840525,dol,dol,dol,-0.01,0.0,0.085,0.03,0.16,0.008,0.004,0.0,0.0,0.0,1.0,0.0,0.0,0.0,0.0
7.966666666666677,0.00979956885294979,dol,dol,dol,-0.01,0.0,0.085,0.03,0.16,0.008,0.0,0.0,0.0,0.0,0.0,0.0,0.0,0.0,0.0
7.966666666666677,0.00979956885294979,dol,dol,dol,-0.01,0.0,0.085,0.03,0.16,0.008,0.004,0.0,0.0,0.0,0.0,0.0,0.0,0.0,0.0
7.979599999999998,0.012121610426561865,dol,dol,dol,0.0,0.015,0.085,0.0,0.16,0.6,0.0,0.0,0.0,0.0,0.0,0.0,0.0,0.0,0.0
7.999599999999996,0.012910423268156723,dol,dol,dol,0.01,0.0,0.045,0.01,0.2,0.6,0.2,0.0,0.0,0.0,0.0,0.0,0.0,0.0,0.0
8.003333333333325,0.009269424094140737,dol,dol,dol,0.01,0.015,0.0,0.0,0.2,1.6,0.0,0.0,0.0,0.0,0.0,0.0,0.0,0.0,0.0
8.016666666666671,0.01305110113418844,dol,dol,dol,0.0,0.0,0.085,0.03,0.2,1.6,0.0,0.0,0.0,0.0,0.0,0.0,0.0,0.0,0.0
8.036666666666692,0.011691164536615757,dol,sqrt,rank,0.01,0.0,0.14,0.0,0.12,0.6,0.0,0.0,0.0,0.0,0.0,0.0,0.0,0.0,0.0
8.046666666666683,0.013016375557991037,dol,sqrt,dol,0.01,0.015,0.0,0.01,0.12,0.6,0.0,0.0,0.0,0.0,0.0,0.0,0.0,0.0,0.0
8.051600000000025,0.011306936877667406,dol,dol,dol,-0.01,0.015,0.085,0.03,0.2,0.6,0.2,0.0,0.0,0.0,0.0,0.0,0.0,0.0,0.0
8.05333333333332,0.009514420482147663,dol,dol,dol,-0.01,0.015,0.085,0.03,0.16,0.0,0.0,0.0,0.0,0.0,0.0,0.0,0.011,0.0,0.0
8.05333333333332,0.009514420482147663,dol,dol,dol,-0.01,0.015,0.085,0.03,0.16,0.0,0.004,0.0,0.0,0.0,0.0,0.0,0.011,0.0,0.0
8.056666666666676,0.009515735004016593,dol,dol,dol,-0.01,0.015,0.085,0.03,0.16,0.0,0.0,0.0,0.0,0.0,1.0,0.0,0.011,0.0,0.0
8.056666666666676,0.009515735004016593,dol,dol,dol,-0.01,0.015,0.085,0.03,0.16,0.0,0.004,0.0,0.0,0.0,1.0,0.0,0.011,0.0,0.0
8.07333333333334,0.009503797529486902,dol,dol,dol,-0.01,0.015,0.085,0.03,0.16,0.0,0.0,0.0,0.0,0.0,0.0,0.0,0.0,0.0,0.0
8.07333333333334,0.009508920143543972,dol,dol,dol,-0.01,0.015,0.085,0.03,0.16,0.0,0.0,0.0,0.0,0.0,1.0,0.0,0.0,0.0,0.0
8.07333333333334,0.009503797529486902,dol,dol,dol,-0.01,0.015,0.085,0.03,0.16,0.0,0.004,0.0,0.0,0.0,0.0,0.0,0.0,0.0,0.0
8.07333333333334,0.009508920143543972,dol,dol,dol,-0.01,0.015,0.085,0.03,0.16,0.0,0.004,0.0,0.0,0.0,1.0,0.0,0.0,0.0,0.0
8.079999999999975,0.009802088141101652,dol,dol,dol,0.01,0.0,0.0,0.0,0.16,0.6,0.2,0.0,0.0,0.0,0.0,0.0,0.0,0.0,0.0
8.087599999999995,0.010337142455637716,dol,dol,dol,0.0,0.015,0.085,0.01,0.2,1.2,0.0,0.0,0.0,0.0,0.0,0.0,0.0,0.0,0.0
8.09333333333336,0.012663852877529165,sqrt,dol,dol,0.0,0.0,0.085,0.03,0.2,0.6,0.0,0.0,0.0,0.0,0.0,0.0,0.0,0.0,0.0
8.096666666666641,0.010334290962794847,dol,dol,dol,0.0,0.015,0.045,0.01,0.2,1.2,0.2,0.0,0.0,0.0,0.0,0.0,0.0,0.0,0.0
8.099999999999996,0.009533394758931866,dol,dol,dol,-0.01,0.015,0.085,0.03,0.16,0.003,0.0,0.0,0.0,0.0,1.0,0.0,0.0,0.0,0.0
8.099999999999996,0.009533394758931866,dol,dol,dol,-0.01,0.015,0.085,0.03,0.16,0.003,0.004,0.0,0.0,0.0,1.0,0.0,0.0,0.0,0.0
8.103333333333314,0.009531970768982694,dol,dol,dol,-0.01,0.015,0.085,0.03,0.16,0.003,0.004,0.0,0.0,0.0,0.0,0.0,0.0,0.0,0.0
8.10666666666667,0.009533136015829015,dol,dol,dol,-0.01,0.015,0.085,0.03,0.16,0.003,0.0,0.0,0.0,0.0,0.0,0.0,0.0,0.0,0.0
8.107599999999993,0.013604207766825777,dol,dol,dol,0.0,0.015,0.085,0.03,0.26,1.2,0.0,0.0,0.0,0.0,0.0,0.0,0.0,0.0,0.0
8.118399999999992,0.01227007434853262,dol,dol,dol,0.01,0.015,0.0,0.01,0.2,0.6,0.2,0.0,0.0,0.0,0.0,0.0,0.0,0.0,0.0
8.123333333333335,0.01229853547740092,dol,sqrt,dol,0.01,0.0,0.0,0.01,0.12,0.9,0.0,0.0,0.0,0.0,0.0,0.0,0.0,0.0,0.0
8.126666666666653,0.009566788427409418,dol,dol,dol,-0.01,0.015,0.085,0.03,0.16,0.008,0.0,0.0,0.0,0.0,0.0,0.0,0.0,0.0,0.0
8.126666666666653,0.009572021308267427,dol,dol,dol,-0.01,0.015,0.085,0.03,0.16,0.008,0.0,0.0,0.0,0.0,1.0,0.0,0.0,0.0,0.0
8.126666666666653,0.009566788427409418,dol,dol,dol,-0.01,0.015,0.085,0.03,0.16,0.008,0.004,0.0,0.0,0.0,0.0,0.0,0.0,0.0,0.0
8.126666666666653,0.009568883370747227,dol,dol,dol,-0.01,0.015,0.085,0.03,0.16,0.008,0.004,0.0,0.0,0.0,1.0,0.0,0.0,0.0,0.0
8.133333333333326,0.012895198046818313,dol,dol,dol,-0.01,0.015,0.14,0.03,0.2,1.6,0.0,0.0,0.0,0.0,0.0,0.0,0.0,0.0,0.0
8.133333333333326,0.013634440517389112,dol,dol,dol,0.0,0.0,0.085,0.01,0.16,0.9,0.0,0.0,0.0,0.0,0.0,0.0,0.0,0.0,0.0
8.15333333333331,0.013358809774549254,dol,dol,dol,-0.01,0.0,0.14,0.03,0.2,1.6,0.0,0.0,0.0,0.0,0.0,0.0,0.0,0.0,0.0
8.180000000000001,0.01483491632252423,dol,dol,dol,0.01,0.015,0.045,0.03,0.26,1.2,0.2,0.0,0.0,0.0,0.0,0.0,0.0,0.0,0.0
8.20333333333332,0.012213970419458504,dol,dol,dol,0.0,0.0,0.085,0.01,0.2,1.2,0.2,0.0,0.0,0.0,0.0,0.0,0.0,0.0,0.0
8.20333333333334,0.01097634831336433,dol,dol,dol,0.01,0.015,0.045,0.0,0.2,0.6,0.2,0.0,0.0,0.0,0.0,0.0,0.0,0.0,0.0
8.209999999999996,0.010079537471016684,dol,dol,dol,-0.01,0.015,0.085,0.03,0.2,1.2,0.2,0.0,0.0,0.0,0.0,0.0,0.0,0.0,0.0
8.220000000000004,0.011005960038559562,dol,dol,dol,0.01,0.0,0.0,0.0,0.16,0.9,0.2,0.0,0.0,0.0,0.0,0.0,0.0,0.0,0.0
8.226666666666679,0.013042287719681812,dol,dol,dol,-0.01,0.015,0.14,0.01,0.2,1.2,0.0,0.0,0.0,0.0,0.0,0.0,0.0,0.0,0.0
8.229999999999997,0.01423205583910517,dol,sqrt,dol,0.0,0.015,0.045,0.0,0.12,0.6,0.2,0.0,0.0,0.0,0.0,0.0,0.0,0.0,0.0
8.239999999999988,0.013431690555741126,dol,dol,dol,0.01,0.015,0.045,0.01,0.2,1.6,0.0,0.0,0.0,0.0,0.0,0.0,0.0,0.0,0.0
8.239999999999988,0.013205687722425604,dol,sqrt,rank,0.01,0.0,0.085,0.0,0.12,0.9,0.0,0.0,0.0,0.0,0.0,0.0,0.0,0.0,0.0
8.249999999999979,0.015706638183807416,sqrt,dol,dol,-0.01,0.0,0.14,0.03,0.2,0.6,0.0,0.0,0.0,0.0,0.0,0.0,0.0,0.0,0.0
8.289999999999983,0.012320839139892646,dol,dol,dol,0.01,0.0,0.0,0.01,0.2,0.6,0.2,0.0,0.0,0.0,0.0,0.0,0.0,0.0,0.0
8.299999999999974,0.011953868616012494,dol,dol,dol,0.0,0.015,0.085,0.0,0.2,0.6,0.2,0.0,0.0,0.0,0.0,0.0,0.0,0.0,0.0
8.31333333333332,0.013846209084077828,dol,dol,dol,0.01,0.0,0.0,0.0,0.16,0.6,0.0,0.0,0.0,0.0,0.0,0.0,0.0,0.0,0.0
8.319999999999993,0.016514028718593116,dol,dol,dol,0.01,0.0,0.045,0.03,0.26,1.2,0.2,0.0,0.0,0.0,0.0,0.0,0.0,0.0,0.0
8.322399999999996,0.014435859725004248,dol,dol,dol,0.01,0.015,0.0,0.01,0.2,1.6,0.0,0.0,0.0,0.0,0.0,0.0,0.0,0.0,0.0
8.336666666666659,0.014967203581064752,dol,sqrt,rank,0.0,0.0,0.14,0.0,0.12,1.2,0.0,0.0,0.0,0.0,0.0,0.0,0.0,0.0,0.0
8.366666666666633,0.01076822352349038,dol,dol,dol,0.01,0.015,0.0,0.0,0.2,0.9,0.2,0.0,0.0,0.0,0.0,0.0,0.0,0.0,0.0
8.390000000000008,0.014316101246110586,dol,dol,dol,0.01,0.0,0.045,0.0,0.2,1.2,0.2,0.0,0.0,0.0,0.0,0.0,0.0,0.0,0.0
8.393333333333327,0.011316095914260395,dol,sqrt,rank,0.01,0.015,0.14,0.0,0.12,0.9,0.0,0.0,0.0,0.0,0.0,0.0,0.0,0.0,0.0
8.403333333333356,0.01350094556633666,dol,dol,dol,0.0,0.015,0.085,0.0,0.16,0.008,0.0,0.0,0.0,0.0,0.0,0.0,0.0,0.0,0.0
8.403333333333356,0.013501446893656342,dol,dol,dol,0.0,0.015,0.085,0.0,0.16,0.008,0.004,0.0,0.0,0.0,0.0,0.0,0.0,0.0,0.0
8.403333333333356,0.013500247764530248,dol,dol,dol,0.0,0.015,0.085,0.0,0.16,0.008,0.004,0.0,0.0,0.0,1.0,0.0,0.0,0.0,0.0
8.406666666666673,0.013505086561626951,dol,dol,dol,0.0,0.015,0.085,0.0,0.16,0.008,0.0,0.0,0.0,0.0,1.0,0.0,0.0,0.0,0.0
8.41333333333331,0.013300232610051659,dol,dol,dol,-0.01,0.015,0.085,0.01,0.16,0.9,0.2,0.0,0.0,0.0,0.0,0.0,0.0,0.0,0.0
8.416666666666664,0.01559257271196058,dol,dol,dol,0.01,0.0,0.0,0.03,0.26,1.6,0.2,0.0,0.0,0.0,0.0,0.0,0.0,0.0,0.0
8.416666666666664,0.01540423828402791,dol,sqrt,dol,0.01,0.0,0.0,0.0,0.12,0.9,0.0,0.0,0.0,0.0,0.0,0.0,0.0,0.0,0.0
8.440000000000003,0.015832922219224083,dol,dol,dol,0.0,0.015,0.085,0.03,0.26,1.6,0.2,0.0,0.0,0.0,0.0,0.0,0.0,0.0,0.0
8.446666666666639,0.013753740881019317,dol,sqrt,rank,0.0,0.0,0.14,0.01,0.12,0.9,0.0,0.0,0.0,0.0,0.0,0.0,0.0,0.0,0.0
8.456666666666667,0.01364440610110429,dol,dol,dol,0.0,0.015,0.085,0.0,0.16,0.003,0.0,0.0,0.0,0.0,0.0,0.0,0.0,0.0,0.0
8.456666666666667,0.01364440610110429,dol,dol,dol,0.0,0.015,0.085,0.0,0.16,0.003,0.004,0.0,0.0,0.0,0.0,0.0,0.0,0.0,0.0
8.460000000000004,0.009458370547161234,dol,dol,dol,0.01,0.015,0.0,0.01,0.2,1.2,0.2,0.0,0.0,0.0,0.0,0.0,0.0,0.0,0.0
8.460000000000022,0.01372192107001976,dol,dol,dol,0.0,0.015,0.085,0.0,0.16,0.0,0.0,0.0,0.0,0.0,0.0,0.0,0.011,0.0,0.0
8.460000000000022,0.01372192107001976,dol,dol,dol,0.0,0.015,0.085,0.0,0.16,0.0,0.004,0.0,0.0,0.0,0.0,0.0,0.011,0.0,0.0
8.463333333333342,0.013652144590720033,dol,dol,dol,0.0,0.015,0.085,0.0,0.16,0.003,0.0,0.0,0.0,0.0,1.0,0.0,0.0,0.0,0.0
8.463333333333342,0.013652144590720033,dol,dol,dol,0.0,0.015,0.085,0.0,0.16,0.003,0.004,0.0,0.0,0.0,1.0,0.0,0.0,0.0,0.0
8.470000000000015,0.013732905389772562,dol,dol,dol,0.0,0.015,0.085,0.0,0.16,0.0,0.0,0.0,0.0,0.0,1.0,0.0,0.011,0.0,0.0
8.470000000000015,0.013732905389772562,dol,dol,dol,0.0,0.015,0.085,0.0,0.16,0.0,0.004,0.0,0.0,0.0,1.0,0.0,0.011,0.0,0.0
8.483333333333324,0.013234973452799061,dol,sqrt,rank,0.01,0.0,0.085,0.01,0.12,0.9,0.0,0.0,0.0,0.0,0.0,0.0,0.0,0.0,0.0
8.486666666666661,0.015138085208432987,dol,dol,dol,0.01,0.015,0.045,0.03,0.26,1.6,0.2,0.0,0.0,0.0,0.0,0.0,0.0,0.0,0.0
8.493333333333334,0.014445678377209486,dol,sqrt,rank,0.01,0.0,0.045,0.01,0.12,1.2,0.0,0.0,0.0,0.0,0.0,0.0,0.0,0.0,0.0
8.493333333333352,0.012795643677092258,dol,dol,dol,0.01,0.0,0.045,0.0,0.2,0.6,0.2,0.0,0.0,0.0,0.0,0.0,0.0,0.0,0.0
8.496666666666671,0.011799633519104945,dol,sqrt,dol,0.0,0.0,0.045,0.01,0.12,0.6,0.2,0.0,0.0,0.0,0.0,0.0,0.0,0.0,0.0
8.49999999999999,0.013738769288242508,dol,dol,dol,0.0,0.015,0.085,0.0,0.16,0.0,0.0,0.0,0.0,0.0,0.0,0.0,0.0,0.0,0.0
8.49999999999999,0.013738769288242508,dol,dol,dol,0.0,0.015,0.085,0.0,0.16,0.0,0.004,0.0,0.0,0.0,0.0,0.0,0.0,0.0,0.0
8.503333333333345,0.01373982856381269,dol,dol,dol,0.0,0.015,0.085,0.0,0.16,0.0,0.0,0.0,0.0,0.0,1.0,0.0,0.0,0.0,0.0
8.503333333333345,0.01373982856381269,dol,dol,dol,0.0,0.015,0.085,0.0,0.16,0.0,0.004,0.0,0.0,0.0,1.0,0.0,0.0,0.0,0.0
8.526666666666681,0.012025387961709568,dol,sqrt,rank,0.01,0.015,0.14,0.0,0.12,0.6,0.0,0.0,0.0,0.0,0.0,0.0,0.0,0.0,0.0
8.533333333333356,0.012240416420536852,dol,dol,dol,0.01,0.015,0.0,0.0,0.16,0.6,0.2,0.0,0.0,0.0,0.0,0.0,0.0,0.0,0.0
8.556666666666693,0.013299565882639428,dol,sqrt,rank,0.01,0.015,0.085,0.0,0.12,0.9,0.0,0.0,0.0,0.0,0.0,0.0,0.0,0.0,0.0
8.559600000000023,0.013718923402852455,dol,dol,dol,0.0,0.015,0.045,0.01,0.2,0.6,0.2,0.0,0.0,0.0,0.0,0.0,0.0,0.0,0.0
8.56333333333333,0.013339722360928905,dol,sqrt,rank,0.01,0.0,0.085,0.0,0.12,1.2,0.0,0.0,0.0,0.0,0.0,0.0,0.0,0.0,0.0
8.563600000000005,0.012067223808500612,dol,dol,dol,0.0,0.015,0.085,0.01,0.2,0.6,0.0,0.0,0.0,0.0,0.0,0.0,0.0,0.0,0.0
8.569999999999984,0.014697643451827138,dol,sqrt,rank,0.0,0.015,0.14,0.0,0.12,1.2,0.0,0.0,0.0,0.0,0.0,0.0,0.0,0.0,0.0
8.570000000000004,0.011702281483793047,dol,sqrt,dol,0.0,0.0,0.0,0.03,0.12,0.6,0.2,0.0,0.0,0.0,0.0,0.0,0.0,0.0,0.0
8.573333333333322,0.01215618541228199,dol,sqrt,rank,0.01,0.0,0.14,0.01,0.12,0.6,0.0,0.0,0.0,0.0,0.0,0.0,0.0,0.0,0.0
8.583333333333313,0.014711501172237323,dol,dol,dol,0.01,0.015,0.0,0.03,0.26,1.2,0.2,0.0,0.0,0.0,0.0,0.0,0.0,0.0,0.0
8.590000000000005,0.015334418852879783,dol,dol,dol,0.0,0.0,0.045,0.01,0.16,0.9,0.2,0.0,0.0,0.0,0.0,0.0,0.0,0.0,0.0
8.59666666666666,0.012479822680957767,dol,dol,dol,0.01,0.015,0.045,0.0,0.2,1.2,0.2,0.0,0.0,0.0,0.0,0.0,0.0,0.0,0.0
8.599999999999978,0.010637692805407682,dol,dol,dol,-0.01,0.0,0.14,0.03,0.16,0.6,0.0,0.0,0.0,0.0,0.0,0.0,0.0,0.0,0.0
8.603333333333333,0.011159927024187265,dol,sqrt,rank,0.01,0.0,0.14,0.01,0.12,0.9,0.0,0.0,0.0,0.0,0.0,0.0,0.0,0.0,0.0
8.613333333333324,0.011497483206079236,dol,dol,dol,0.0,0.0,0.085,0.0,0.16,0.9,0.2,0.0,0.0,0.0,0.0,0.0,0.0,0.0,0.0
8.613333333333324,0.015036538069353287,dol,dol,dol,0.0,0.0,0.085,0.03,0.26,1.2,0.0,0.0,0.0,0.0,0.0,0.0,0.0,0.0,0.0
8.639999999999981,0.010728539167410752,dol,dol,dol,-0.01,0.0,0.14,0.01,0.16,0.6,0.0,0.0,0.0,0.0,0.0,0.0,0.0,0.0,0.0
8.649999999999991,0.014649334508965082,dol,sqrt,rank,0.0,0.0,0.14,0.01,0.12,0.6,0.2,0.0,0.0,0.0,0.0,0.0,0.0,0.0,0.0
8.649999999999991,0.013974513497130461,dol,sqrt,rank,0.01,0.015,0.085,0.0,0.12,0.6,0.2,0.0,0.0,0.0,0.0,0.0,0.0,0.0,0.0
8.663333333333355,0.014254358088616921,dol,dol,dol,0.0,0.015,0.085,0.0,0.16,0.008,0.0,0.0,0.0,0.0,0.0,-300.0,0.0,0.0,0.0
8.663333333333355,0.014258200527987276,dol,dol,dol,0.0,0.015,0.085,0.0,0.16,0.008,0.0,0.0,0.0,0.0,1.0,-300.0,0.0,0.0,0.0
8.663333333333355,0.014254358088616921,dol,dol,dol,0.0,0.015,0.085,0.0,0.16,0.008,0.004,0.0,0.0,0.0,0.0,-300.0,0.0,0.0,0.0
8.663333333333355,0.014259555343438765,dol,dol,dol,0.0,0.015,0.085,0.0,0.16,0.008,0.004,0.0,0.0,0.0,1.0,-300.0,0.0,0.0,0.0
8.671600000000002,0.013063007908962962,dol,dol,dol,0.01,0.015,0.045,0.01,0.2,0.6,0.2,0.0,0.0,0.0,0.0,0.0,0.0,0.0,0.0
8.676666666666666,0.014938022926845538,dol,sqrt,rank,0.01,0.015,0.045,0.0,0.12,1.2,0.0,0.0,0.0,0.0,0.0,0.0,0.0,0.0,0.0
8.686666666666657,0.014711290526767626,dol,dol,dol,0.0,0.015,0.085,0.03,0.2,0.008,0.0,0.0,0.0,0.0,1.0,0.0,0.0,0.0,0.0
8.686666666666657,0.014709967698934755,dol,dol,dol,0.0,0.015,0.085,0.03,0.2,0.008,0.004,0.0,0.0,0.0,1.0,0.0,0.0,0.0,0.0
8.69333333333333,0.014721711758865236,dol,dol,dol,0.0,0.015,0.085,0.03,0.2,0.008,0.0,0.0,0.0,0.0,0.0,0.0,0.0,0.0,0.0
8.69333333333333,0.014720442855153913,dol,dol,dol,0.0,0.015,0.085,0.03,0.2,0.008,0.004,0.0,0.0,0.0,0.0,0.0,0.0,0.0,0.0
8.703333333333322,0.011225232096915835,dol,sqrt,dol,0.0,0.015,0.045,0.0,0.12,1.2,0.0,0.0,0.0,0.0,0.0,0.0,0.0,0.0,0.0
8.706666666666678,0.014360822763492495,dol,dol,dol,0.0,0.015,0.085,0.0,0.16,0.003,0.0,0.0,0.0,0.0,0.0,-300.0,0.0,0.0,0.0
8.706666666666678,0.014360822763492495,dol,dol,dol,0.0,0.015,0.085,0.0,0.16,0.003,0.004,0.0,0.0,0.0,0.0,-300.0,0.0,0.0,0.0
8.709999999999996,0.014367746159495714,dol,dol,dol,0.0,0.015,0.085,0.0,0.16,0.003,0.0,0.0,0.0,0.0,1.0,-300.0,0.0,0.0,0.0
8.709999999999996,0.014366338075644178,dol,dol,dol,0.0,0.015,0.085,0.0,0.16,0.003,0.004,0.0,0.0,0.0,1.0,-300.0,0.0,0.0,0.0
8.716666666666669,0.017148239518755052,dol,dol,dol,0.0,0.0,0.085,0.0,0.2,1.2,0.2,0.0,0.0,0.0,0.0,0.0,0.0,0.0,0.0
8.719999999999986,0.014503570316509182,dol,dol,dol,0.0,0.015,0.085,0.0,0.16,0.0,0.0,0.0,0.0,0.0,1.0,-300.0,0.011,0.0,0.0
8.719999999999986,0.014503570316509182,dol,dol,dol,0.0,0.015,0.085,0.0,0.16,0.0,0.004,0.0,0.0,0.0,1.0,-300.0,0.011,0.0,0.0
8.723333333333342,0.014501607295336198,dol,dol,dol,0.0,0.015,0.085,0.0,0.16,0.0,0.0,0.0,0.0,0.0,0.0,-300.0,0.011,0.0,0.0
8.723333333333342,0.014501607295336198,dol,dol,dol,0.0,0.015,0.085,0.0,0.16,0.0,0.004,0.0,0.0,0.0,0.0,-300.0,0.011,0.0,0.0
8.723333333333342,0.016296597988537356,dol,dol,dol,0.0,0.0,0.085,0.03,0.2,0.008,0.0,0.0,0.0,0.0,0.0,0.0,0.0,0.0,0.0
8.72666666666666,0.014782858619460675,dol,dol,dol,0.0,0.015,0.085,0.03,0.2,0.003,0.0,0.0,0.0,0.0,1.0,0.0,0.0,0.0,0.0
8.72666666666666,0.014782858619460675,dol,dol,dol,0.0,0.015,0.085,0.03,0.2,0.003,0.004,0.0,0.0,0.0,1.0,0.0,0.0,0.0,0.0
8.72666666666666,0.01630122167882585,dol,dol,dol,0.0,0.0,0.085,0.03,0.2,0.008,0.004,0.0,0.0,0.0,0.0,0.0,0.0,0.0,0.0
8.729999999999979,0.013137628572863472,dol,dol,dol,-0.01,0.015,0.14,0.0,0.16,0.6,0.0,0.0,0.0,0.0,0.0,0.0,0.0,0.0,0.0
8.730000000000015,0.014804958105935954,dol,dol,dol,0.0,0.015,0.085,0.03,0.2,0.0,0.0,0.0,0.0,0.0,1.0,0.0,0.011,0.0,0.0
8.730000000000015,0.014804958105935954,dol,dol,dol,0.0,0.015,0.085,0.03,0.2,0.0,0.004,0.0,0.0,0.0,1.0,0.0,0.011,0.0,0.0
8.730000000000015,0.014785872513991175,dol,dol,dol,0.0,0.015,0.085,0.03,0.2,0.003,0.0,0.0,0.0,0.0,0.0,0.0,0.0,0.0,0.0
8.730000000000015,0.014785872513991175,dol,dol,dol,0.0,0.015,0.085,0.03,0.2,0.003,0.004,0.0,0.0,0.0,0.0,0.0,0.0,0.0,0.0
8.730000000000015,0.016316459018086267,dol,dol,dol,0.0,0.0,0.085,0.03,0.2,0.008,0.0,0.0,0.0,0.0,1.0,0.0,0.0,0.0,0.0
8.730000000000015,0.016317651476352335,dol,dol,dol,0.0,0.0,0.085,0.03,0.2,0.008,0.004,0.0,0.0,0.0,1.0,0.0,0.0,0.0,0.0
8.733333333333334,0.014459925749002558,dol,dol,dol,0.0,0.015,0.085,0.0,0.16,0.0,0.0,0.0,0.0,0.0,0.0,-300.0,0.0,0.0,0.0
8.733333333333334,0.014459925749002558,dol,dol,dol,0.0,0.015,0.085,0.0,0.16,0.0,0.004,0.0,0.0,0.0,0.0,-300.0,0.0,0.0,0.0
8.733333333333334,0.014812295670726965,dol,dol,dol,0.0,0.015,0.085,0.03,0.2,0.0,0.0,0.0,0.0,0.0,0.0,0.0,0.011,0.0,0.0
8.733333333333334,0.014812295670726965,dol,dol,dol,0.0,0.015,0.085,0.03,0.2,0.0,0.004,0.0,0.0,0.0,0.0,0.0,0.011,0.0,0.0
8.73666666666669,0.014311152038416286,dol,sqrt,dol,0.0,0.015,0.0,0.03,0.16,1.6,0.0,0.0,0.0,0.0,0.0,0.0,0.0,0.0,0.0
8.73666666666669,0.014455098859469532,dol,dol,dol,0.0,0.015,0.085,0.0,0.16,0.0,0.0,0.0,0.0,0.0,1.0,-300.0,0.0,0.0,0.0
8.73666666666669,0.014455098859469532,dol,dol,dol,0.0,0.015,0.085,0.0,0.16,0.0,0.004,0.0,0.0,0.0,1.0,-300.0,0.0,0.0,0.0
8.73999999999997,0.013356584618332121,dol,dol,dol,-0.01,0.015,0.085,0.03,0.2,1.6,0.0,0.0,0.0,0.0,0.0,0.0,0.0,0.0,0.0
8.740000000000007,0.014813929308443309,dol,dol,dol,0.0,0.015,0.085,0.03,0.2,0.0,0.0,0.0,0.0,0.0,1.0,0.0,0.0,0.0,0.0
8.740000000000007,0.014813929308443309,dol,dol,dol,0.0,0.015,0.085,0.03,0.2,0.0,0.004,0.0,0.0,0.0,1.0,0.0,0.0,0.0,0.0
8.74666666666668,0.012434606699762478,sqrt,dol,dol,0.0,0.015,0.085,0.03,0.2,0.6,0.0,0.0,0.0,0.0,0.0,0.0,0.0,0.0,0.0
8.74666666666668,0.01482272269936337,dol,dol,dol,0.0,0.015,0.085,0.03,0.2,0.0,0.0,0.0,0.0,0.0,0.0,0.0,0.0,0.0,0.0
8.74666666666668,0.01482272269936337,dol,dol,dol,0.0,0.015,0.085,0.03,0.2,0.0,0.004,0.0,0.0,0.0,0.0,0.0,0.0,0.0,0.0
8.756666666666671,0.01637741177263276,dol,dol,dol,0.0,0.0,0.085,0.03,0.2,0.003,0.0,0.0,0.0,0.0,0.0,0.0,0.0,0.0,0.0
8.756666666666671,0.01637741177263276,dol,dol,dol,0.0,0.0,0.085,0.03,0.2,0.003,0.004,0.0,0.0,0.0,0.0,0.0,0.0,0.0,0.0
8.756666666666671,0.01085657019368319,dol,dol,dol,0.0,0.0,0.045,0.01,0.16,0.008,0.0,0.0,0.0,0.0,1.0,-300.0,0.0,0.0,0.0
8.756666666666671,0.010849490382297001,dol,dol,dol,0.0,0.0,0.045,0.01,0.16,0.008,0.004,0.0,0.0,0.0,1.0,-300.0,0.0,0.0,0.0
8.75999999999999,0.01659458970512623,dol,dol,dol,-0.01,0.015,0.14,0.03,0.26,1.6,0.0,0.0,0.0,0.0,0.0,0.0,0.0,0.0,0.0
8.75999999999999,0.01638688690069887,dol,dol,dol,0.0,0.0,0.085,0.03,0.2,0.003,0.0,0.0,0.0,0.0,1.0,0.0,0.0,0.0,0.0
8.75999999999999,0.01638688690069887,dol,dol,dol,0.0,0.0,0.085,0.03,0.2,0.003,0.004,0.0,0.0,0.0,1.0,0.0,0.0,0.0,0.0
8.763333333333344,0.014194088182526309,sqrt,dol,dol,-0.01,0.015,0.085,0.03,0.2,0.9,0.0,0.0,0.0,0.0,0.0,0.0,0.0,0.0,0.0
8.763333333333344,0.016437487374449448,dol,dol,dol,0.0,0.0,0.085,0.03,0.2,0.0,0.0,0.0,0.0,0.0,0.0,0.0,0.011,0.0,0.0
8.763333333333344,0.01644302833467164,dol,dol,dol,0.0,0.0,0.085,0.03,0.2,0.0,0.0,0.0,0.0,0.0,1.0,0.0,0.011,0.0,0.0
8.763333333333344,0.016437487374449448,dol,dol,dol,0.0,0.0,0.085,0.03,0.2,0.0,0.004,0.0,0.0,0.0,0.0,0.0,0.011,0.0,0.0
8.763333333333344,0.01644302833467164,dol,dol,dol,0.0,0.0,0.085,0.03,0.2,0.0,0.004,0.0,0.0,0.0,1.0,0.0,0.011,0.0,0.0
8.766666666666664,0.010855223118985752,dol,dol,dol,0.0,0.0,0.045,0.01,0.16,0.008,0.004,0.0,0.0,0.0,0.0,-300.0,0.0,0.0,0.0
8.769999999999982,0.01085813448611308,dol,dol,dol,0.0,0.0,0.045,0.01,0.16,0.008,0.0,0.0,0.0,0.0,0.0,-300.0,0.0,0.0,0.0
8.776666666666692,0.012294707656970568,dol,dol,dol,-0.01,0.015,0.14,0.01,0.16,0.9,0.0,0.0,0.0,0.0,0.0,0.0,0.0,0.0,0.0
8.786666666666683,0.01643667888189905,dol,dol,dol,0.0,0.0,0.085,0.03,0.2,0.0,0.0,0.0,0.0,0.0,1.0,0.0,0.0,0.0,0.0
8.786666666666683,0.01643667888189905,dol,dol,dol,0.0,0.0,0.085,0.03,0.2,0.0,0.004,0.0,0.0,0.0,1.0,0.0,0.0,0.0,0.0
8.790000000000001,0.013790459157612461,dol,dol,dol,0.01,0.0,0.0,0.0,0.16,0.9,0.0,0.0,0.0,0.0,0.0,0.0,0.0,0.0,0.0
8.790000000000001,0.016434664992247553,dol,dol,dol,0.0,0.0,0.085,0.03,0.2,0.0,0.0,0.0,0.0,0.0,0.0,0.0,0.0,0.0,0.0
8.790000000000001,0.016434664992247553,dol,dol,dol,0.0,0.0,0.085,0.03,0.2,0.0,0.004,0.0,0.0,0.0,0.0,0.0,0.0,0.0,0.0
8.793333333333356,0.014104934862716727,dol,dol,dol,0.01,0.015,0.085,0.03,0.26,1.6,0.0,0.0,0.0,0.0,0.0,0.0,0.0,0.0,0.0
8.796666666666656,0.010494364699420547,dol,dol,dol,0.0,0.015,0.085,0.01,0.2,1.2,0.2,0.0,0.0,0.0,0.0,0.0,0.0,0.0,0.0
8.80333333333333,0.014140845830954202,dol,sqrt,rank,0.0,0.0,0.14,0.01,0.12,1.2,0.0,0.0,0.0,0.0,0.0,0.0,0.0,0.0,0.0
8.826666666666648,0.01088588634680499,dol,dol,dol,0.0,0.0,0.045,0.01,0.16,0.003,0.0,0.0,0.0,0.0,0.0,-300.0,0.0,0.0,0.0
8.826666666666648,0.01088588634680499,dol,dol,dol,0.0,0.0,0.045,0.01,0.16,0.003,0.004,0.0,0.0,0.0,0.0,-300.0,0.0,0.0,0.0
8.830000000000004,0.011674442300899725,dol,dol,dol,0.01,0.015,0.0,0.0,0.16,0.008,0.0,0.0,0.0,0.0,0.0,0.0,0.0,0.0,0.0
8.830000000000004,0.01167410223687616,dol,dol,dol,0.01,0.015,0.0,0.0,0.16,0.008,0.004,0.0,0.0,0.0,0.0,0.0,0.0,0.0,0.0
8.830000000000004,0.010892053307767963,dol,dol,dol,0.0,0.0,0.045,0.01,0.16,0.003,0.0,0.0,0.0,0.0,1.0,-300.0,0.0,0.0,0.0
8.830000000000004,0.010892053307767963,dol,dol,dol,0.0,0.0,0.045,0.01,0.16,0.003,0.004,0.0,0.0,0.0,1.0,-300.0,0.0,0.0,0.0
8.830000000000004,0.012427878282015498,dol,dol,dol,0.0,0.0,0.045,0.01,0.16,0.008,0.0,0.0,0.0,0.0,0.0,0.0,0.0,0.0,0.0
8.833333333333323,0.011681672923699593,dol,dol,dol,0.01,0.015,0.0,0.0,0.16,0.008,0.0,0.0,0.0,0.0,1.0,0.0,0.0,0.0,0.0
8.833333333333323,0.011681672923699593,dol,dol,dol,0.01,0.015,0.0,0.0,0.16,0.008,0.004,0.0,0.0,0.0,1.0,0.0,0.0,0.0,0.0
8.833333333333323,0.012427351915417436,dol,dol,dol,0.0,0.0,0.045,0.01,0.16,0.008,0.004,0.0,0.0,0.0,0.0,0.0,0.0,0.0,0.0
8.836666666666678,0.012434957775919022,dol,dol,dol,0.0,0.0,0.045,0.01,0.16,0.008,0.0,0.0,0.0,0.0,1.0,0.0,0.0,0.0,0.0
8.836666666666678,0.012429126637176198,dol,dol,dol,0.0,0.0,0.045,0.01,0.16,0.008,0.004,0.0,0.0,0.0,1.0,0.0,0.0,0.0,0.0
8.839999999999996,0.015762866939365686,dol,dol,dol,0.01,0.015,0.045,0.03,0.26,0.9,0.2,0.0,0.0,0.0,0.0,0.0,0.0,0.0,0.0
8.843333333333314,0.014755602755111917,dol,dol,dol,0.0,0.0,0.045,0.0,0.16,1.6,0.0,0.0,0.0,0.0,0.0,0.0,0.0,0.0,0.0
8.843333333333314,0.014787775133785581,sqrt,dol,dol,0.01,0.0,0.045,0.01,0.2,0.6,0.0,0.0,0.0,0.0,0.0,0.0,0.0,0.0,0.0
8.843600000000018,0.011595062106744354,dol,dol,dol,0.0,0.0,0.085,0.01,0.2,0.9,0.0,0.0,0.0,0.0,0.0,0.0,0.0,0.0,0.0
8.84666666666667,0.013591789381556502,dol,dol,dol,0.0,0.0,0.045,0.03,0.2,1.2,0.2,0.0,0.0,0.0,0.0,0.0,0.0,0.0,0.0
8.84666666666667,0.014662445405158682,dol,sqrt,rank,0.01,0.015,0.045,0.01,0.12,1.2,0.0,0.0,0.0,0.0,0.0,0.0,0.0,0.0,0.0
8.849999999999987,0.01252375594767947,dol,dol,dol,0.01,0.015,0.0,0.0,0.16,0.9,0.2,0.0,0.0,0.0,0.0,0.0,0.0,0.0,0.0
8.85666666666666,0.013481262005437741,dol,sqrt,rank,0.01,0.015,0.085,0.0,0.12,1.2,0.0,0.0,0.0,0.0,0.0,0.0,0.0,0.0,0.0
8.859999999999978,0.013065852330066755,dol,sqrt,dol,0.0,0.0,0.0,0.03,0.12,1.2,0.0,0.0,0.0,0.0,0.0,0.0,0.0,0.0,0.0
8.863333333333333,0.014932229128323081,dol,sqrt,rank,0.01,0.0,0.085,0.0,0.12,0.6,0.2,0.0,0.0,0.0,0.0,0.0,0.0,0.0,0.0
8.869999999999989,0.01944711463126296,dol,sqrt,dol,0.01,0.0,0.0,0.0,0.12,1.2,0.0,0.0,0.0,0.0,0.0,0.0,0.0,0.0,0.0
8.869999999999989,0.01306796583960891,dol,sqrt,rank,0.01,0.0,0.085,0.01,0.12,0.6,0.2,0.0,0.0,0.0,0.0,0.0,0.0,0.0,0.0
8.876666666666644,0.01091765295290153,dol,dol,dol,0.0,0.0,0.045,0.01,0.16,0.0,0.0,0.0,0.0,0.0,0.0,-300.0,0.0,0.0,0.0
8.876666666666644,0.01091765295290153,dol,dol,dol,0.0,0.0,0.045,0.01,0.16,0.0,0.004,0.0,0.0,0.0,0.0,-300.0,0.0,0.0,0.0
8.883333333333317,0.010923288512436423,dol,dol,dol,0.0,0.0,0.045,0.01,0.16,0.0,0.0,0.0,0.0,0.0,1.0,-300.0,0.0,0.0,0.0
8.883333333333317,0.010923288512436423,dol,dol,dol,0.0,0.0,0.045,0.01,0.16,0.0,0.004,0.0,0.0,0.0,1.0,-300.0,0.0,0.0,0.0
8.9,0.010132687738937529,dol,sqrt,dol,0.0,0.0,0.045,0.01,0.12,1.2,0.0,0.0,0.0,0.0,0.0,0.0,0.0,0.0,0.0
8.903333333333338,0.015780175117556222,dol,sqrt,rank,0.0,0.015,0.14,0.0,0.12,0.6,0.2,0.0,0.0,0.0,0.0,0.0,0.0,0.0,0.0
8.903333333333338,0.015918397488208173,sqrt,dol,dol,0.01,0.0,0.045,0.03,0.2,0.6,0.0,0.0,0.0,0.0,0.0,0.0,0.0,0.0,0.0
8.903333333333338,0.011766335440726803,dol,dol,dol,0.01,0.015,0.0,0.0,0.16,0.003,0.0,0.0,0.0,0.0,0.0,0.0,0.0,0.0,0.0
8.903333333333338,0.011766335440726803,dol,dol,dol,0.01,0.015,0.0,0.0,0.16,0.003,0.004,0.0,0.0,0.0,0.0,0.0,0.0,0.0,0.0
8.906666666666656,0.01176918862177061,dol,dol,dol,0.01,0.015,0.0,0.0,0.16,0.003,0.0,0.0,0.0,0.0,1.0,0.0,0.0,0.0,0.0
8.906666666666656,0.01176918862177061,dol,dol,dol,0.01,0.015,0.0,0.0,0.16,0.003,0.004,0.0,0.0,0.0,1.0,0.0,0.0,0.0,0.0
8.906666666666656,0.010936727118936162,dol,dol,dol,0.0,0.0,0.045,0.01,0.16,0.0,0.0,0.0,0.0,0.0,0.0,-300.0,0.011,0.0,0.0
8.906666666666656,0.010936727118936162,dol,dol,dol,0.0,0.0,0.045,0.01,0.16,0.0,0.004,0.0,0.0,0.0,0.0,-300.0,0.011,0.0,0.0
8.91000000000001,0.010933326189022053,dol,dol,dol,0.0,0.0,0.045,0.01,0.16,0.0,0.0,0.0,0.0,0.0,1.0,-300.0,0.011,0.0,0.0
8.91000000000001,0.010933326189022053,dol,dol,dol,0.0,0.0,0.045,0.01,0.16,0.0,0.004,0.0,0.0,0.0,1.0,-300.0,0.011,0.0,0.0
8.926666666666675,0.011387381323526824,dol,dol,dol,0.0,0.015,0.085,0.0,0.16,1.2,0.0,0.0,0.0,0.0,0.0,0.0,0.0,0.0,0.0
8.933333333333348,0.01468837156846645,dol,dol,dol,0.0,0.015,0.085,0.03,0.2,0.008,0.0,0.0,0.0,0.0,1.0,-300.0,0.0,0.0,0.0
8.933333333333348,0.014686551270540757,dol,dol,dol,0.0,0.015,0.085,0.03,0.2,0.008,0.004,0.0,0.0,0.0,1.0,-300.0,0.0,0.0,0.0
8.940000000000023,0.014694725259236548,dol,dol,dol,0.0,0.015,0.085,0.03,0.2,0.008,0.0,0.0,0.0,0.0,0.0,-300.0,0.0,0.0,0.0
8.940000000000023,0.01468947133909939,dol,dol,dol,0.0,0.015,0.085,0.03,0.2,0.008,0.004,0.0,0.0,0.0,0.0,-300.0,0.0,0.0,0.0
8.943333333333321,0.01397600846689306,dol,sqrt,rank,0.0,0.015,0.14,0.01,0.12,0.6,0.2,0.0,0.0,0.0,0.0,0.0,0.0,0.0,0.0
8.950000000000014,0.0148583417922329,dol,sqrt,dol,0.0,0.015,0.045,0.01,0.16,1.2,0.0,0.0,0.0,0.0,0.0,0.0,0.0,0.0,0.0
8.953333333333331,0.012432393026701249,dol,dol,dol,0.0,0.0,0.045,0.01,0.16,0.003,0.0,0.0,0.0,0.0,0.0,0.0,0.0,0.0,0.0
8.953333333333331,0.012432393026701249,dol,dol,dol,0.0,0.0,0.045,0.01,0.16,0.003,0.004,0.0,0.0,0.0,0.0,0.0,0.0,0.0,0.0
8.960000000000004,0.012440248571412007,dol,dol,dol,0.0,0.0,0.045,0.01,0.16,0.003,0.0,0.0,0.0,0.0,1.0,0.0,0.0,0.0,0.0
8.960000000000004,0.012440248571412007,dol,dol,dol,0.0,0.0,0.045,0.01,0.16,0.003,0.004,0.0,0.0,0.0,1.0,0.0,0.0,0.0,0.0
8.966666666666677,0.013224215165397927,dol,dol,dol,0.01,0.015,0.045,0.0,0.16,0.6,0.2,0.0,0.0,0.0,0.0,0.0,0.0,0.0,0.0
8.973333333333315,0.011848563597893751,dol,dol,dol,0.01,0.015,0.0,0.0,0.16,0.0,0.0,0.0,0.0,0.0,0.0,0.0,0.0,0.0,0.0
8.973333333333315,0.011844858647124926,dol,dol,dol,0.01,0.015,0.0,0.0,0.16,0.0,0.0,0.0,0.0,0.0,1.0,0.0,0.0,0.0,0.0
8.973333333333315,0.011848563597893751,dol,dol,dol,0.01,0.015,0.0,0.0,0.16,0.0,0.004,0.0,0.0,0.0,0.0,0.0,0.0,0.0,0.0
8.973333333333315,0.011844858647124926,dol,dol,dol,0.01,0.015,0.0,0.0,0.16,0.0,0.004,0.0,0.0,0.0,1.0,0.0,0.0,0.0,0.0
8.973333333333352,0.014784197371718422,dol,dol,dol,0.0,0.015,0.085,0.03,0.2,0.003,0.0,0.0,0.0,0.0,1.0,-300.0,0.0,0.0,0.0
8.973333333333352,0.014784197371718422,dol,dol,dol,0.0,0.015,0.085,0.03,0.2,0.003,0.004,0.0,0.0,0.0,1.0,-300.0,0.0,0.0,0.0
8.97666666666667,0.01478754503703107,dol,dol,dol,0.0,0.015,0.085,0.03,0.2,0.003,0.0,0.0,0.0,0.0,0.0,-300.0,0.0,0.0,0.0
8.97666666666667,0.01478754503703107,dol,dol,dol,0.0,0.015,0.085,0.03,0.2,0.003,0.004,0.0,0.0,0.0,0.0,-300.0,0.0,0.0,0.0
8.979999999999988,0.011794786013790633,dol,dol,dol,0.01,0.015,0.0,0.0,0.16,0.008,0.0,0.0,0.0,0.0,1.0,-300.0,0.0,0.0,0.0
8.979999999999988,0.011794786013790633,dol,dol,dol,0.01,0.015,0.0,0.0,0.16,0.008,0.004,0.0,0.0,0.0,1.0,-300.0,0.0,0.0,0.0
8.983333333333343,0.014409113193983766,sqrt,dol,dol,0.0,0.015,0.085,0.01,0.2,0.9,0.0,0.0,0.0,0.0,0.0,0.0,0.0,0.0,0.0
8.983333333333343,0.011849255582181178,dol,dol,dol,0.01,0.015,0.0,0.0,0.16,0.0,0.0,0.0,0.0,0.0,0.0,0.0,0.011,0.0,0.0
8.983333333333343,0.011849255582181178,dol,dol,dol,0.01,0.015,0.0,0.0,0.16,0.0,0.004,0.0,0.0,0.0,0.0,0.0,0.011,0.0,0.0
8.983333333333343,0.01179369700149038,dol,dol,dol,0.01,0.015,0.0,0.0,0.16,0.008,0.0,0.0,0.0,0.0,0.0,-300.0,0.0,0.0,0.0
8.983333333333343,0.01179369700149038,dol,dol,dol,0.01,0.015,0.0,0.0,0.16,0.008,0.004,0.0,0.0,0.0,0.0,-300.0,0.0,0.0,0.0
8.993333333333334,0.01527231487219784,dol,dol,dol,0.0,0.015,0.085,0.03,0.26,0.9,0.2,0.0,0.0,0.0,0.0,0.0,0.0,0.0,0.0
8.993333333333334,0.014843801552113215,dol,dol,dol,0.0,0.015,0.085,0.03,0.2,0.0,0.0,0.0,0.0,0.0,1.0,-300.0,0.011,0.0,0.0
8.993333333333334,0.014843801552113215,dol,dol,dol,0.0,0.015,0.085,0.03,0.2,0.0,0.004,0.0,0.0,0.0,1.0,-300.0,0.011,0.0,0.0
8.996666666666652,0.011858760290588116,dol,dol,dol,0.01,0.015,0.0,0.0,0.16,0.0,0.0,0.0,0.0,0.0,1.0,0.0,0.011,0.0,0.0
8.996666666666652,0.011858760290588116,dol,dol,dol,0.01,0.015,0.0,0.0,0.16,0.0,0.004,0.0,0.0,0.0,1.0,0.0,0.011,0.0,0.0
9.000000000000007,0.01484138925063584,dol,dol,dol,0.0,0.015,0.085,0.03,0.2,0.0,0.0,0.0,0.0,0.0,0.0,-300.0,0.0,0.0,0.0
9.000000000000007,0.014848995429296193,dol,dol,dol,0.0,0.015,0.085,0.03,0.2,0.0,0.0,0.0,0.0,0.0,0.0,-300.0,0.011,0.0,0.0
9.000000000000007,0.014843544003794807,dol,dol,dol,0.0,0.015,0.085,0.03,0.2,0.0,0.0,0.0,0.0,0.0,1.0,-300.0,0.0,0.0,0.0
9.000000000000007,0.01484138925063584,dol,dol,dol,0.0,0.015,0.085,0.03,0.2,0.0,0.004,0.0,0.0,0.0,0.0,-300.0,0.0,0.0,0.0
9.000000000000007,0.014848995429296193,dol,dol,dol,0.0,0.015,0.085,0.03,0.2,0.0,0.004,0.0,0.0,0.0,0.0,-300.0,0.011,0.0,0.0
9.000000000000007,0.014843544003794807,dol,dol,dol,0.0,0.015,0.085,0.03,0.2,0.0,0.004,0.0,0.0,0.0,1.0,-300.0,0.0,0.0,0.0
9.003333333333327,0.01376042029666029,dol,dol,dol,-0.01,0.0,0.085,0.03,0.16,0.9,0.2,0.0,0.0,0.0,0.0,0.0,0.0,0.0,0.0
9.013333333333318,0.01187904675998564,dol,dol,dol,0.01,0.015,0.0,0.0,0.2,0.9,0.0,0.0,0.0,0.0,0.0,0.0,0.0,0.0,0.0
9.013333333333318,0.012434727568535763,dol,dol,dol,0.0,0.0,0.045,0.01,0.16,0.0,0.0,0.0,0.0,0.0,0.0,0.0,0.0,0.0,0.0
9.013333333333318,0.012434727568535763,dol,dol,dol,0.0,0.0,0.045,0.01,0.16,0.0,0.004,0.0,0.0,0.0,0.0,0.0,0.0,0.0,0.0
9.016666666666673,0.012442464240268888,dol,dol,dol,0.0,0.0,0.045,0.01,0.16,0.0,0.0,0.0,0.0,0.0,1.0,0.0,0.0,0.0,0.0
9.016666666666673,0.012442464240268888,dol,dol,dol,0.0,0.0,0.045,0.01,0.16,0.0,0.004,0.0,0.0,0.0,1.0,0.0,0.0,0.0,0.0
9.029999999999982,0.014066452502319114,dol,sqrt,rank,0.0,0.015,0.14,0.0,0.12,0.9,0.0,0.0,0.0,0.0,0.0,0.0,0.0,0.0,0.0
9.040000000000012,0.011899777343077258,dol,dol,dol,0.01,0.015,0.0,0.0,0.16,0.003,0.0,0.0,0.0,0.0,1.0,-300.0,0.0,0.0,0.0
9.040000000000012,0.011899777343077258,dol,dol,dol,0.01,0.015,0.0,0.0,0.16,0.003,0.004,0.0,0.0,0.0,1.0,-300.0,0.0,0.0,0.0
9.04333333333333,0.01434119823239122,dol,sqrt,rank,0.0,0.015,0.14,0.01,0.12,1.2,0.0,0.0,0.0,0.0,0.0,0.0,0.0,0.0,0.0
9.04333333333333,0.016430857151735596,dol,dol,dol,0.0,0.0,0.085,0.03,0.2,0.008,0.0,0.0,0.0,0.0,1.0,-300.0,0.0,0.0,0.0
9.04333333333333,0.016430857151735596,dol,dol,dol,0.0,0.0,0.085,0.03,0.2,0.008,0.004,0.0,0.0,0.0,1.0,-300.0,0.0,0.0,0.0
9.046666666666647,0.012868603627951752,dol,dol,dol,-0.01,0.0,0.085,0.03,0.2,1.6,0.0,0.0,0.0,0.0,0.0,0.0,0.0,0.0,0.0
9.046666666666685,0.016431440032923336,dol,dol,dol,0.0,0.0,0.085,0.03,0.2,0.008,0.0,0.0,0.0,0.0,0.0,-300.0,0.0,0.0,0.0
9.046666666666685,0.016431440032923336,dol,dol,dol,0.0,0.0,0.085,0.03,0.2,0.008,0.004,0.0,0.0,0.0,0.0,-300.0,0.0,0.0,0.0
9.05333333333332,0.013146023172779634,dol,sqrt,rank,0.01,0.0,0.085,0.01,0.12,1.2,0.0,0.0,0.0,0.0,0.0,0.0,0.0,0.0,0.0
9.05333333333332,0.011917333473185647,dol,dol,dol,0.01,0.015,0.0,0.0,0.16,0.003,0.0,0.0,0.0,0.0,0.0,-300.0,0.0,0.0,0.0
9.05333333333332,0.011917333473185647,dol,dol,dol,0.01,0.015,0.0,0.0,0.16,0.003,0.004,0.0,0.0,0.0,0.0,-300.0,0.0,0.0,0.0
9.056666666666676,0.012441332639707514,dol,dol,dol,0.0,0.0,0.045,0.01,0.16,0.0,0.0,0.0,0.0,0.0,0.0,0.0,0.011,0.0,0.0
9.056666666666676,0.012443234011568952,dol,dol,dol,0.0,0.0,0.045,0.01,0.16,0.0,0.0,0.0,0.0,0.0,1.0,0.0,0.011,0.0,0.0
9.056666666666676,0.012441332639707514,dol,dol,dol,0.0,0.0,0.045,0.01,0.16,0.0,0.004,0.0,0.0,0.0,0.0,0.0,0.011,0.0,0.0
9.056666666666676,0.012443234011568952,dol,dol,dol,0.0,0.0,0.045,0.01,0.16,0.0,0.004,0.0,0.0,0.0,1.0,0.0,0.011,0.0,0.0
9.069999999999986,0.012417180454694378,dol,dol,dol,0.0,0.015,0.045,0.01,0.2,0.9,0.2,0.0,0.0,0.0,0.0,0.0,0.0,0.0,0.0
9.069999999999986,0.014696832389882362,dol,dol,dol,0.01,0.0,0.0,0.01,0.2,0.6,0.0,0.0,0.0,0.0,0.0,0.0,0.0,0.0,0.0
9.076666666666659,0.015289981714011783,dol,dol,dol,0.01,0.0,0.085,0.03,0.26,1.6,0.0,0.0,0.0,0.0,0.0,0.0,0.0,0.0,0.0
9.080000000000014,0.016524316046808558,dol,dol,dol,0.0,0.0,0.085,0.03,0.2,0.003,0.0,0.0,0.0,0.0,0.0,-300.0,0.0,0.0,0.0
9.080000000000014,0.016524316046808558,dol,dol,dol,0.0,0.0,0.085,0.03,0.2,0.003,0.004,0.0,0.0,0.0,0.0,-300.0,0.0,0.0,0.0
9.083333333333332,0.01735486959307365,dol,dol,dol,0.01,0.0,0.045,0.03,0.26,0.9,0.2,0.0,0.0,0.0,0.0,0.0,0.0,0.0,0.0
9.083333333333332,0.016529189335054335,dol,dol,dol,0.0,0.0,0.085,0.03,0.2,0.003,0.0,0.0,0.0,0.0,1.0,-300.0,0.0,0.0,0.0
9.083333333333332,0.016521999163853326,dol,dol,dol,0.0,0.0,0.085,0.03,0.2,0.003,0.004,0.0,0.0,0.0,1.0,-300.0,0.0,0.0,0.0
9.096666666666678,0.01662438635124784,dol,dol,dol,0.0,0.0,0.085,0.03,0.2,0.0,0.0,0.0,0.0,0.0,0.0,-300.0,0.011,0.0,0.0
9.096666666666678,0.01662438635124784,dol,dol,dol,0.0,0.0,0.085,0.03,0.2,0.0,0.004,0.0,0.0,0.0,0.0,-300.0,0.011,0.0,0.0
9.099999999999996,0.016624542747262418,dol,dol,dol,0.0,0.0,0.085,0.03,0.2,0.0,0.0,0.0,0.0,0.0,1.0,-300.0,0.011,0.0,0.0
9.099999999999996,0.016624542747262418,dol,dol,dol,0.0,0.0,0.085,0.03,0.2,0.0,0.004,0.0,0.0,0.0,1.0,-300.0,0.011,0.0,0.0
9.103333333333316,0.012819042955552347,dol,dol,dol,-0.01,0.0,0.14,0.01,0.16,0.9,0.0,0.0,0.0,0.0,0.0,0.0,0.0,0.0,0.0
9.103333333333333,0.01210675587644567,dol,dol,dol,0.01,0.0,0.045,0.01,0.2,1.2,0.2,0.0,0.0,0.0,0.0,0.0,0.0,0.0,0.0
9.106666666666671,0.012410766565395593,dol,dol,dol,-0.01,0.015,0.14,0.03,0.16,0.6,0.0,0.0,0.0,0.0,0.0,0.0,0.0,0.0,0.0
9.106666666666671,0.011995571346373043,dol,dol,dol,0.01,0.015,0.0,0.0,0.16,0.0,0.0,0.0,0.0,0.0,1.0,-300.0,0.0,0.0,0.0
9.106666666666671,0.011995571346373043,dol,dol,dol,0.01,0.015,0.0,0.0,0.16,0.0,0.004,0.0,0.0,0.0,1.0,-300.0,0.0,0.0,0.0
9.109999999999989,0.011664060061192721,dol,dol,dol,0.0,0.015,0.085,0.0,0.16,0.9,0.2,0.0,0.0,0.0,0.0,0.0,0.0,0.0,0.0
9.109999999999989,0.01660157690189788,dol,dol,dol,0.0,0.0,0.085,0.03,0.2,0.0,0.0,0.0,0.0,0.0,0.0,-300.0,0.0,0.0,0.0
9.109999999999989,0.01660157690189788,dol,dol,dol,0.0,0.0,0.085,0.03,0.2,0.0,0.004,0.0,0.0,0.0,0.0,-300.0,0.0,0.0,0.0
9.113333333333344,0.011999171857226619,dol,dol,dol,0.01,0.015,0.0,0.0,0.16,0.0,0.0,0.0,0.0,0.0,0.0,-300.0,0.0,0.0,0.0
9.113333333333344,0.011999171857226619,dol,dol,dol,0.01,0.015,0.0,0.0,0.16,0.0,0.004,0.0,0.0,0.0,0.0,-300.0,0.0,0.0,0.0
9.116666666666662,0.016600925143787304,dol,dol,dol,0.0,0.0,0.085,0.03,0.2,0.0,0.0,0.0,0.0,0.0,1.0,-300.0,0.0,0.0,0.0
9.116666666666662,0.016600925143787304,dol,dol,dol,0.0,0.0,0.085,0.03,0.2,0.0,0.004,0.0,0.0,0.0,1.0,-300.0,0.0,0.0,0.0
9.14,0.017991917858366898,dol,dol,dol,0.0,0.015,0.045,0.01,0.16,0.9,0.2,0.0,0.0,0.0,0.0,0.0,0.0,0.0,0.0
9.143599999999985,0.014091650091323434,dol,dol,dol,0.01,0.0,0.045,0.0,0.16,0.6,0.0,0.0,0.0,0.0,0.0,0.0,0.0,0.0,0.0
9.146666666666674,0.012024321528561276,dol,dol,dol,0.01,0.015,0.0,0.0,0.16,0.0,0.0,0.0,0.0,0.0,1.0,-300.0,0.011,0.0,0.0
9.146666666666674,0.012024321528561276,dol,dol,dol,0.01,0.015,0.0,0.0,0.16,0.0,0.004,0.0,0.0,0.0,1.0,-300.0,0.011,0.0,0.0
9.153333333333347,0.015666607425419914,dol,dol,dol,-0.01,0.015,0.14,0.01,0.2,0.6,0.0,0.0,0.0,0.0,0.0,0.0,0.0,0.0,0.0
9.153333333333347,0.014114642963957685,dol,sqrt,dol,0.0,0.015,0.045,0.03,0.16,0.9,0.0,0.0,0.0,0.0,0.0,0.0,0.0,0.0,0.0
9.153333333333347,0.012030771844947653,dol,dol,dol,0.01,0.015,0.0,0.0,0.16,0.0,0.0,0.0,0.0,0.0,0.0,-300.0,0.011,0.0,0.0
9.153333333333347,0.012030771844947653,dol,dol,dol,0.01,0.015,0.0,0.0,0.16,0.0,0.004,0.0,0.0,0.0,0.0,-300.0,0.011,0.0,0.0
9.169999999999975,0.010045258549849926,dol,dol,dol,0.01,0.0,0.0,0.0,0.2,1.6,0.0,0.0,0.0,0.0,0.0,0.0,0.0,0.0,0.0
9.179599999999999,0.01684306086592735,dol,dol,dol,0.01,0.015,0.045,0.0,0.16,0.6,0.0,0.0,0.0,0.0,0.0,0.0,0.0,0.0,0.0
9.180000000000003,0.016427852254744184,dol,dol,dol,0.01,0.015,0.045,0.03,0.2,0.9,0.2,0.0,0.0,0.0,0.0,0.0,0.0,0.0,0.0
9.186666666666639,0.012754833799750547,dol,sqrt,dol,0.0,0.015,0.0,0.03,0.12,0.9,0.0,0.0,0.0,0.0,0.0,0.0,0.0,0.0,0.0
9.193333333333332,0.010602423520993604,dol,sqrt,dol,0.0,0.015,0.0,0.03,0.12,0.6,0.2,0.0,0.0,0.0,0.0,0.0,0.0,0.0,0.0
9.200000000000005,0.009823052972660987,dol,sqrt,dol,0.0,0.015,0.045,0.01,0.12,0.6,0.2,0.0,0.0,0.0,0.0,0.0,0.0,0.0,0.0
9.200000000000022,0.01380207590666467,dol,dol,dol,0.01,0.0,0.085,0.01,0.2,1.2,0.0,0.0,0.0,0.0,0.0,0.0,0.0,0.0,0.0
9.20666666666666,0.012666434357518809,dol,sqrt,rank,0.01,0.015,0.085,0.01,0.12,0.6,0.2,0.0,0.0,0.0,0.0,0.0,0.0,0.0,0.0
9.21666666666665,0.012229424810071204,dol,sqrt,dol,0.0,0.015,0.0,0.03,0.12,0.6,0.0,0.0,0.0,0.0,0.0,0.0,0.0,0.0,0.0
9.223333333333324,0.016862657364941237,dol,dol,dol,0.01,0.0,0.045,0.03,0.26,1.6,0.2,0.0,0.0,0.0,0.0,0.0,0.0,0.0,0.0
9.223333333333324,0.01433664243713883,sqrt,dol,dol,-0.01,0.015,0.085,0.01,0.16,0.6,0.0,0.0,0.0,0.0,0.0,0.0,0.0,0.0,0.0
9.226666666666642,0.01237837256999001,dol,dol,dol,-0.01,0.015,0.085,0.01,0.16,0.6,0.2,0.0,0.0,0.0,0.0,0.0,0.0,0.0,0.0
9.231600000000029,0.014626115838407621,dol,dol,dol,-0.01,0.0,0.085,0.03,0.2,1.2,0.0,0.0,0.0,0.0,0.0,0.0,0.0,0.0,0.0
9.246666666666663,0.01043729105268788,sqrt,dol,dol,0.0,0.0,0.085,0.0,0.16,0.6,0.0,0.0,0.0,0.0,0.0,0.0,0.0,0.0,0.0
9.259999999999971,0.016006260397916982,dol,dol,dol,0.0,0.0,0.045,0.03,0.26,1.6,0.2,0.0,0.0,0.0,0.0,0.0,0.0,0.0,0.0
9.276666666666674,0.01094492289196736,dol,sqrt,dol,0.01,0.015,0.0,0.0,0.12,0.6,0.0,0.0,0.0,0.0,0.0,0.0,0.0,0.0,0.0
9.279999999999992,0.01398759988148233,dol,sqrt,dol,0.0,0.015,0.0,0.03,0.12,1.2,0.0,0.0,0.0,0.0,0.0,0.0,0.0,0.0,0.0
9.283600000000014,0.01637763282990282,dol,dol,dol,0.0,0.015,0.045,0.01,0.2,1.6,0.0,0.0,0.0,0.0,0.0,0.0,0.0,0.0,0.0
9.296666666666656,0.014138024617112308,dol,dol,dol,0.0,0.015,0.045,0.03,0.2,1.2,0.2,0.0,0.0,0.0,0.0,0.0,0.0,0.0,0.0
9.299999999999974,0.013010077948353037,dol,sqrt,dol,0.0,0.0,0.045,0.0,0.12,0.6,0.0,0.0,0.0,0.0,0.0,0.0,0.0,0.0,0.0
9.300000000000011,0.013644193449555343,dol,sqrt,rank,0.01,0.015,0.085,0.01,0.12,1.2,0.0,0.0,0.0,0.0,0.0,0.0,0.0,0.0,0.0
9.30333333333333,0.014804779811238636,dol,dol,dol,0.0,0.0,0.085,0.0,0.2,0.9,0.2,0.0,0.0,0.0,0.0,0.0,0.0,0.0,0.0
9.310000000000004,0.012133746607735833,dol,dol,dol,0.0,0.0,0.085,0.03,0.2,1.2,0.2,0.0,0.0,0.0,0.0,0.0,0.0,0.0,0.0
9.313333333333322,0.013982584196593088,dol,sqrt,rank,0.0,0.015,0.14,0.01,0.12,0.9,0.0,0.0,0.0,0.0,0.0,0.0,0.0,0.0,0.0
9.313333333333322,0.015212940960467393,dol,sqrt,rank,0.01,0.0,0.045,0.0,0.12,1.2,0.0,0.0,0.0,0.0,0.0,0.0,0.0,0.0,0.0
9.313333333333322,0.012945975296221225,dol,sqrt,rank,0.01,0.0,0.045,0.03,0.12,0.6,0.2,0.0,0.0,0.0,0.0,0.0,0.0,0.0,0.0
9.316666666666658,0.014142931649047496,dol,dol,dol,0.01,0.0,0.0,0.01,0.16,0.9,0.2,0.0,0.0,0.0,0.0,0.0,0.0,0.0,0.0
9.326666666666668,0.015486451213405375,sqrt,dol,dol,-0.01,0.0,0.085,0.01,0.16,0.6,0.0,0.0,0.0,0.0,0.0,0.0,0.0,0.0,0.0
9.329999999999986,0.014796713576557001,dol,dol,dol,0.0,0.015,0.085,0.03,0.26,0.9,0.0,0.0,0.0,0.0,0.0,0.0,0.0,0.0,0.0
9.346666666666652,0.014064808753028245,dol,dol,dol,-0.01,0.0,0.14,0.03,0.16,0.9,0.0,0.0,0.0,0.0,0.0,0.0,0.0,0.0,0.0
9.346666666666652,0.018341522415506257,dol,dol,rank,0.01,0.0,0.14,0.0,0.16,1.6,0.0,0.0,0.0,0.0,0.0,0.0,0.0,0.0,0.0
9.34666666666667,0.013797187343534651,dol,sqrt,rank,0.01,0.0,0.14,0.0,0.12,0.6,0.2,0.0,0.0,0.0,0.0,0.0,0.0,0.0,0.0
9.35666666666668,0.016431929151187012,dol,dol,dol,-0.01,0.0,0.14,0.01,0.2,1.2,0.0,0.0,0.0,0.0,0.0,0.0,0.0,0.0,0.0
9.363333333333316,0.015387663940818159,sqrt,dol,dol,0.01,0.0,0.045,0.01,0.2,0.9,0.0,0.0,0.0,0.0,0.0,0.0,0.0,0.0,0.0
9.366666666666633,0.010647668084121951,dol,dol,dol,0.01,0.015,0.0,0.0,0.2,1.2,0.0,0.0,0.0,0.0,0.0,0.0,0.0,0.0,0.0
9.369999999999989,0.018844689754037497,dol,dol,rank,0.01,0.015,0.14,0.0,0.16,1.6,0.0,0.0,0.0,0.0,0.0,0.0,0.0,0.0,0.0
9.376666666666663,0.016670185230813397,dol,dol,dol,-0.01,0.015,0.085,0.01,0.16,0.6,0.0,0.0,0.0,0.0,0.0,0.0,0.0,0.0,0.0
9.406666666666673,0.01685536004647472,sqrt,dol,dol,0.01,0.015,0.085,0.0,0.2,0.6,0.0,0.0,0.0,0.0,0.0,0.0,0.0,0.0,0.0
9.409999999999993,0.013089184936286,dol,sqrt,rank,0.01,0.0,0.14,0.0,0.12,1.2,0.0,0.0,0.0,0.0,0.0,0.0,0.0,0.0,0.0
9.416666666666666,0.016329409440229817,dol,dol,dol,-0.01,0.015,0.085,0.01,0.16,1.6,0.0,0.0,0.0,0.0,0.0,0.0,0.0,0.0,0.0
9.429999999999975,0.016568202524380505,dol,dol,dol,-0.01,0.0,0.14,0.01,0.2,0.9,0.0,0.0,0.0,0.0,0.0,0.0,0.0,0.0,0.0
9.44666666666664,0.01430325746633081,dol,sqrt,rank,0.01,0.015,0.045,0.01,0.12,0.6,0.2,0.0,0.0,0.0,0.0,0.0,0.0,0.0,0.0
9.449999999999996,0.013308269667975452,dol,dol,dol,0.0,0.015,0.045,0.0,0.16,0.9,0.2,0.0,0.0,0.0,0.0,0.0,0.0,0.0,0.0
9.456666666666669,0.012754781473802069,dol,dol,dol,-0.01,0.015,0.14,0.03,0.2,0.6,0.2,0.0,0.0,0.0,0.0,0.0,0.0,0.0,0.0
9.456666666666669,0.01666251512960887,dol,dol,rank,0.01,0.0,0.14,0.03,0.16,0.9,0.2,0.0,0.0,0.0,0.0,0.0,0.0,0.0,0.0
9.473333333333333,0.01118014142559458,dol,dol,dol,0.0,0.0,0.045,0.01,0.2,1.2,0.2,0.0,0.0,0.0,0.0,0.0,0.0,0.0,0.0
9.483333333333325,0.015202135208216285,dol,dol,dol,-0.01,0.015,0.085,0.03,0.16,0.9,0.2,0.0,0.0,0.0,0.0,0.0,0.0,0.0,0.0
9.486666666666661,0.01157152840828314,dol,dol,dol,0.0,0.0,0.085,0.01,0.16,0.9,0.2,0.0,0.0,0.0,0.0,0.0,0.0,0.0,0.0
9.516666666666692,0.01640210702589423,sqrt,dol,dol,0.01,0.015,0.045,0.03,0.2,0.6,0.0,0.0,0.0,0.0,0.0,0.0,0.0,0.0,0.0
9.52000000000001,0.015286736931078517,dol,dol,dol,-0.01,0.0,0.085,0.01,0.16,1.6,0.0,0.0,0.0,0.0,0.0,0.0,0.0,0.0,0.0
9.530000000000001,0.014216252464983438,dol,dol,dol,0.0,0.015,0.085,0.03,0.2,1.6,0.0,0.0,0.0,0.0,0.0,0.0,0.0,0.0,0.0
9.530000000000001,0.013118364512448999,sqrt,dol,dol,0.0,0.015,0.085,0.01,0.2,0.6,0.0,0.0,0.0,0.0,0.0,0.0,0.0,0.0,0.0
9.533333333333319,0.018942267103940785,dol,dol,rank,0.01,0.0,0.14,0.01,0.16,1.6,0.0,0.0,0.0,0.0,0.0,0.0,0.0,0.0,0.0
9.536666666666656,0.013784705832511936,dol,dol,dol,0.01,0.0,0.0,0.03,0.2,1.2,0.2,0.0,0.0,0.0,0.0,0.0,0.0,0.0,0.0
9.539999999999992,0.013744002789095565,dol,dol,dol,0.01,0.015,0.085,0.01,0.2,0.9,0.0,0.0,0.0,0.0,0.0,0.0,0.0,0.0,0.0
9.539999999999992,0.013695514569863114,dol,sqrt,rank,0.01,0.015,0.085,0.01,0.12,0.9,0.0,0.0,0.0,0.0,0.0,0.0,0.0,0.0,0.0
9.539999999999992,0.013211609992449535,dol,dol,rank,0.01,0.015,0.14,0.03,0.16,0.008,0.004,0.0,0.0,0.0,0.0,0.0,0.0,0.0,0.0
9.543333333333312,0.016075017426406085,dol,sqrt,dol,0.0,0.015,0.045,0.03,0.16,0.6,0.0,0.0,0.0,0.0,0.0,0.0,0.0,0.0,0.0
9.543333333333312,0.013211711333902592,dol,dol,rank,0.01,0.015,0.14,0.03,0.16,0.008,0.0,0.0,0.0,0.0,0.0,0.0,0.0,0.0,0.0
9.546666666666667,0.012989172160203557,dol,sqrt,rank,0.01,0.015,0.045,0.03,0.12,0.6,0.2,0.0,0.0,0.0,0.0,0.0,0.0,0.0,0.0
9.549999999999985,0.013223744359631608,dol,dol,rank,0.01,0.015,0.14,0.03,0.16,0.008,0.004,0.0,0.0,0.0,1.0,0.0,0.0,0.0,0.0
9.550000000000002,0.012044549807862228,dol,dol,dol,0.01,0.015,0.045,0.01,0.2,1.2,0.2,0.0,0.0,0.0,0.0,0.0,0.0,0.0,0.0
9.55333333333334,0.013222748890537935,dol,dol,rank,0.01,0.015,0.14,0.03,0.16,0.008,0.0,0.0,0.0,0.0,1.0,0.0,0.0,0.0,0.0
9.570000000000004,0.011624349829687823,dol,sqrt,dol,0.0,0.015,0.045,0.01,0.12,1.2,0.0,0.0,0.0,0.0,0.0,0.0,0.0,0.0,0.0
9.573333333333322,0.01783892516900011,dol,sqrt,dol,0.01,0.015,0.0,0.0,0.12,1.2,0.0,0.0,0.0,0.0,0.0,0.0,0.0,0.0,0.0
9.576666666666641,0.01646052260769744,dol,dol,dol,-0.01,0.015,0.085,0.0,0.16,1.6,0.0,0.0,0.0,0.0,0.0,0.0,0.0,0.0,0.0
9.576666666666659,0.012364231539224559,dol,sqrt,rank,0.0,0.0,0.14,0.03,0.12,0.6,0.2,0.0,0.0,0.0,0.0,0.0,0.0,0.0,0.0
9.579999999999997,0.014336335992983128,dol,sqrt,rank,0.0,0.0,0.14,0.0,0.12,0.9,0.0,0.0,0.0,0.0,0.0,0.0,0.0,0.0,0.0
9.58666666666667,0.014152851540970138,dol,sqrt,rank,0.0,0.0,0.14,0.03,0.12,1.2,0.0,0.0,0.0,0.0,0.0,0.0,0.0,0.0,0.0
9.589999999999987,0.015430272701077883,dol,dol,dol,0.01,0.0,0.0,0.0,0.2,1.2,0.2,0.0,0.0,0.0,0.0,0.0,0.0,0.0,0.0
9.593333333333305,0.012608206619029843,dol,sqrt,dol,-0.01,0.015,0.045,0.03,0.12,0.6,0.0,0.0,0.0,0.0,0.0,0.0,0.0,0.0,0.0
9.606666666666651,0.011832037396955897,dol,sqrt,rank,0.01,0.015,0.14,0.01,0.12,0.9,0.0,0.0,0.0,0.0,0.0,0.0,0.0,0.0,0.0
9.607600000000005,0.01526007694024581,dol,dol,dol,-0.01,0.015,0.085,0.03,0.2,1.2,0.0,0.0,0.0,0.0,0.0,0.0,0.0,0.0,0.0
9.613333333333326,0.013198683719444354,dol,dol,rank,0.01,0.015,0.14,0.03,0.16,0.003,0.0,0.0,0.0,0.0,0.0,0.0,0.0,0.0,0.0
9.613333333333326,0.013198683719444354,dol,dol,rank,0.01,0.015,0.14,0.03,0.16,0.003,0.004,0.0,0.0,0.0,0.0,0.0,0.0,0.0,0.0
9.618400000000005,0.014566174441213157,dol,dol,dol,0.01,0.0,0.0,0.01,0.2,1.2,0.0,0.0,0.0,0.0,0.0,0.0,0.0,0.0,0.0
9.619599999999995,0.012059024501423215,dol,dol,dol,0.0,0.015,0.085,0.01,0.2,0.9,0.0,0.0,0.0,0.0,0.0,0.0,0.0,0.0,0.0
9.62,0.015842054886820632,dol,sqrt,dol,0.01,0.0,0.0,0.01,0.12,0.6,0.2,0.0,0.0,0.0,0.0,0.0,0.0,0.0,0.0
9.623333333333335,0.01713672491507099,dol,dol,rank,0.01,0.015,0.14,0.03,0.16,0.9,0.2,0.0,0.0,0.0,0.0,0.0,0.0,0.0,0.0
9.62999999999999,0.01689464318126376,dol,sqrt,rank,-0.01,0.0,0.14,0.03,0.12,1.2,0.0,0.0,0.0,0.0,0.0,0.0,0.0,0.0,0.0
9.62999999999999,0.015908091118579774,dol,sqrt,rank,0.01,0.0,0.0,0.03,0.12,1.2,0.0,0.0,0.0,0.0,0.0,0.0,0.0,0.0,0.0
9.62999999999999,0.01320282590682486,dol,dol,rank,0.01,0.015,0.14,0.03,0.16,0.003,0.0,0.0,0.0,0.0,1.0,0.0,0.0,0.0,0.0
9.62999999999999,0.01320282590682486,dol,dol,rank,0.01,0.015,0.14,0.03,0.16,0.003,0.004,0.0,0.0,0.0,1.0,0.0,0.0,0.0,0.0
9.643333333333336,0.014828185576174905,dol,sqrt,rank,0.01,0.0,0.045,0.03,0.12,1.2,0.0,0.0,0.0,0.0,0.0,0.0,0.0,0.0,0.0
9.6476,0.015916828250488707,dol,dol,dol,0.01,0.0,0.045,0.03,0.2,0.9,0.2,0.0,0.0,0.0,0.0,0.0,0.0,0.0,0.0
9.653333333333329,0.013102677789645106,dol,sqrt,rank,0.01,0.015,0.14,0.0,0.12,0.6,0.2,0.0,0.0,0.0,0.0,0.0,0.0,0.0,0.0
9.656666666666647,0.013194282799477671,dol,dol,rank,0.01,0.015,0.14,0.03,0.16,0.0,0.0,0.0,0.0,0.0,0.0,0.0,0.0,0.0,0.0
9.656666666666647,0.013194282799477671,dol,dol,rank,0.01,0.015,0.14,0.03,0.16,0.0,0.004,0.0,0.0,0.0,0.0,0.0,0.0,0.0,0.0
9.66333333333332,0.013188086854767396,dol,dol,rank,0.01,0.015,0.14,0.03,0.16,0.0,0.0,0.0,0.0,0.0,1.0,0.0,0.0,0.0,0.0
9.66333333333332,0.013188086854767396,dol,dol,rank,0.01,0.015,0.14,0.03,0.16,0.0,0.004,0.0,0.0,0.0,1.0,0.0,0.0,0.0,0.0
9.666666666666675,0.015259164049235503,dol,sqrt,rank,0.01,0.015,0.045,0.01,0.12,0.9,0.0,0.0,0.0,0.0,0.0,0.0,0.0,0.0,0.0
9.67333333333331,0.01696196088638076,dol,dol,dol,0.0,0.0,0.085,0.03,0.26,1.2,0.2,0.0,0.0,0.0,0.0,0.0,0.0,0.0,0.0
9.67333333333333,0.013276809358454345,dol,sqrt,rank,0.01,0.015,0.14,0.0,0.12,1.2,0.0,0.0,0.0,0.0,0.0,0.0,0.0,0.0,0.0
9.679999999999986,0.013199530830607114,dol,dol,rank,0.01,0.015,0.14,0.03,0.16,0.0,0.0,0.0,0.0,0.0,1.0,0.0,0.011,0.0,0.0
9.679999999999986,0.013199530830607114,dol,dol,rank,0.01,0.015,0.14,0.03,0.16,0.0,0.004,0.0,0.0,0.0,1.0,0.0,0.011,0.0,0.0
9.68333333333334,0.019494002954375103,dol,dol,rank,0.01,0.015,0.14,0.01,0.16,1.6,0.0,0.0,0.0,0.0,0.0,0.0,0.0,0.0,0.0
9.68333333333334,0.013202045972191257,dol,dol,rank,0.01,0.015,0.14,0.03,0.16,0.0,0.0,0.0,0.0,0.0,0.0,0.0,0.011,0.0,0.0
9.68333333333334,0.013202045972191257,dol,dol,rank,0.01,0.015,0.14,0.03,0.16,0.0,0.004,0.0,0.0,0.0,0.0,0.0,0.011,0.0,0.0
9.693333333333332,0.014342591999330485,dol,sqrt,rank,0.0,0.015,0.085,0.03,0.12,0.6,0.2,0.0,0.0,0.0,0.0,0.0,0.0,0.0,0.0
9.69666666666665,0.01615985632270196,dol,dol,dol,0.0,0.0,0.085,0.0,0.16,0.008,0.0,0.0,0.0,0.0,0.0,0.0,0.0,0.0,0.0
9.69666666666665,0.01615985632270196,dol,dol,dol,0.0,0.0,0.085,0.0,0.16,0.008,0.004,0.0,0.0,0.0,0.0,0.0,0.0,0.0,0.0
9.699999999999967,0.01708871386487455,dol,sqrt,dol,-0.01,0.015,0.045,0.03,0.12,0.9,0.0,0.0,0.0,0.0,0.0,0.0,0.0,0.0,0.0
9.700000000000005,0.016639792691461465,dol,dol,dol,0.01,0.015,0.0,0.0,0.16,1.2,0.0,0.0,0.0,0.0,0.0,0.0,0.0,0.0,0.0
9.703333333333322,0.016164400736964717,dol,dol,dol,0.0,0.0,0.085,0.0,0.16,0.008,0.0,0.0,0.0,0.0,1.0,0.0,0.0,0.0,0.0
9.703333333333322,0.0161619241634982,dol,dol,dol,0.0,0.0,0.085,0.0,0.16,0.008,0.004,0.0,0.0,0.0,1.0,0.0,0.0,0.0,0.0
9.706666666666678,0.012691520415003257,dol,sqrt,rank,0.01,0.015,0.14,0.01,0.12,0.6,0.0,0.0,0.0,0.0,0.0,0.0,0.0,0.0,0.0
9.71333333333335,0.014962105543548878,dol,sqrt,rank,0.0,0.015,0.14,0.01,0.12,0.6,0.0,0.0,0.0,0.0,0.0,0.0,0.0,0.0,0.0
9.726666666666661,0.012918418464720418,dol,dol,dol,0.01,0.0,0.045,0.0,0.16,0.9,0.0,0.0,0.0,0.0,0.0,0.0,0.0,0.0,0.0
9.743333333333325,0.011984828313484668,dol,dol,rank,0.01,0.015,0.14,0.03,0.16,0.008,0.0,0.0,0.0,0.0,1.0,-300.0,0.0,0.0,0.0
9.743333333333325,0.011988374186253505,dol,dol,rank,0.01,0.015,0.14,0.03,0.16,0.008,0.004,0.0,0.0,0.0,0.0,-300.0,0.0,0.0,0.0
9.743333333333325,0.011981589058650365,dol,dol,rank,0.01,0.015,0.14,0.03,0.16,0.008,0.004,0.0,0.0,0.0,1.0,-300.0,0.0,0.0,0.0
9.746666666666645,0.011993499785763572,dol,dol,rank,0.01,0.015,0.14,0.03,0.16,0.008,0.0,0.0,0.0,0.0,0.0,-300.0,0.0,0.0,0.0
9.769999999999982,0.016314675944841355,dol,dol,dol,0.0,0.0,0.085,0.0,0.16,0.003,0.0,0.0,0.0,0.0,0.0,0.0,0.0,0.0,0.0
9.769999999999982,0.016314675944841355,dol,dol,dol,0.0,0.0,0.085,0.0,0.16,0.003,0.004,0.0,0.0,0.0,0.0,0.0,0.0,0.0,0.0
9.77000000000002,0.013350052520357222,sqrt,dol,dol,0.01,0.015,0.045,0.01,0.2,0.6,0.0,0.0,0.0,0.0,0.0,0.0,0.0,0.0,0.0
9.773333333333337,0.0159519344026104,dol,dol,dol,0.0,0.015,0.085,0.01,0.16,0.9,0.0,0.0,0.0,0.0,0.0,0.0,0.0,0.0,0.0
9.773333333333337,0.016321799966552353,dol,dol,dol,0.0,0.0,0.085,0.0,0.16,0.003,0.0,0.0,0.0,0.0,1.0,0.0,0.0,0.0,0.0
9.773333333333337,0.016321799966552353,dol,dol,dol,0.0,0.0,0.085,0.0,0.16,0.003,0.004,0.0,0.0,0.0,1.0,0.0,0.0,0.0,0.0
9.779999999999992,0.012275363496164293,dol,sqrt,rank,0.0,0.015,0.14,0.03,0.12,0.6,0.2,0.0,0.0,0.0,0.0,0.0,0.0,0.0,0.0
9.783333333333365,0.017494786357761093,dol,dol,dol,0.0,0.015,0.045,0.0,0.16,1.6,0.0,0.0,0.0,0.0,0.0,0.0,0.0,0.0,0.0
9.786666666666648,0.011997795880910779,dol,dol,rank,0.01,0.015,0.14,0.03,0.16,0.003,0.0,0.0,0.0,0.0,0.0,-300.0,0.0,0.0,0.0
9.786666666666648,0.011997795880910779,dol,dol,rank,0.01,0.015,0.14,0.03,0.16,0.003,0.004,0.0,0.0,0.0,0.0,-300.0,0.0,0.0,0.0
9.79333333333332,0.016118804778316575,dol,dol,dol,-0.01,0.0,0.14,0.0,0.16,0.6,0.0,0.0,0.0,0.0,0.0,0.0,0.0,0.0,0.0
9.794400000000003,0.016393235147236566,dol,dol,dol,0.01,0.0,0.0,0.01,0.16,0.6,0.2,0.0,0.0,0.0,0.0,0.0,0.0,0.0,0.0
9.799999999999994,0.0143696274623738,dol,dol,dol,0.01,0.015,0.085,0.0,0.2,1.2,0.0,0.0,0.0,0.0,0.0,0.0,0.0,0.0,0.0
9.799999999999994,0.016870167601090648,dol,sqrt,rank,0.0,0.0,0.14,0.0,0.12,0.6,0.2,0.0,0.0,0.0,0.0,0.0,0.0,0.0,0.0
9.799999999999994,0.012003956634747097,dol,dol,rank,0.01,0.015,0.14,0.03,0.16,0.003,0.0,0.0,0.0,0.0,1.0,-300.0,0.0,0.0,0.0
9.799999999999994,0.012003956634747097,dol,dol,rank,0.01,0.015,0.14,0.03,0.16,0.003,0.004,0.0,0.0,0.0,1.0,-300.0,0.0,0.0,0.0
9.800000000000031,0.018206842590386477,dol,dol,dol,0.0,0.0,0.085,0.03,0.26,1.6,0.2,0.0,0.0,0.0,0.0,0.0,0.0,0.0,0.0
9.806666666666667,0.01490315194352696,dol,dol,dol,0.0,0.0,0.045,0.01,0.2,1.6,0.0,0.0,0.0,0.0,0.0,0.0,0.0,0.0,0.0
9.813333333333304,0.01641161555908677,dol,dol,dol,0.0,0.0,0.085,0.0,0.16,0.0,0.0,0.0,0.0,0.0,0.0,0.0,0.0,0.0,0.0
9.813333333333304,0.01641161555908677,dol,dol,dol,0.0,0.0,0.085,0.0,0.16,0.0,0.004,0.0,0.0,0.0,0.0,0.0,0.0,0.0,0.0
9.81666666666666,0.012006235173318771,dol,dol,rank,0.01,0.015,0.14,0.03,0.16,0.0,0.0,0.0,0.0,0.0,1.0,-300.0,0.0,0.0,0.0
9.81666666666666,0.012006235173318771,dol,dol,rank,0.01,0.015,0.14,0.03,0.16,0.0,0.004,0.0,0.0,0.0,1.0,-300.0,0.0,0.0,0.0
9.819999999999977,0.012008327391470496,dol,dol,rank,0.01,0.015,0.14,0.03,0.16,0.0,0.0,0.0,0.0,0.0,0.0,-300.0,0.0,0.0,0.0
9.819999999999977,0.012008327391470496,dol,dol,rank,0.01,0.015,0.14,0.03,0.16,0.0,0.004,0.0,0.0,0.0,0.0,-300.0,0.0,0.0,0.0
9.823333333333332,0.014115133226434654,dol,dol,dol,0.01,0.0,0.085,0.01,0.2,0.9,0.0,0.0,0.0,0.0,0.0,0.0,0.0,0.0,0.0
9.823333333333332,0.012405956099420174,dol,sqrt,rank,0.01,0.0,0.14,0.01,0.12,0.6,0.2,0.0,0.0,0.0,0.0,0.0,0.0,0.0,0.0
9.823333333333332,0.01642217482552174,dol,dol,dol,0.0,0.0,0.085,0.0,0.16,0.0,0.0,0.0,0.0,0.0,1.0,0.0,0.0,0.0,0.0
9.823333333333332,0.01642217482552174,dol,dol,dol,0.0,0.0,0.085,0.0,0.16,0.0,0.004,0.0,0.0,0.0,1.0,0.0,0.0,0.0,0.0
9.84666666666667,0.012995771537382928,dol,sqrt,rank,0.01,0.0,0.14,0.01,0.12,1.2,0.0,0.0,0.0,0.0,0.0,0.0,0.0,0.0,0.0
9.849999999999989,0.016391847998771056,dol,dol,dol,0.0,0.0,0.085,0.0,0.16,0.0,0.0,0.0,0.0,0.0,0.0,0.0,0.011,0.0,0.0
9.849999999999989,0.016391847998771056,dol,dol,dol,0.0,0.0,0.085,0.0,0.16,0.0,0.004,0.0,0.0,0.0,0.0,0.0,0.011,0.0,0.0
9.856666666666662,0.014809676143706886,dol,sqrt,rank,0.01,0.0,0.085,0.01,0.12,0.6,0.0,0.0,0.0,0.0,0.0,0.0,0.0,0.0,0.0
9.859600000000013,0.013391170670480063,dol,dol,dol,0.01,0.0,0.045,0.01,0.2,1.2,0.0,0.0,0.0,0.0,0.0,0.0,0.0,0.0,0.0
9.85999999999998,0.016407243953453863,dol,dol,dol,0.0,0.0,0.085,0.0,0.16,0.0,0.0,0.0,0.0,0.0,1.0,0.0,0.011,0.0,0.0
9.85999999999998,0.016407243953453863,dol,dol,dol,0.0,0.0,0.085,0.0,0.16,0.0,0.004,0.0,0.0,0.0,1.0,0.0,0.011,0.0,0.0
9.85999999999998,0.012038889640568094,dol,dol,rank,0.01,0.015,0.14,0.03,0.16,0.0,0.0,0.0,0.0,0.0,1.0,-300.0,0.011,0.0,0.0
9.85999999999998,0.012038889640568094,dol,dol,rank,0.01,0.015,0.14,0.03,0.16,0.0,0.004,0.0,0.0,0.0,1.0,-300.0,0.011,0.0,0.0
9.863333333333335,0.012038559748359217,dol,dol,rank,0.01,0.015,0.14,0.03,0.16,0.0,0.0,0.0,0.0,0.0,0.0,-300.0,0.011,0.0,0.0
9.863333333333335,0.012038559748359217,dol,dol,rank,0.01,0.015,0.14,0.03,0.16,0.0,0.004,0.0,0.0,0.0,0.0,-300.0,0.011,0.0,0.0
9.86666666666667,0.012341159952085663,dol,dol,dol,0.0,0.015,0.085,0.03,0.2,1.2,0.2,0.0,0.0,0.0,0.0,0.0,0.0,0.0,0.0
9.870000000000008,0.017079220385104312,dol,dol,dol,0.01,0.015,0.045,0.03,0.26,0.6,0.2,0.0,0.0,0.0,0.0,0.0,0.0,0.0,0.0
9.883333333333319,0.019163041591486393,sqrt,dol,dol,0.01,0.0,0.085,0.0,0.2,0.6,0.0,0.0,0.0,0.0,0.0,0.0,0.0,0.0,0.0
9.889999999999992,0.018821790722457824,dol,dol,dol,0.01,0.015,0.045,0.01,0.26,1.6,0.2,0.0,0.0,0.0,0.0,0.0,0.0,0.0,0.0
9.899999999999983,0.014711355732272993,dol,sqrt,rank,0.0,0.015,0.14,0.03,0.12,1.2,0.0,0.0,0.0,0.0,0.0,0.0,0.0,0.0,0.0
9.903333333333338,0.012442154425208707,dol,dol,dol,0.0,0.0,0.085,0.0,0.16,1.6,0.0,0.0,0.0,0.0,0.0,0.0,0.0,0.0,0.0
9.906666666666656,0.017365847583584733,dol,dol,dol,0.01,0.015,0.045,0.03,0.26,0.6,0.0,0.0,0.0,0.0,0.0,0.0,0.0,0.0,0.0
9.909999999999993,0.014215648266246243,sqrt,dol,dol,-0.01,0.0,0.085,0.03,0.16,0.6,0.0,0.0,0.0,0.0,0.0,0.0,0.0,0.0,0.0
9.920000000000003,0.01348413496037582,sqrt,dol,dol,0.01,0.0,0.0,0.0,0.16,0.6,0.0,0.0,0.0,0.0,0.0,0.0,0.0,0.0,0.0
9.923333333333321,0.014501876994733138,dol,dol,dol,0.01,0.015,0.0,0.03,0.2,1.2,0.2,0.0,0.0,0.0,0.0,0.0,0.0,0.0,0.0
9.926666666666677,0.01781616205708863,dol,sqrt,dol,0.01,0.015,0.0,0.01,0.16,1.6,0.0,0.0,0.0,0.0,0.0,0.0,0.0,0.0,0.0
9.926666666666677,0.014663920755579856,dol,sqrt,rank,0.01,0.015,0.085,0.0,0.12,0.6,0.0,0.0,0.0,0.0,0.0,0.0,0.0,0.0,0.0
9.929999999999994,0.014134343441367141,dol,sqrt,rank,0.0,0.0,0.14,0.03,0.12,0.9,0.0,0.0,0.0,0.0,0.0,0.0,0.0,0.0,0.0
9.933333333333312,0.015467634670378526,dol,dol,dol,0.01,0.0,0.045,0.01,0.26,1.6,0.0,0.0,0.0,0.0,0.0,0.0,0.0,0.0,0.0
9.93333333333333,0.011634551165163813,dol,sqrt,rank,0.01,0.0,0.085,0.03,0.12,0.6,0.2,0.0,0.0,0.0,0.0,0.0,0.0,0.0,0.0
9.951599999999994,0.013411475216451063,dol,dol,dol,0.0,0.015,0.085,0.03,0.2,0.6,0.2,0.0,0.0,0.0,0.0,0.0,0.0,0.0,0.0
9.960000000000006,0.01555359034649773,dol,dol,dol,-0.01,0.015,0.14,0.03,0.16,0.9,0.0,0.0,0.0,0.0,0.0,0.0,0.0,0.0,0.0
9.983333333333343,0.013150023407949869,dol,dol,rank,0.01,0.0,0.14,0.03,0.16,0.008,0.004,0.0,0.0,0.0,1.0,0.0,0.0,0.0,0.0
9.986666666666663,0.013152279484166583,dol,dol,rank,0.01,0.0,0.14,0.03,0.16,0.008,0.0,0.0,0.0,0.0,1.0,0.0,0.0,0.0,0.0
9.993333333333299,0.01485391660783755,dol,sqrt,rank,0.0,0.0,0.14,0.01,0.12,0.6,0.0,0.0,0.0,0.0,0.0,0.0,0.0,0.0,0.0
9.993333333333336,0.012330929949010633,dol,dol,dol,-0.01,0.015,0.085,0.01,0.16,0.008,0.0,0.0,0.0,0.0,0.0,0.0,0.0,0.0,0.0
9.993333333333336,0.013158255065561317,dol,dol,rank,0.01,0.0,0.14,0.03,0.16,0.008,0.004,0.0,0.0,0.0,0.0,0.0,0.0,0.0,0.0
9.996666666666654,0.012332907623283498,dol,dol,dol,-0.01,0.015,0.085,0.01,0.16,0.008,0.004,0.0,0.0,0.0,0.0,0.0,0.0,0.0,0.0
9.996666666666654,0.01315993715790466,dol,dol,rank,0.01,0.0,0.14,0.03,0.16,0.008,0.0,0.0,0.0,0.0,0.0,0.0,0.0,0.0,0.0
9.99999999999999,0.016846615290340677,sqrt,dol,dol,0.0,0.0,0.045,0.03,0.2,0.6,0.2,0.0,0.0,0.0,0.0,0.0,0.0,0.0,0.0
10.003333333333327,0.015232290192827826,dol,sqrt,rank,0.01,0.015,0.14,0.03,0.16,1.6,0.0,0.0,0.0,0.0,0.0,0.0,0.0,0.0,0.0
10.006666666666645,0.013403588549340052,dol,sqrt,dol,0.0,0.015,0.0,0.03,0.16,1.2,0.0,0.0,0.0,0.0,0.0,0.0,0.0,0.0,0.0
10.006666666666645,0.012350342118518178,dol,dol,dol,-0.01,0.015,0.085,0.01,0.16,0.008,0.0,0.0,0.0,0.0,1.0,0.0,0.0,0.0,0.0
10.006666666666645,0.012351343849512432,dol,dol,dol,-0.01,0.015,0.085,0.01,0.16,0.008,0.004,0.0,0.0,0.0,1.0,0.0,0.0,0.0,0.0
10.01,0.013775157244514885,dol,dol,dol,-0.01,0.0,0.085,0.01,0.16,0.9,0.2,0.0,0.0,0.0,0.0,0.0,0.0,0.0,0.0
10.013333333333318,0.016965463242630215,dol,dol,dol,-0.01,0.015,0.085,0.01,0.16,0.9,0.0,0.0,0.0,0.0,0.0,0.0,0.0,0.0,0.0
10.019999999999992,0.012995091070320574,dol,dol,dol,0.01,0.0,0.0,0.0,0.2,0.9,0.0,0.0,0.0,0.0,0.0,0.0,0.0,0.0,0.0
10.03000000000002,0.01358218187621263,dol,dol,dol,0.01,0.015,0.085,0.01,0.2,1.2,0.0,0.0,0.0,0.0,0.0,0.0,0.0,0.0,0.0
10.039999999999994,0.01206724010607967,dol,sqrt,rank,0.01,0.015,0.14,0.01,0.12,0.6,0.2,0.0,0.0,0.0,0.0,0.0,0.0,0.0,0.0
10.04333333333333,0.014776428879957587,dol,dol,dol,-0.01,0.0,0.14,0.03,0.2,0.6,0.2,0.0,0.0,0.0,0.0,0.0,0.0,0.0,0.0
10.04333333333333,0.014899399716965973,dol,sqrt,dol,0.01,0.0,0.0,0.0,0.12,0.6,0.0,0.0,0.0,0.0,0.0,0.0,0.0,0.0,0.0
10.050000000000002,0.01353780539411352,dol,sqrt,rank,0.01,0.015,0.14,0.01,0.12,1.2,0.0,0.0,0.0,0.0,0.0,0.0,0.0,0.0,0.0
10.056666666666677,0.015459697186915113,dol,dol,dol,0.01,0.015,0.085,0.03,0.26,1.2,0.0,0.0,0.0,0.0,0.0,0.0,0.0,0.0,0.0
10.059999999999995,0.013746999001802377,dol,dol,dol,0.01,0.0,0.0,0.0,0.16,1.6,0.0,0.0,0.0,0.0,0.0,0.0,0.0,0.0,0.0
10.059999999999995,0.010416007236016142,sqrt,dol,dol,0.0,0.015,0.085,0.0,0.16,0.6,0.0,0.0,0.0,0.0,0.0,0.0,0.0,0.0,0.0
10.06333333333335,0.013036836275495465,dol,dol,dol,0.01,0.015,0.045,0.0,0.16,0.008,0.0,0.0,0.0,0.0,1.0,0.0,0.0,0.0,0.0
10.06333333333335,0.013036836275495465,dol,dol,dol,0.01,0.015,0.045,0.0,0.16,0.008,0.004,0.0,0.0,0.0,1.0,0.0,0.0,0.0,0.0
10.066666666666668,0.015079245341663279,dol,sqrt,rank,0.01,0.0,0.045,0.01,0.12,0.6,0.2,0.0,0.0,0.0,0.0,0.0,0.0,0.0,0.0
10.066666666666668,0.013172806335050267,dol,dol,rank,0.01,0.0,0.14,0.03,0.16,0.003,0.0,0.0,0.0,0.0,1.0,0.0,0.0,0.0,0.0
10.066666666666668,0.013172806335050267,dol,dol,rank,0.01,0.0,0.14,0.03,0.16,0.003,0.004,0.0,0.0,0.0,1.0,0.0,0.0,0.0,0.0
10.069999999999986,0.013815147459702805,dol,dol,dol,0.0,0.0,0.045,0.01,0.2,0.6,0.2,0.0,0.0,0.0,0.0,0.0,0.0,0.0,0.0
10.069999999999986,0.014311498617079421,dol,dol,dol,0.0,0.015,0.045,0.0,0.16,0.6,0.2,0.0,0.0,0.0,0.0,0.0,0.0,0.0,0.0
10.073333333333341,0.013037294200641258,dol,dol,dol,0.01,0.015,0.045,0.0,0.16,0.008,0.0,0.0,0.0,0.0,0.0,0.0,0.0,0.0,0.0
10.073333333333341,0.013037294200641258,dol,dol,dol,0.01,0.015,0.045,0.0,0.16,0.008,0.004,0.0,0.0,0.0,0.0,0.0,0.0,0.0,0.0
10.076666666666659,0.013972367600745777,dol,sqrt,rank,0.01,0.0,0.085,0.03,0.12,1.2,0.0,0.0,0.0,0.0,0.0,0.0,0.0,0.0,0.0
10.076666666666659,0.016711225415536973,sqrt,dol,dol,0.0,0.015,0.085,0.01,0.2,0.6,0.2,0.0,0.0,0.0,0.0,0.0,0.0,0.0,0.0
10.076666666666659,0.01243546714189045,dol,dol,dol,-0.01,0.015,0.085,0.01,0.16,0.003,0.0,0.0,0.0,0.0,0.0,0.0,0.0,0.0,0.0
10.076666666666659,0.01243546714189045,dol,dol,dol,-0.01,0.015,0.085,0.01,0.16,0.003,0.004,0.0,0.0,0.0,0.0,0.0,0.0,0.0,0.0
10.076666666666659,0.013166312346849993,dol,dol,rank,0.01,0.0,0.14,0.03,0.16,0.003,0.004,0.0,0.0,0.0,0.0,0.0,0.0,0.0,0.0
10.079999999999977,0.012432221996802403,dol,dol,dol,-0.01,0.015,0.085,0.01,0.16,0.003,0.0,0.0,0.0,0.0,1.0,0.0,0.0,0.0,0.0
10.079999999999977,0.012432221996802403,dol,dol,dol,-0.01,0.015,0.085,0.01,0.16,0.003,0.004,0.0,0.0,0.0,1.0,0.0,0.0,0.0,0.0
10.079999999999977,0.013169859193825309,dol,dol,rank,0.01,0.0,0.14,0.03,0.16,0.003,0.0,0.0,0.0,0.0,0.0,0.0,0.0,0.0,0.0
10.093333333333325,0.013500582047809262,dol,dol,dol,0.0,0.015,0.085,0.01,0.16,0.9,0.2,0.0,0.0,0.0,0.0,0.0,0.0,0.0,0.0
10.093333333333325,0.015661537484243686,sqrt,dol,dol,-0.01,0.015,0.085,0.03,0.2,0.6,0.2,0.0,0.0,0.0,0.0,0.0,0.0,0.0,0.0
10.093333333333325,0.01718877765029006,dol,dol,dol,0.0,0.0,0.085,0.0,0.16,0.008,0.0,0.0,0.0,0.0,1.0,-300.0,0.0,0.0,0.0
10.093333333333325,0.017188867501961844,dol,dol,dol,0.0,0.0,0.085,0.0,0.16,0.008,0.004,0.0,0.0,0.0,1.0,-300.0,0.0,0.0,0.0
10.096666666666643,0.014389719378006548,dol,dol,dol,-0.01,0.015,0.085,0.01,0.2,1.2,0.2,0.0,0.0,0.0,0.0,0.0,0.0,0.0,0.0
10.096666666666643,0.017199472754623538,dol,dol,dol,0.0,0.0,0.085,0.0,0.16,0.008,0.0,0.0,0.0,0.0,0.0,-300.0,0.0,0.0,0.0
10.096666666666643,0.017199472754623538,dol,dol,dol,0.0,0.0,0.085,0.0,0.16,0.008,0.004,0.0,0.0,0.0,0.0,-300.0,0.0,0.0,0.0
10.106666666666671,0.013104395165999328,dol,dol,dol,0.01,0.015,0.045,0.0,0.16,0.0,0.0,0.0,0.0,0.0,0.0,0.0,0.011,0.0,0.0
10.106666666666671,0.013104395165999328,dol,dol,dol,0.01,0.015,0.045,0.0,0.16,0.0,0.004,0.0,0.0,0.0,0.0,0.0,0.011,0.0,0.0
10.109999999999989,0.013108809791439807,dol,dol,dol,0.01,0.015,0.045,0.0,0.16,0.0,0.0,0.0,0.0,0.0,1.0,0.0,0.011,0.0,0.0
10.109999999999989,0.013108809791439807,dol,dol,dol,0.01,0.015,0.045,0.0,0.16,0.0,0.004,0.0,0.0,0.0,1.0,0.0,0.011,0.0,0.0
10.110000000000026,0.015417390567989336,dol,dol,dol,-0.01,0.015,0.14,0.01,0.2,1.6,0.0,0.0,0.0,0.0,0.0,0.0,0.0,0.0,0.0
10.116666666666662,0.012517474869601738,dol,dol,dol,-0.01,0.015,0.085,0.01,0.16,0.0,0.0,0.0,0.0,0.0,0.0,0.0,0.011,0.0,0.0
10.116666666666662,0.012517474869601738,dol,dol,dol,-0.01,0.015,0.085,0.01,0.16,0.0,0.004,0.0,0.0,0.0,0.0,0.0,0.011,0.0,0.0
10.119999999999981,0.012482137877783578,dol,dol,dol,-0.01,0.015,0.085,0.01,0.16,0.0,0.0,0.0,0.0,0.0,0.0,0.0,0.0,0.0,0.0
10.119999999999981,0.012481837266827157,dol,dol,dol,-0.01,0.015,0.085,0.01,0.16,0.0,0.0,0.0,0.0,0.0,1.0,0.0,0.0,0.0,0.0
10.119999999999981,0.012482137877783578,dol,dol,dol,-0.01,0.015,0.085,0.01,0.16,0.0,0.004,0.0,0.0,0.0,0.0,0.0,0.0,0.0,0.0
10.119999999999981,0.012481837266827157,dol,dol,dol,-0.01,0.015,0.085,0.01,0.16,0.0,0.004,0.0,0.0,0.0,1.0,0.0,0.0,0.0,0.0
10.119999999999981,0.013173650921160476,dol,dol,rank,0.01,0.0,0.14,0.03,0.16,0.0,0.0,0.0,0.0,0.0,1.0,0.0,0.0,0.0,0.0
10.119999999999981,0.013173650921160476,dol,dol,rank,0.01,0.0,0.14,0.03,0.16,0.0,0.004,0.0,0.0,0.0,1.0,0.0,0.0,0.0,0.0
10.12,0.013656408130875305,sqrt,dol,dol,0.01,0.015,0.045,0.01,0.2,0.9,0.0,0.0,0.0,0.0,0.0,0.0,0.0,0.0,0.0
10.120000000000017,0.013098182771893447,dol,dol,dol,0.01,0.015,0.045,0.0,0.16,0.003,0.004,0.0,0.0,0.0,0.0,0.0,0.0,0.0,0.0
10.123333333333337,0.013101338017616822,dol,dol,dol,0.01,0.015,0.045,0.0,0.16,0.003,0.0,0.0,0.0,0.0,0.0,0.0,0.0,0.0,0.0
10.126666666666654,0.012518167482148141,dol,dol,dol,-0.01,0.015,0.085,0.01,0.16,0.0,0.0,0.0,0.0,0.0,1.0,0.0,0.011,0.0,0.0
10.126666666666654,0.012518167482148141,dol,dol,dol,-0.01,0.015,0.085,0.01,0.16,0.0,0.004,0.0,0.0,0.0,1.0,0.0,0.011,0.0,0.0
10.126666666666654,0.013104433575448158,dol,dol,dol,0.01,0.015,0.045,0.0,0.16,0.003,0.0,0.0,0.0,0.0,1.0,0.0,0.0,0.0,0.0
10.126666666666654,0.013104433575448158,dol,dol,dol,0.01,0.015,0.045,0.0,0.16,0.003,0.004,0.0,0.0,0.0,1.0,0.0,0.0,0.0,0.0
10.13000000000001,0.013174099733104258,dol,dol,rank,0.01,0.0,0.14,0.03,0.16,0.0,0.0,0.0,0.0,0.0,0.0,0.0,0.0,0.0,0.0
10.13000000000001,0.013174099733104258,dol,dol,rank,0.01,0.0,0.14,0.03,0.16,0.0,0.004,0.0,0.0,0.0,0.0,0.0,0.0,0.0,0.0
10.131600000000018,0.014932962001831652,dol,dol,dol,0.01,0.015,0.045,0.01,0.2,1.2,0.0,0.0,0.0,0.0,0.0,0.0,0.0,0.0,0.0
10.133333333333328,0.012506023944039482,dol,sqrt,rank,0.01,0.0,0.14,0.03,0.12,0.9,0.0,0.0,0.0,0.0,0.0,0.0,0.0,0.0,0.0
10.133333333333328,0.017063332250222447,dol,dol,dol,0.01,0.0,0.045,0.03,0.2,0.008,0.0,0.0,0.0,0.0,0.0,0.0,0.0,0.0,0.0
10.133333333333328,0.017058329975573674,dol,dol,dol,0.01,0.0,0.045,0.03,0.2,0.008,0.0,0.0,0.0,0.0,1.0,0.0,0.0,0.0,0.0
10.133333333333328,0.017063332250222447,dol,dol,dol,0.01,0.0,0.045,0.03,0.2,0.008,0.004,0.0,0.0,0.0,0.0,0.0,0.0,0.0,0.0
10.133333333333328,0.017058329975573674,dol,dol,dol,0.01,0.0,0.045,0.03,0.2,0.008,0.004,0.0,0.0,0.0,1.0,0.0,0.0,0.0,0.0
10.136666666666645,0.020137133013415777,dol,dol,dol,-0.01,0.015,0.085,0.03,0.16,0.9,0.0,0.0,0.0,0.0,0.0,0.0,0.0,0.0,0.0
10.14,0.0159053887933199,dol,sqrt,rank,0.0,0.0,0.085,0.03,0.12,1.2,0.0,0.0,0.0,0.0,0.0,0.0,0.0,0.0,0.0
10.149999999999991,0.013139118666536711,dol,dol,dol,0.01,0.015,0.045,0.0,0.16,0.0,0.0,0.0,0.0,0.0,0.0,0.0,0.0,0.0,0.0
10.149999999999991,0.013139534325701816,dol,dol,dol,0.01,0.015,0.045,0.0,0.16,0.0,0.0,0.0,0.0,0.0,1.0,0.0,0.0,0.0,0.0
10.149999999999991,0.013139118666536711,dol,dol,dol,0.01,0.015,0.045,0.0,0.16,0.0,0.004,0.0,0.0,0.0,0.0,0.0,0.0,0.0,0.0
10.149999999999991,0.013139534325701816,dol,dol,dol,0.01,0.015,0.045,0.0,0.16,0.0,0.004,0.0,0.0,0.0,1.0,0.0,0.0,0.0,0.0
10.153333333333311,0.012769941416380012,dol,dol,dol,-0.01,0.015,0.085,0.01,0.16,0.008,0.004,0.0,0.0,0.0,1.0,-300.0,0.0,0.0,0.0
10.156666666666666,0.012759616507066635,dol,dol,dol,-0.01,0.015,0.085,0.01,0.16,0.008,0.0,0.0,0.0,0.0,0.0,-300.0,0.0,0.0,0.0
10.156666666666666,0.01276808060345392,dol,dol,dol,-0.01,0.015,0.085,0.01,0.16,0.008,0.0,0.0,0.0,0.0,1.0,-300.0,0.0,0.0,0.0
10.156666666666666,0.012759616507066635,dol,dol,dol,-0.01,0.015,0.085,0.01,0.16,0.008,0.004,0.0,0.0,0.0,0.0,-300.0,0.0,0.0,0.0
10.159999999999984,0.016796337521857194,dol,dol,dol,0.01,0.0,0.0,0.03,0.26,1.2,0.2,0.0,0.0,0.0,0.0,0.0,0.0,0.0,0.0
10.163333333333302,0.01734388713105614,dol,dol,dol,0.0,0.0,0.085,0.0,0.16,0.003,0.0,0.0,0.0,0.0,1.0,-300.0,0.0,0.0,0.0
10.163333333333302,0.01734388713105614,dol,dol,dol,0.0,0.0,0.085,0.0,0.16,0.003,0.004,0.0,0.0,0.0,1.0,-300.0,0.0,0.0,0.0
10.163600000000006,0.017137208621398444,dol,dol,dol,0.0,0.015,0.085,0.01,0.16,0.6,0.0,0.0,0.0,0.0,0.0,0.0,0.0,0.0,0.0
10.166666666666657,0.01192832030334778,dol,dol,dol,0.01,0.015,0.0,0.0,0.2,0.6,0.2,0.0,0.0,0.0,0.0,0.0,0.0,0.0,0.0
10.166666666666657,0.016310901582820125,dol,sqrt,rank,0.0,0.015,0.085,0.01,0.12,1.2,0.0,0.0,0.0,0.0,0.0,0.0,0.0,0.0,0.0
10.166666666666657,0.01735423197613429,dol,dol,dol,0.0,0.0,0.085,0.0,0.16,0.003,0.0,0.0,0.0,0.0,0.0,-300.0,0.0,0.0,0.0
10.166666666666657,0.01735423197613429,dol,dol,dol,0.0,0.0,0.085,0.0,0.16,0.003,0.004,0.0,0.0,0.0,0.0,-300.0,0.0,0.0,0.0
10.166666666666657,0.017088258024043762,dol,dol,dol,0.01,0.0,0.045,0.03,0.2,0.0,0.0,0.0,0.0,0.0,1.0,0.0,0.011,0.0,0.0
10.166666666666657,0.017088258024043762,dol,dol,dol,0.01,0.0,0.045,0.03,0.2,0.0,0.004,0.0,0.0,0.0,1.0,0.0,0.011,0.0,0.0
10.170000000000012,0.013186235081691413,dol,dol,rank,0.01,0.0,0.14,0.03,0.16,0.0,0.0,0.0,0.0,0.0,1.0,0.0,0.011,0.0,0.0
10.170000000000012,0.013186235081691413,dol,dol,rank,0.01,0.0,0.14,0.03,0.16,0.0,0.004,0.0,0.0,0.0,1.0,0.0,0.011,0.0,0.0
10.17333333333333,0.017091261837125577,dol,dol,dol,0.01,0.0,0.045,0.03,0.2,0.0,0.0,0.0,0.0,0.0,0.0,0.0,0.011,0.0,0.0
10.17333333333333,0.017091261837125577,dol,dol,dol,0.01,0.0,0.045,0.03,0.2,0.0,0.004,0.0,0.0,0.0,0.0,0.0,0.011,0.0,0.0
10.17333333333333,0.017092115945121632,dol,dol,dol,0.01,0.0,0.045,0.03,0.2,0.003,0.0,0.0,0.0,0.0,1.0,0.0,0.0,0.0,0.0
10.17333333333333,0.017092115945121632,dol,dol,dol,0.01,0.0,0.045,0.03,0.2,0.003,0.004,0.0,0.0,0.0,1.0,0.0,0.0,0.0,0.0
10.176666666666685,0.017093511138354136,dol,dol,dol,0.01,0.0,0.045,0.03,0.2,0.003,0.0,0.0,0.0,0.0,0.0,0.0,0.0,0.0,0.0
10.176666666666685,0.017093511138354136,dol,dol,dol,0.01,0.0,0.045,0.03,0.2,0.003,0.004,0.0,0.0,0.0,0.0,0.0,0.0,0.0,0.0
10.180000000000003,0.014555176325000368,dol,sqrt,rank,0.01,0.0,0.085,0.0,0.12,0.6,0.0,0.0,0.0,0.0,0.0,0.0,0.0,0.0,0.0
10.180000000000003,0.013192016499888604,dol,dol,rank,0.01,0.0,0.14,0.03,0.16,0.0,0.0,0.0,0.0,0.0,0.0,0.0,0.011,0.0,0.0
10.180000000000003,0.013192016499888604,dol,dol,rank,0.01,0.0,0.14,0.03,0.16,0.0,0.004,0.0,0.0,0.0,0.0,0.0,0.011,0.0,0.0
10.186666666666676,0.014893294342433784,dol,dol,dol,0.0,0.015,0.045,0.03,0.26,1.2,0.2,0.0,0.0,0.0,0.0,0.0,0.0,0.0,0.0
10.186666666666676,0.012215053102475497,dol,dol,rank,0.01,0.0,0.14,0.03,0.16,0.008,0.0,0.0,0.0,0.0,1.0,-300.0,0.0,0.0,0.0
10.186666666666676,0.012215053102475497,dol,dol,rank,0.01,0.0,0.14,0.03,0.16,0.008,0.004,0.0,0.0,0.0,1.0,-300.0,0.0,0.0,0.0
10.190399999999977,0.019350661527595257,dol,dol,dol,0.01,0.015,0.0,0.01,0.16,0.6,0.2,0.0,0.0,0.0,0.0,0.0,0.0,0.0,0.0
10.191600000000012,0.015547468225477168,dol,dol,dol,0.0,0.015,0.085,0.03,0.2,1.2,0.0,0.0,0.0,0.0,0.0,0.0,0.0,0.0,0.0
10.193333333333314,0.014998344750646953,dol,sqrt,rank,0.01,0.0,0.045,0.01,0.12,0.9,0.0,0.0,0.0,0.0,0.0,0.0,0.0,0.0,0.0
10.193333333333332,0.01189365844411151,dol,sqrt,rank,0.01,0.015,0.085,0.03,0.12,0.6,0.2,0.0,0.0,0.0,0.0,0.0,0.0,0.0,0.0
10.196666666666669,0.012227296485050696,dol,dol,rank,0.01,0.0,0.14,0.03,0.16,0.008,0.0,0.0,0.0,0.0,0.0,-300.0,0.0,0.0,0.0
10.196666666666669,0.012225659630768685,dol,dol,rank,0.01,0.0,0.14,0.03,0.16,0.008,0.004,0.0,0.0,0.0,0.0,-300.0,0.0,0.0,0.0
10.196666666666669,0.017119058279308763,dol,dol,dol,0.01,0.0,0.045,0.03,0.2,0.0,0.0,0.0,0.0,0.0,1.0,0.0,0.0,0.0,0.0
10.196666666666669,0.017119058279308763,dol,dol,dol,0.01,0.0,0.045,0.03,0.2,0.0,0.004,0.0,0.0,0.0,1.0,0.0,0.0,0.0,0.0
10.200000000000024,0.017156043964694136,dol,dol,dol,0.01,0.015,0.0,0.0,0.16,0.9,0.0,0.0,0.0,0.0,0.0,0.0,0.0,0.0,0.0
10.203333333333342,0.017117935928272553,dol,dol,dol,0.01,0.0,0.045,0.03,0.2,0.0,0.0,0.0,0.0,0.0,0.0,0.0,0.0,0.0,0.0
10.203333333333342,0.017117935928272553,dol,dol,dol,0.01,0.0,0.045,0.03,0.2,0.0,0.004,0.0,0.0,0.0,0.0,0.0,0.0,0.0,0.0
10.207600000000028,0.01322862575377098,dol,dol,dol,0.0,0.0,0.085,0.03,0.2,0.6,0.2,0.0,0.0,0.0,0.0,0.0,0.0,0.0,0.0
10.209999999999978,0.01646852016334103,dol,dol,dol,-0.01,0.015,0.085,0.01,0.16,1.2,0.0,0.0,0.0,0.0,0.0,0.0,0.0,0.0,0.0
10.213333333333333,0.012558240178081078,dol,dol,dol,0.0,0.0,0.045,0.01,0.2,0.9,0.2,0.0,0.0,0.0,0.0,0.0,0.0,0.0,0.0
10.21666666666665,0.017449235600364762,dol,dol,dol,0.0,0.0,0.085,0.0,0.16,0.0,0.0,0.0,0.0,0.0,1.0,-300.0,0.0,0.0,0.0
10.21666666666665,0.017449235600364762,dol,dol,dol,0.0,0.0,0.085,0.0,0.16,0.0,0.004,0.0,0.0,0.0,1.0,-300.0,0.0,0.0,0.0
10.223333333333326,0.01745976409623843,dol,dol,dol,0.0,0.0,0.085,0.0,0.16,0.0,0.0,0.0,0.0,0.0,0.0,-300.0,0.0,0.0,0.0
10.223333333333326,0.01745976409623843,dol,dol,dol,0.0,0.0,0.085,0.0,0.16,0.0,0.004,0.0,0.0,0.0,0.0,-300.0,0.0,0.0,0.0
10.229999999999999,0.012916582224813586,dol,dol,dol,-0.01,0.015,0.085,0.01,0.16,0.003,0.0,0.0,0.0,0.0,1.0,-300.0,0.0,0.0,0.0
10.229999999999999,0.012916694626493036,dol,dol,dol,-0.01,0.015,0.085,0.01,0.16,0.003,0.004,0.0,0.0,0.0,1.0,-300.0,0.0,0.0,0.0
10.233333333333317,0.012911154640393243,dol,dol,dol,-0.01,0.015,0.085,0.01,0.16,0.003,0.0,0.0,0.0,0.0,0.0,-300.0,0.0,0.0,0.0
10.233333333333317,0.012911154640393243,dol,dol,dol,-0.01,0.015,0.085,0.01,0.16,0.003,0.004,0.0,0.0,0.0,0.0,-300.0,0.0,0.0,0.0
10.233333333333354,0.012959060725565307,dol,dol,dol,0.01,0.015,0.045,0.0,0.16,0.008,0.0,0.0,0.0,0.0,1.0,-300.0,0.0,0.0,0.0
10.233333333333354,0.012959060725565307,dol,dol,dol,0.01,0.015,0.045,0.0,0.16,0.008,0.004,0.0,0.0,0.0,1.0,-300.0,0.0,0.0,0.0
10.236666666666672,0.012963113226324869,dol,dol,dol,0.01,0.015,0.045,0.0,0.16,0.008,0.0,0.0,0.0,0.0,0.0,-300.0,0.0,0.0,0.0
10.236666666666672,0.012963113226324869,dol,dol,dol,0.01,0.015,0.045,0.0,0.16,0.008,0.004,0.0,0.0,0.0,0.0,-300.0,0.0,0.0,0.0
10.243333333333345,0.014068309806611985,dol,sqrt,dol,0.01,0.015,0.0,0.01,0.12,0.9,0.0,0.0,0.0,0.0,0.0,0.0,0.0,0.0,0.0
10.2533333333333,0.018119060724981168,dol,dol,rank,0.01,0.015,0.14,0.03,0.16,0.6,0.2,0.0,0.0,0.0,0.0,0.0,0.0,0.0,0.0
10.253333333333336,0.01548042472620516,dol,sqrt,dol,0.01,0.015,0.0,0.01,0.12,0.6,0.2,0.0,0.0,0.0,0.0,0.0,0.0,0.0,0.0
10.256666666666655,0.012251123337761193,dol,dol,rank,0.01,0.0,0.14,0.03,0.16,0.003,0.0,0.0,0.0,0.0,0.0,-300.0,0.0,0.0,0.0
10.259999999999973,0.015955403034708954,dol,dol,rank,0.01,0.015,0.14,0.01,0.16,0.9,0.2,0.0,0.0,0.0,0.0,0.0,0.0,0.0,0.0
10.259999999999973,0.014670609851243646,dol,sqrt,rank,0.0,0.0,0.085,0.03,0.12,0.6,0.2,0.0,0.0,0.0,0.0,0.0,0.0,0.0,0.0
10.259999999999973,0.01750218797115886,dol,dol,dol,0.0,0.0,0.085,0.0,0.16,0.0,0.0,0.0,0.0,0.0,1.0,-300.0,0.011,0.0,0.0
10.259999999999973,0.01750218797115886,dol,dol,dol,0.0,0.0,0.085,0.0,0.16,0.0,0.004,0.0,0.0,0.0,1.0,-300.0,0.011,0.0,0.0
10.26000000000001,0.012251453764077684,dol,dol,rank,0.01,0.0,0.14,0.03,0.16,0.003,0.004,0.0,0.0,0.0,0.0,-300.0,0.0,0.0,0.0
10.266666666666646,0.017521600639295573,dol,dol,dol,0.0,0.0,0.085,0.0,0.16,0.0,0.0,0.0,0.0,0.0,0.0,-300.0,0.011,0.0,0.0
10.266666666666646,0.017521600639295573,dol,dol,dol,0.0,0.0,0.085,0.0,0.16,0.0,0.004,0.0,0.0,0.0,0.0,-300.0,0.011,0.0,0.0
10.266666666666646,0.012258672398060189,dol,dol,rank,0.01,0.0,0.14,0.03,0.16,0.003,0.0,0.0,0.0,0.0,1.0,-300.0,0.0,0.0,0.0
10.266666666666646,0.012259102018349313,dol,dol,rank,0.01,0.0,0.14,0.03,0.16,0.003,0.004,0.0,0.0,0.0,1.0,-300.0,0.0,0.0,0.0
10.27333333333332,0.012985014670765675,dol,dol,dol,-0.01,0.015,0.085,0.01,0.16,0.0,0.0,0.0,0.0,0.0,0.0,-300.0,0.0,0.0,0.0
10.27333333333332,0.012985014670765675,dol,dol,dol,-0.01,0.015,0.085,0.01,0.16,0.0,0.004,0.0,0.0,0.0,0.0,-300.0,0.0,0.0,0.0
10.276666666666674,0.01299853912304508,dol,dol,dol,-0.01,0.015,0.085,0.01,0.16,0.0,0.0,0.0,0.0,0.0,1.0,-300.0,0.0,0.0,0.0
10.276666666666674,0.01299853912304508,dol,dol,dol,-0.01,0.015,0.085,0.01,0.16,0.0,0.004,0.0,0.0,0.0,1.0,-300.0,0.0,0.0,0.0
10.279999999999992,0.013548105268648088,dol,dol,dol,0.0,0.0,0.085,0.0,0.2,0.6,0.0,0.0,0.0,0.0,0.0,0.0,0.0,0.0,0.0
10.28333333333331,0.01634450414144245,dol,sqrt,dol,-0.01,0.0,0.045,0.03,0.12,0.6,0.0,0.0,0.0,0.0,0.0,0.0,0.0,0.0,0.0
10.286666666666665,0.013082507747483384,dol,dol,dol,0.01,0.015,0.045,0.0,0.16,0.0,0.0,0.0,0.0,0.0,1.0,-300.0,0.011,0.0,0.0
10.286666666666665,0.013082507747483384,dol,dol,dol,0.01,0.015,0.045,0.0,0.16,0.0,0.004,0.0,0.0,0.0,1.0,-300.0,0.011,0.0,0.0
10.290399999999966,0.015783264322270802,dol,dol,dol,0.01,0.015,0.0,0.01,0.2,0.6,0.0,0.0,0.0,0.0,0.0,0.0,0.0,0.0,0.0
10.29333333333334,0.015235033824367748,dol,sqrt,rank,0.01,0.015,0.085,0.01,0.12,0.6,0.0,0.0,0.0,0.0,0.0,0.0,0.0,0.0,0.0
10.29333333333334,0.013094451301558577,dol,dol,dol,0.01,0.015,0.045,0.0,0.16,0.0,0.0,0.0,0.0,0.0,0.0,-300.0,0.011,0.0,0.0
10.29333333333334,0.013094451301558577,dol,dol,dol,0.01,0.015,0.045,0.0,0.16,0.0,0.004,0.0,0.0,0.0,0.0,-300.0,0.011,0.0,0.0
10.29333333333334,0.013062890613688274,dol,dol,dol,0.01,0.015,0.045,0.0,0.16,0.003,0.0,0.0,0.0,0.0,1.0,-300.0,0.0,0.0,0.0
10.29333333333334,0.013062890613688274,dol,dol,dol,0.01,0.015,0.045,0.0,0.16,0.003,0.004,0.0,0.0,0.0,1.0,-300.0,0.0,0.0,0.0
10.3024,0.01790679213367146,dol,dol,dol,0.01,0.0,0.045,0.03,0.26,0.9,0.0,0.0,0.0,0.0,0.0,0.0,0.0,0.0,0.0
10.303333333333331,0.013069123326318361,dol,dol,dol,0.01,0.015,0.045,0.0,0.16,0.003,0.0,0.0,0.0,0.0,0.0,-300.0,0.0,0.0,0.0
10.303333333333331,0.013069123326318361,dol,dol,dol,0.01,0.015,0.045,0.0,0.16,0.003,0.004,0.0,0.0,0.0,0.0,-300.0,0.0,0.0,0.0
10.31666666666664,0.01521062448129961,dol,dol,dol,0.0,0.015,0.0,0.03,0.2,1.2,0.2,0.0,0.0,0.0,0.0,0.0,0.0,0.0,0.0
10.316666666666677,0.013067997610787802,dol,dol,dol,-0.01,0.015,0.085,0.01,0.16,0.0,0.0,0.0,0.0,0.0,0.0,-300.0,0.011,0.0,0.0
10.316666666666677,0.013067997610787802,dol,dol,dol,-0.01,0.015,0.085,0.01,0.16,0.0,0.004,0.0,0.0,0.0,0.0,-300.0,0.011,0.0,0.0
10.316666666666677,0.012281592341567293,dol,dol,rank,0.01,0.0,0.14,0.03,0.16,0.0,0.0,0.0,0.0,0.0,0.0,-300.0,0.0,0.0,0.0
10.316666666666677,0.012281592341567293,dol,dol,rank,0.01,0.0,0.14,0.03,0.16,0.0,0.004,0.0,0.0,0.0,0.0,-300.0,0.0,0.0,0.0
10.319999999999995,0.013065751813211679,dol,dol,dol,-0.01,0.015,0.085,0.01,0.16,0.0,0.0,0.0,0.0,0.0,1.0,-300.0,0.011,0.0,0.0
10.319999999999995,0.013065751813211679,dol,dol,dol,-0.01,0.015,0.085,0.01,0.16,0.0,0.004,0.0,0.0,0.0,1.0,-300.0,0.011,0.0,0.0
10.319999999999995,0.012293332342130595,dol,dol,rank,0.01,0.0,0.14,0.03,0.16,0.0,0.0,0.0,0.0,0.0,1.0,-300.0,0.0,0.0,0.0
10.319999999999995,0.012293332342130595,dol,dol,rank,0.01,0.0,0.14,0.03,0.16,0.0,0.004,0.0,0.0,0.0,1.0,-300.0,0.0,0.0,0.0
10.32333333333335,0.013112772374037972,dol,dol,dol,0.01,0.015,0.045,0.0,0.16,0.0,0.0,0.0,0.0,0.0,0.0,-300.0,0.0,0.0,0.0
10.32333333333335,0.0131189997106261,dol,dol,dol,0.01,0.015,0.045,0.0,0.16,0.0,0.0,0.0,0.0,0.0,1.0,-300.0,0.0,0.0,0.0
10.32333333333335,0.013112772374037972,dol,dol,dol,0.01,0.015,0.045,0.0,0.16,0.0,0.004,0.0,0.0,0.0,0.0,-300.0,0.0,0.0,0.0
10.32333333333335,0.0131189997106261,dol,dol,dol,0.01,0.015,0.045,0.0,0.16,0.0,0.004,0.0,0.0,0.0,1.0,-300.0,0.0,0.0,0.0
10.333333333333343,0.014114610006288855,dol,dol,dol,0.01,0.0,0.045,0.0,0.16,0.008,0.004,0.0,0.0,0.0,1.0,0.0,0.0,0.0,0.0
10.33666666666666,0.014119636840886476,dol,dol,dol,0.01,0.0,0.045,0.0,0.16,0.008,0.0,0.0,0.0,0.0,1.0,0.0,0.0,0.0,0.0
10.340000000000016,0.01412728238131742,dol,dol,dol,0.01,0.0,0.045,0.0,0.16,0.008,0.0,0.0,0.0,0.0,0.0,0.0,0.0,0.0,0.0
10.340000000000016,0.01412715328982007,dol,dol,dol,0.01,0.0,0.045,0.0,0.16,0.008,0.004,0.0,0.0,0.0,0.0,0.0,0.0,0.0,0.0
10.347600000000012,0.014857784818192218,dol,dol,dol,-0.01,0.0,0.085,0.03,0.2,0.6,0.0,0.0,0.0,0.0,0.0,0.0,0.0,0.0,0.0
10.350000000000007,0.016908576962266476,dol,sqrt,rank,-0.01,0.015,0.14,0.03,0.12,1.2,0.0,0.0,0.0,0.0,0.0,0.0,0.0,0.0,0.0
10.350000000000007,0.0178313764679214,sqrt,dol,dol,-0.01,0.0,0.085,0.01,0.16,0.9,0.0,0.0,0.0,0.0,0.0,0.0,0.0,0.0,0.0
10.356666666666644,0.014455267810783748,dol,dol,dol,0.0,0.015,0.085,0.01,0.26,1.6,0.0,0.0,0.0,0.0,0.0,0.0,0.0,0.0,0.0
10.366666666666672,0.020879207876630664,sqrt,dol,dol,-0.01,0.0,0.14,0.03,0.2,0.9,0.0,0.0,0.0,0.0,0.0,0.0,0.0,0.0,0.0
10.36999999999999,0.011675459959216128,dol,dol,dol,-0.01,0.015,0.085,0.01,0.2,1.6,0.0,0.0,0.0,0.0,0.0,0.0,0.0,0.0,0.0
10.36999999999999,0.016726667576723756,dol,dol,dol,0.01,0.0,0.085,0.03,0.26,1.2,0.0,0.0,0.0,0.0,0.0,0.0,0.0,0.0,0.0
10.36999999999999,0.012339769284715172,dol,dol,rank,0.01,0.0,0.14,0.03,0.16,0.0,0.0,0.0,0.0,0.0,0.0,-300.0,0.011,0.0,0.0
10.36999999999999,0.012339769284715172,dol,dol,rank,0.01,0.0,0.14,0.03,0.16,0.0,0.004,0.0,0.0,0.0,0.0,-300.0,0.011,0.0,0.0
10.373333333333346,0.016438263292515857,dol,dol,dol,0.01,0.0,0.045,0.03,0.2,0.008,0.004,0.0,0.0,0.0,0.0,-300.0,0.0,0.0,0.0
10.376666666666663,0.017197222172328986,dol,dol,dol,0.01,0.015,0.0,0.0,0.16,0.6,0.0,0.0,0.0,0.0,0.0,0.0,0.0,0.0,0.0
10.376666666666663,0.014273020031332352,dol,dol,dol,0.01,0.0,0.045,0.0,0.16,0.0,0.0,0.0,0.0,0.0,1.0,0.0,0.011,0.0,0.0
10.376666666666663,0.014273020031332352,dol,dol,dol,0.01,0.0,0.045,0.0,0.16,0.0,0.004,0.0,0.0,0.0,1.0,0.0,0.011,0.0,0.0
10.376666666666663,0.012349915522278168,dol,dol,rank,0.01,0.0,0.14,0.03,0.16,0.0,0.0,0.0,0.0,0.0,1.0,-300.0,0.011,0.0,0.0
10.376666666666663,0.012349915522278168,dol,dol,rank,0.01,0.0,0.14,0.03,0.16,0.0,0.004,0.0,0.0,0.0,1.0,-300.0,0.011,0.0,0.0
10.376666666666663,0.01644278698328776,dol,dol,dol,0.01,0.0,0.045,0.03,0.2,0.008,0.0,0.0,0.0,0.0,0.0,-300.0,0.0,0.0,0.0
10.378399999999965,0.015338130025093221,dol,dol,dol,0.01,0.0,0.045,0.03,0.26,1.6,0.0,0.0,0.0,0.0,0.0,0.0,0.0,0.0,0.0
10.379999999999981,0.014785915122169471,sqrt,dol,dol,-0.01,0.015,0.085,0.03,0.2,0.6,0.0,0.0,0.0,0.0,0.0,0.0,0.0,0.0,0.0
10.383333333333336,0.014899566712566587,dol,sqrt,dol,0.0,0.015,0.045,0.03,0.16,1.2,0.0,0.0,0.0,0.0,0.0,0.0,0.0,0.0,0.0
10.383333333333336,0.014278838112810586,dol,dol,dol,0.01,0.0,0.045,0.0,0.16,0.0,0.0,0.0,0.0,0.0,0.0,0.0,0.011,0.0,0.0
10.383333333333336,0.014278838112810586,dol,dol,dol,0.01,0.0,0.045,0.0,0.16,0.0,0.004,0.0,0.0,0.0,0.0,0.0,0.011,0.0,0.0
10.383333333333336,0.016442106878152594,dol,dol,dol,0.01,0.0,0.045,0.03,0.2,0.008,0.0,0.0,0.0,0.0,1.0,-300.0,0.0,0.0,0.0
10.383333333333336,0.016440633945153053,dol,dol,dol,0.01,0.0,0.045,0.03,0.2,0.008,0.004,0.0,0.0,0.0,1.0,-300.0,0.0,0.0,0.0
10.386666666666654,0.014229563906281975,dol,dol,dol,0.01,0.0,0.045,0.0,0.16,0.003,0.004,0.0,0.0,0.0,0.0,0.0,0.0,0.0,0.0
10.39000000000001,0.014233457587279666,dol,dol,dol,0.01,0.0,0.045,0.0,0.16,0.003,0.0,0.0,0.0,0.0,0.0,0.0,0.0,0.0,0.0
10.400000000000002,0.014257419565498749,dol,dol,dol,0.01,0.0,0.045,0.0,0.16,0.003,0.004,0.0,0.0,0.0,1.0,0.0,0.0,0.0,0.0
10.403333333333357,0.014260360109213393,dol,dol,dol,0.01,0.0,0.045,0.0,0.16,0.003,0.0,0.0,0.0,0.0,1.0,0.0,0.0,0.0,0.0
10.406666666666638,0.013082244373648253,dol,sqrt,dol,0.0,0.0,0.0,0.03,0.12,0.6,0.0,0.0,0.0,0.0,0.0,0.0,0.0,0.0,0.0
10.406666666666675,0.016297902639433225,dol,sqrt,dol,0.01,0.015,0.0,0.01,0.16,1.2,0.0,0.0,0.0,0.0,0.0,0.0,0.0,0.0,0.0
10.42333333333334,0.01648810336778207,dol,dol,dol,0.01,0.0,0.045,0.03,0.2,0.003,0.0,0.0,0.0,0.0,0.0,-300.0,0.0,0.0,0.0
10.42333333333334,0.01648810336778207,dol,dol,dol,0.01,0.0,0.045,0.03,0.2,0.003,0.004,0.0,0.0,0.0,0.0,-300.0,0.0,0.0,0.0
10.427600000000004,0.02209739128394017,dol,dol,dol,0.0,0.0,0.045,0.01,0.16,1.2,0.0,0.0,0.0,0.0,0.0,0.0,0.0,0.0,0.0
10.429999999999977,0.019551542576254976,dol,dol,dol,-0.01,0.0,0.085,0.0,0.12,0.6,0.2,0.0,0.0,0.0,0.0,0.0,0.0,0.0,0.0
10.430000000000014,0.01648928431167075,dol,dol,dol,0.01,0.0,0.045,0.03,0.2,0.003,0.0,0.0,0.0,0.0,1.0,-300.0,0.0,0.0,0.0
10.430000000000014,0.01648928431167075,dol,dol,dol,0.01,0.0,0.045,0.03,0.2,0.003,0.004,0.0,0.0,0.0,1.0,-300.0,0.0,0.0,0.0
10.436666666666687,0.014318116705768255,dol,dol,dol,0.01,0.0,0.045,0.0,0.16,0.0,0.0,0.0,0.0,0.0,0.0,0.0,0.0,0.0,0.0
10.436666666666687,0.014318116705768255,dol,dol,dol,0.01,0.0,0.045,0.0,0.16,0.0,0.004,0.0,0.0,0.0,0.0,0.0,0.0,0.0,0.0
10.439999999999968,0.01948027355690498,dol,dol,dol,-0.01,0.015,0.14,0.0,0.2,0.9,0.0,0.0,0.0,0.0,0.0,0.0,0.0,0.0,0.0
10.440000000000005,0.018490541628186644,dol,dol,dol,-0.01,0.0,0.085,0.03,0.16,0.9,0.0,0.0,0.0,0.0,0.0,0.0,0.0,0.0,0.0
10.440000000000005,0.01432375142512913,dol,dol,dol,0.01,0.0,0.045,0.0,0.16,0.0,0.0,0.0,0.0,0.0,1.0,0.0,0.0,0.0,0.0
10.440000000000005,0.01432375142512913,dol,dol,dol,0.01,0.0,0.045,0.0,0.16,0.0,0.004,0.0,0.0,0.0,1.0,0.0,0.0,0.0,0.0
10.446666666666678,0.016210511406925886,dol,dol,dol,0.01,0.0,0.085,0.0,0.2,1.2,0.0,0.0,0.0,0.0,0.0,0.0,0.0,0.0,0.0
10.449999999999996,0.01946079361748185,dol,dol,dol,-0.01,0.0,0.14,0.03,0.26,1.6,0.0,0.0,0.0,0.0,0.0,0.0,0.0,0.0,0.0
10.449999999999996,0.01247010719310011,dol,sqrt,dol,0.0,0.0,0.0,0.03,0.12,0.9,0.0,0.0,0.0,0.0,0.0,0.0,0.0,0.0,0.0
10.453333333333351,0.016532507866938096,dol,dol,dol,0.01,0.0,0.045,0.03,0.2,0.0,0.0,0.0,0.0,0.0,0.0,-300.0,0.011,0.0,0.0
10.453333333333351,0.016532507866938096,dol,dol,dol,0.01,0.0,0.045,0.03,0.2,0.0,0.004,0.0,0.0,0.0,0.0,-300.0,0.011,0.0,0.0
10.456666666666669,0.016534872936827684,dol,dol,dol,0.01,0.0,0.045,0.03,0.2,0.0,0.0,0.0,0.0,0.0,1.0,-300.0,0.011,0.0,0.0
10.456666666666669,0.016534872936827684,dol,dol,dol,0.01,0.0,0.045,0.03,0.2,0.0,0.004,0.0,0.0,0.0,1.0,-300.0,0.011,0.0,0.0
10.466666666666661,0.014823479925817376,dol,sqrt,rank,0.01,0.015,0.0,0.03,0.12,0.6,0.2,0.0,0.0,0.0,0.0,0.0,0.0,0.0,0.0
10.466666666666661,0.016526974361798813,dol,dol,dol,0.01,0.0,0.045,0.03,0.2,0.0,0.0,0.0,0.0,0.0,0.0,-300.0,0.0,0.0,0.0
10.466666666666661,0.016528462143067472,dol,dol,dol,0.01,0.0,0.045,0.03,0.2,0.0,0.0,0.0,0.0,0.0,1.0,-300.0,0.0,0.0,0.0
10.466666666666661,0.016526974361798813,dol,dol,dol,0.01,0.0,0.045,0.03,0.2,0.0,0.004,0.0,0.0,0.0,0.0,-300.0,0.0,0.0,0.0
10.466666666666661,0.016528462143067472,dol,dol,dol,0.01,0.0,0.045,0.03,0.2,0.0,0.004,0.0,0.0,0.0,1.0,-300.0,0.0,0.0,0.0
10.47666666666667,0.015327322447427263,dol,dol,dol,0.01,0.0,0.045,0.03,0.2,1.2,0.2,0.0,0.0,0.0,0.0,0.0,0.0,0.0,0.0
10.47999999999997,0.014988378166902312,dol,sqrt,rank,0.0,0.015,0.14,0.0,0.12,0.6,0.0,0.0,0.0,0.0,0.0,0.0,0.0,0.0,0.0
10.480000000000008,0.017548345856413253,sqrt,dol,dol,0.01,0.0,0.045,0.01,0.2,0.6,0.2,0.0,0.0,0.0,0.0,0.0,0.0,0.0,0.0
10.513333333333337,0.017249915149549776,sqrt,dol,dol,0.01,0.015,0.045,0.0,0.2,0.9,0.0,0.0,0.0,0.0,0.0,0.0,0.0,0.0,0.0
10.518399999999994,0.01474396793419072,dol,dol,dol,0.01,0.015,0.045,0.03,0.26,1.6,0.0,0.0,0.0,0.0,0.0,0.0,0.0,0.0,0.0
10.526400000000002,0.01566666510874696,dol,dol,dol,0.01,0.0,0.0,0.01,0.2,0.9,0.0,0.0,0.0,0.0,0.0,0.0,0.0,0.0,0.0
10.526666666666648,0.011433193037687965,dol,dol,dol,0.01,0.0,0.0,0.0,0.2,1.2,0.0,0.0,0.0,0.0,0.0,0.0,0.0,0.0,0.0
10.53333333333332,0.014932413342196964,dol,dol,dol,-0.01,0.0,0.085,0.01,0.16,1.2,0.0,0.0,0.0,0.0,0.0,0.0,0.0,0.0,0.0
10.536666666666676,0.019600822735944694,sqrt,dol,dol,-0.01,0.015,0.14,0.03,0.2,0.9,0.0,0.0,0.0,0.0,0.0,0.0,0.0,0.0,0.0
10.538399999999992,0.017445839726931377,dol,dol,dol,0.0,0.0,0.045,0.03,0.26,1.6,0.0,0.0,0.0,0.0,0.0,0.0,0.0,0.0,0.0
10.539999999999994,0.01620680943078944,dol,sqrt,rank,0.01,0.015,0.045,0.0,0.12,0.6,0.2,0.0,0.0,0.0,0.0,0.0,0.0,0.0,0.0
10.543600000000009,0.017061079469560717,dol,dol,dol,0.0,0.015,0.045,0.01,0.2,0.6,0.0,0.0,0.0,0.0,0.0,0.0,0.0,0.0,0.0
10.546666666666667,0.013999996457671509,dol,sqrt,rank,0.01,0.0,0.14,0.03,0.12,1.2,0.0,0.0,0.0,0.0,0.0,0.0,0.0,0.0,0.0
10.574400000000006,0.023352831331236588,dol,dol,dol,-0.01,0.015,0.14,0.01,0.16,0.008,0.004,0.0,0.0,0.0,0.0,0.0,0.0,0.0,0.0
10.576666666666679,0.016293097495565404,dol,sqrt,rank,0.01,0.015,0.0,0.03,0.12,1.2,0.0,0.0,0.0,0.0,0.0,0.0,0.0,0.0,0.0
10.576666666666679,0.016207201213818044,dol,dol,dol,0.01,0.015,0.045,0.03,0.2,0.008,0.004,0.0,0.0,0.0,1.0,0.0,0.0,0.0,0.0
10.578400000000032,0.023356530010858814,dol,dol,dol,-0.01,0.015,0.14,0.01,0.16,0.008,0.0,0.0,0.0,0.0,0.0,0.0,0.0,0.0,0.0
10.578400000000032,0.023347756369327684,dol,dol,dol,-0.01,0.015,0.14,0.01,0.16,0.008,0.0,0.0,0.0,0.0,1.0,0.0,0.0,0.0,0.0
10.578400000000032,0.023347756369327684,dol,dol,dol,-0.01,0.015,0.14,0.01,0.16,0.008,0.004,0.0,0.0,0.0,1.0,0.0,0.0,0.0,0.0
10.579600000000022,0.015255211983668613,dol,dol,dol,0.01,0.0,0.045,0.01,0.2,0.6,0.0,0.0,0.0,0.0,0.0,0.0,0.0,0.0,0.0
10.579999999999997,0.013172488757788866,dol,dol,dol,0.01,0.0,0.045,0.0,0.16,0.9,0.2,0.0,0.0,0.0,0.0,0.0,0.0,0.0,0.0
10.579999999999997,0.015381095277187685,dol,sqrt,rank,0.0,0.0,0.14,0.03,0.12,0.6,0.0,0.0,0.0,0.0,0.0,0.0,0.0,0.0,0.0
10.580000000000034,0.01620683989349353,dol,dol,dol,0.01,0.015,0.045,0.03,0.2,0.008,0.0,0.0,0.0,0.0,1.0,0.0,0.0,0.0,0.0
10.583333333333352,0.016219941980532844,dol,dol,dol,0.01,0.015,0.045,0.03,0.2,0.0,0.0,0.0,0.0,0.0,0.0,0.0,0.011,0.0,0.0
10.583333333333352,0.016219941980532844,dol,dol,dol,0.01,0.015,0.045,0.03,0.2,0.0,0.004,0.0,0.0,0.0,0.0,0.0,0.011,0.0,0.0
10.58666666666667,0.02018996190079505,dol,sqrt,dol,0.01,0.0,0.0,0.01,0.16,1.2,0.0,0.0,0.0,0.0,0.0,0.0,0.0,0.0,0.0
10.58666666666667,0.016218945988040127,dol,dol,dol,0.01,0.015,0.045,0.03,0.2,0.0,0.0,0.0,0.0,0.0,1.0,0.0,0.011,0.0,0.0
10.58666666666667,0.016218945988040127,dol,dol,dol,0.01,0.015,0.045,0.03,0.2,0.0,0.004,0.0,0.0,0.0,1.0,0.0,0.011,0.0,0.0
10.593333333333343,0.012939571694211121,dol,dol,dol,0.0,0.0,0.085,0.01,0.16,1.2,0.0,0.0,0.0,0.0,0.0,0.0,0.0,0.0,0.0
10.593333333333343,0.016206160536454448,dol,dol,dol,0.01,0.015,0.045,0.03,0.2,0.003,0.0,0.0,0.0,0.0,1.0,0.0,0.0,0.0,0.0
10.593333333333343,0.016206160536454448,dol,dol,dol,0.01,0.015,0.045,0.03,0.2,0.003,0.004,0.0,0.0,0.0,1.0,0.0,0.0,0.0,0.0
10.593333333333343,0.016207937952332704,dol,dol,dol,0.01,0.015,0.045,0.03,0.2,0.008,0.0,0.0,0.0,0.0,0.0,0.0,0.0,0.0,0.0
10.593333333333343,0.01620746858247308,dol,dol,dol,0.01,0.015,0.045,0.03,0.2,0.008,0.004,0.0,0.0,0.0,0.0,0.0,0.0,0.0,0.0
10.59999999999998,0.013711130652786353,dol,dol,rank,0.01,0.015,0.14,0.03,0.2,1.2,0.2,0.0,0.0,0.0,0.0,0.0,0.0,0.0,0.0
10.600000000000017,0.014893291930212053,dol,dol,dol,-0.01,0.015,0.14,0.0,0.16,0.9,0.0,0.0,0.0,0.0,0.0,0.0,0.0,0.0,0.0
10.600000000000017,0.01995139709393805,dol,dol,dol,0.01,0.0,0.0,0.01,0.16,1.2,0.0,0.0,0.0,0.0,0.0,0.0,0.0,0.0,0.0
10.603333333333335,0.01590723052693451,sqrt,dol,dol,0.01,0.0,0.085,0.01,0.2,0.6,0.0,0.0,0.0,0.0,0.0,0.0,0.0,0.0,0.0
10.603333333333335,0.014456600212487852,dol,dol,dol,0.01,0.0,0.045,0.0,0.16,0.008,0.0,0.0,0.0,0.0,0.0,-300.0,0.0,0.0,0.0
10.603333333333335,0.014453212717311396,dol,dol,dol,0.01,0.0,0.045,0.0,0.16,0.008,0.0,0.0,0.0,0.0,1.0,-300.0,0.0,0.0,0.0
10.603333333333335,0.0144550671648644,dol,dol,dol,0.01,0.0,0.045,0.0,0.16,0.008,0.004,0.0,0.0,0.0,0.0,-300.0,0.0,0.0,0.0
10.603333333333335,0.014454167234553655,dol,dol,dol,0.01,0.0,0.045,0.0,0.16,0.008,0.004,0.0,0.0,0.0,1.0,-300.0,0.0,0.0,0.0
10.606666666666653,0.01750165122580236,dol,dol,rank,0.01,0.0,0.14,0.03,0.16,0.6,0.2,0.0,0.0,0.0,0.0,0.0,0.0,0.0,0.0
10.606666666666653,0.017289752351331428,sqrt,dol,dol,-0.01,0.015,0.085,0.0,0.16,0.6,0.0,0.0,0.0,0.0,0.0,0.0,0.0,0.0,0.0
10.610000000000008,0.0165696779534631,sqrt,dol,dol,0.0,0.0,0.045,0.0,0.16,0.9,0.0,0.0,0.0,0.0,0.0,0.0,0.0,0.0,0.0
10.613333333333363,0.01849170104348115,dol,dol,dol,-0.01,0.0,0.14,0.03,0.16,1.2,0.0,0.0,0.0,0.0,0.0,0.0,0.0,0.0,0.0
10.613333333333363,0.016218955236480637,dol,dol,dol,0.01,0.015,0.045,0.03,0.2,0.003,0.0,0.0,0.0,0.0,0.0,0.0,0.0,0.0,0.0
10.613333333333363,0.016218955236480637,dol,dol,dol,0.01,0.015,0.045,0.03,0.2,0.003,0.004,0.0,0.0,0.0,0.0,0.0,0.0,0.0,0.0
10.616666666666681,0.022466926129395274,sqrt,dol,dol,-0.01,0.0,0.14,0.03,0.2,0.6,0.2,0.0,0.0,0.0,0.0,0.0,0.0,0.0,0.0
10.616666666666681,0.0162227296671014,dol,dol,dol,0.01,0.015,0.045,0.03,0.2,0.0,0.0,0.0,0.0,0.0,1.0,0.0,0.0,0.0,0.0
10.616666666666681,0.0162227296671014,dol,dol,dol,0.01,0.015,0.045,0.03,0.2,0.0,0.004,0.0,0.0,0.0,1.0,0.0,0.0,0.0,0.0
10.62,0.015994067235720263,dol,sqrt,rank,0.01,0.0,0.045,0.03,0.12,0.9,0.0,0.0,0.0,0.0,0.0,0.0,0.0,0.0,0.0
10.62,0.01622420074159905,dol,dol,dol,0.01,0.015,0.045,0.03,0.2,0.0,0.0,0.0,0.0,0.0,0.0,0.0,0.0,0.0,0.0
10.62,0.01622420074159905,dol,dol,dol,0.01,0.015,0.045,0.03,0.2,0.0,0.004,0.0,0.0,0.0,0.0,0.0,0.0,0.0,0.0
10.626666666666654,0.011463667246598742,dol,sqrt,rank,0.01,0.0,0.14,0.03,0.12,0.6,0.2,0.0,0.0,0.0,0.0,0.0,0.0,0.0,0.0
10.629999999999992,0.01847802885711688,dol,dol,dol,-0.01,0.015,0.085,0.03,0.26,1.6,0.2,0.0,0.0,0.0,0.0,0.0,0.0,0.0,0.0
10.633333333333347,0.017498802225676287,dol,dol,dol,0.01,0.015,0.085,0.0,0.2,1.6,0.0,0.0,0.0,0.0,0.0,0.0,0.0,0.0,0.0
10.636666666666665,0.014546089867880106,dol,dol,dol,0.01,0.0,0.045,0.0,0.16,0.003,0.0,0.0,0.0,0.0,0.0,-300.0,0.0,0.0,0.0
10.636666666666665,0.014546089867880106,dol,dol,dol,0.01,0.0,0.045,0.0,0.16,0.003,0.004,0.0,0.0,0.0,0.0,-300.0,0.0,0.0,0.0
10.64000000000002,0.014625618343370173,dol,dol,dol,0.01,0.0,0.045,0.0,0.16,0.0,0.0,0.0,0.0,0.0,1.0,-300.0,0.011,0.0,0.0
10.64000000000002,0.014625618343370173,dol,dol,dol,0.01,0.0,0.045,0.0,0.16,0.0,0.004,0.0,0.0,0.0,1.0,-300.0,0.011,0.0,0.0
10.642400000000007,0.02350230808365977,dol,dol,dol,-0.01,0.015,0.14,0.01,0.16,0.003,0.0,0.0,0.0,0.0,1.0,0.0,0.0,0.0,0.0
10.642400000000007,0.023507370776307917,dol,dol,dol,-0.01,0.015,0.14,0.01,0.16,0.003,0.004,0.0,0.0,0.0,0.0,0.0,0.0,0.0,0.0
10.642400000000007,0.02350230808365977,dol,dol,dol,-0.01,0.015,0.14,0.01,0.16,0.003,0.004,0.0,0.0,0.0,1.0,0.0,0.0,0.0,0.0
10.643333333333338,0.014627160609000014,dol,dol,dol,0.01,0.0,0.045,0.0,0.16,0.0,0.0,0.0,0.0,0.0,0.0,-300.0,0.011,0.0,0.0
10.643333333333338,0.014627160609000014,dol,dol,dol,0.01,0.0,0.045,0.0,0.16,0.0,0.004,0.0,0.0,0.0,0.0,-300.0,0.011,0.0,0.0
10.646400000000034,0.023510109852130843,dol,dol,dol,-0.01,0.015,0.14,0.01,0.16,0.003,0.0,0.0,0.0,0.0,0.0,0.0,0.0,0.0,0.0
10.646666666666656,0.014544304729827215,dol,dol,dol,0.01,0.0,0.045,0.0,0.16,0.003,0.0,0.0,0.0,0.0,1.0,-300.0,0.0,0.0,0.0
10.646666666666656,0.014544304729827215,dol,dol,dol,0.01,0.0,0.045,0.0,0.16,0.003,0.004,0.0,0.0,0.0,1.0,-300.0,0.0,0.0,0.0
10.647600000000024,0.015011550074180527,dol,dol,dol,0.0,0.0,0.085,0.01,0.16,0.6,0.0,0.0,0.0,0.0,0.0,0.0,0.0,0.0,0.0
10.649999999999993,0.013108155959808626,sqrt,dol,dol,0.0,0.0,0.085,0.03,0.2,0.9,0.0,0.0,0.0,0.0,0.0,0.0,0.0,0.0,0.0
10.649999999999993,0.0161956091008689,sqrt,dol,dol,0.01,0.0,0.0,0.03,0.2,0.6,0.2,0.0,0.0,0.0,0.0,0.0,0.0,0.0,0.0
10.656666666666684,0.015667194343359378,sqrt,dol,dol,0.0,0.0,0.045,0.0,0.16,0.6,0.0,0.0,0.0,0.0,0.0,0.0,0.0,0.0,0.0
10.660000000000002,0.01772428679231682,dol,dol,dol,-0.01,0.015,0.14,0.03,0.26,1.2,0.0,0.0,0.0,0.0,0.0,0.0,0.0,0.0,0.0
10.660000000000002,0.013718919812245224,dol,dol,dol,0.0,0.015,0.045,0.03,0.2,0.008,0.0,0.0,0.0,0.0,0.0,-300.0,0.0,0.0,0.0
10.660000000000002,0.013718919812245224,dol,dol,dol,0.0,0.015,0.045,0.03,0.2,0.008,0.004,0.0,0.0,0.0,0.0,-300.0,0.0,0.0,0.0
10.663333333333322,0.018104122430069963,dol,dol,dol,0.0,0.015,0.0,0.03,0.2,0.6,0.2,0.0,0.0,0.0,0.0,0.0,0.0,0.0,0.0
10.669999999999995,0.014635642796750477,dol,dol,dol,0.01,0.0,0.045,0.0,0.16,0.0,0.0,0.0,0.0,0.0,1.0,-300.0,0.0,0.0,0.0
10.669999999999995,0.014635642796750477,dol,dol,dol,0.01,0.0,0.045,0.0,0.16,0.0,0.004,0.0,0.0,0.0,1.0,-300.0,0.0,0.0,0.0
10.669999999999995,0.013723456024604692,dol,dol,dol,0.0,0.015,0.045,0.03,0.2,0.008,0.0,0.0,0.0,0.0,1.0,-300.0,0.0,0.0,0.0
10.669999999999995,0.013724337590437508,dol,dol,dol,0.0,0.015,0.045,0.03,0.2,0.008,0.004,0.0,0.0,0.0,1.0,-300.0,0.0,0.0,0.0
10.67333333333335,0.014560350883541642,dol,sqrt,rank,0.0,0.015,0.14,0.03,0.12,0.9,0.0,0.0,0.0,0.0,0.0,0.0,0.0,0.0,0.0
10.67333333333335,0.014642950221358586,dol,dol,dol,0.01,0.0,0.045,0.0,0.16,0.0,0.0,0.0,0.0,0.0,0.0,-300.0,0.0,0.0,0.0
10.67333333333335,0.014642950221358586,dol,dol,dol,0.01,0.0,0.045,0.0,0.16,0.0,0.004,0.0,0.0,0.0,0.0,-300.0,0.0,0.0,0.0
10.674399999999995,0.02356573245201601,dol,dol,dol,-0.01,0.015,0.14,0.01,0.16,0.0,0.0,0.0,0.0,0.0,1.0,0.0,0.0,0.0,0.0
10.674399999999995,0.02356573245201601,dol,dol,dol,-0.01,0.015,0.14,0.01,0.16,0.0,0.004,0.0,0.0,0.0,1.0,0.0,0.0,0.0,0.0
10.676666666666668,0.014762342108165582,dol,sqrt,rank,0.01,0.015,0.14,0.03,0.12,1.2,0.0,0.0,0.0,0.0,0.0,0.0,0.0,0.0,0.0
10.683333333333303,0.015664425894126876,dol,dol,rank,0.01,0.0,0.14,0.01,0.16,0.9,0.2,0.0,0.0,0.0,0.0,0.0,0.0,0.0,0.0
10.686666666666659,0.013684882605485714,dol,sqrt,rank,0.01,0.0,0.14,0.03,0.12,0.6,0.0,0.0,0.0,0.0,0.0,0.0,0.0,0.0,0.0
10.690400000000011,0.023593147782699463,dol,dol,dol,-0.01,0.015,0.14,0.01,0.16,0.0,0.0,0.0,0.0,0.0,0.0,0.0,0.0,0.0,0.0
10.690400000000011,0.023593147782699463,dol,dol,dol,-0.01,0.015,0.14,0.01,0.16,0.0,0.004,0.0,0.0,0.0,0.0,0.0,0.0,0.0,0.0
10.696666666666669,0.011445454640420632,sqrt,dol,dol,0.0,0.0,0.085,0.01,0.16,0.6,0.0,0.0,0.0,0.0,0.0,0.0,0.0,0.0,0.0
10.698400000000019,0.023601775609600355,dol,dol,dol,-0.01,0.015,0.14,0.01,0.16,0.0,0.0,0.0,0.0,0.0,1.0,0.0,0.011,0.0,0.0
10.698400000000019,0.023601775609600355,dol,dol,dol,-0.01,0.015,0.14,0.01,0.16,0.0,0.004,0.0,0.0,0.0,1.0,0.0,0.011,0.0,0.0
10.699999999999969,0.0181280794288247,dol,dol,dol,0.01,0.015,0.045,0.01,0.26,1.2,0.2,0.0,0.0,0.0,0.0,0.0,0.0,0.0,0.0
10.702799999999968,0.020828397817154093,dol,dol,dol,-0.01,0.015,0.085,0.03,0.16,0.6,0.0,0.0,0.0,0.0,0.0,0.0,0.0,0.0,0.0
10.703333333333324,0.011913976544844754,dol,dol,dol,-0.01,0.0,0.085,0.01,0.16,0.6,0.2,0.0,0.0,0.0,0.0,0.0,0.0,0.0,0.0
10.70666666666668,0.01456994443417046,dol,sqrt,rank,0.01,0.0,0.085,0.03,0.12,0.9,0.0,0.0,0.0,0.0,0.0,0.0,0.0,0.0,0.0
10.710400000000009,0.023623234374155814,dol,dol,dol,-0.01,0.015,0.14,0.01,0.16,0.0,0.0,0.0,0.0,0.0,0.0,0.0,0.011,0.0,0.0
10.710400000000009,0.023623234374155814,dol,dol,dol,-0.01,0.015,0.14,0.01,0.16,0.0,0.004,0.0,0.0,0.0,0.0,0.0,0.011,0.0,0.0
10.711599999999999,0.014624791156470234,dol,dol,dol,0.0,0.0,0.085,0.03,0.2,1.2,0.0,0.0,0.0,0.0,0.0,0.0,0.0,0.0,0.0
10.723333333333306,0.014369518255282203,dol,dol,dol,0.01,0.0,0.0,0.0,0.2,0.9,0.2,0.0,0.0,0.0,0.0,0.0,0.0,0.0,0.0
10.726666666666661,0.015795263919805083,dol,dol,dol,0.01,0.0,0.045,0.01,0.16,0.6,0.2,0.0,0.0,0.0,0.0,0.0,0.0,0.0,0.0
10.726666666666661,0.013752978993119454,dol,dol,dol,0.0,0.015,0.045,0.03,0.2,0.003,0.004,0.0,0.0,0.0,1.0,-300.0,0.0,0.0,0.0
10.72999999999998,0.0137562584033326,dol,dol,dol,0.0,0.015,0.045,0.03,0.2,0.003,0.0,0.0,0.0,0.0,1.0,-300.0,0.0,0.0,0.0
10.730399999999962,0.017107341895827653,dol,dol,dol,0.01,0.015,0.045,0.03,0.26,0.9,0.0,0.0,0.0,0.0,0.0,0.0,0.0,0.0,0.0
10.733333333333336,0.013762692380328616,dol,dol,dol,0.0,0.015,0.045,0.03,0.2,0.003,0.0,0.0,0.0,0.0,0.0,-300.0,0.0,0.0,0.0
10.733333333333336,0.013762692380328616,dol,dol,dol,0.0,0.015,0.045,0.03,0.2,0.003,0.004,0.0,0.0,0.0,0.0,-300.0,0.0,0.0,0.0
10.739999999999972,0.01469734032628578,dol,dol,dol,-0.01,0.0,0.085,0.01,0.16,0.6,0.0,0.0,0.0,0.0,0.0,0.0,0.0,0.0,0.0
10.73999999999999,0.021617581306787214,dol,sqrt,rank,-0.01,0.015,0.14,0.0,0.12,1.6,0.0,0.0,0.0,0.0,0.0,0.0,0.0,0.0,0.0
10.740000000000009,0.01485277001475184,dol,dol,dol,-0.01,0.015,0.14,0.03,0.2,0.9,0.2,0.0,0.0,0.0,0.0,0.0,0.0,0.0,0.0
10.743333333333327,0.018541197234506982,dol,dol,dol,-0.01,0.0,0.14,0.01,0.2,1.6,0.0,0.0,0.0,0.0,0.0,0.0,0.0,0.0,0.0
10.743333333333327,0.012291866600257181,dol,dol,dol,0.0,0.015,0.045,0.0,0.2,1.2,0.2,0.0,0.0,0.0,0.0,0.0,0.0,0.0,0.0
10.743333333333327,0.015687353672919443,sqrt,dol,dol,-0.01,0.015,0.085,0.03,0.16,0.6,0.0,0.0,0.0,0.0,0.0,0.0,0.0,0.0,0.0
10.746666666666645,0.019816555071174424,dol,sqrt,dol,-0.01,0.0,0.045,0.03,0.12,0.9,0.0,0.0,0.0,0.0,0.0,0.0,0.0,0.0,0.0
10.746666666666682,0.017060424685348376,dol,dol,dol,0.01,0.015,0.0,0.01,0.16,0.9,0.2,0.0,0.0,0.0,0.0,0.0,0.0,0.0,0.0
10.746666666666682,0.01633995496389821,dol,sqrt,rank,0.01,0.0,0.085,0.03,0.12,0.6,0.0,0.0,0.0,0.0,0.0,0.0,0.0,0.0,0.0
10.746666666666682,0.017954431313126504,sqrt,dol,dol,0.01,0.0,0.045,0.03,0.2,0.008,0.0,0.0,0.0,0.0,0.0,0.0,0.0,0.0,0.0
10.746666666666682,0.017954431313126504,sqrt,dol,dol,0.01,0.0,0.045,0.03,0.2,0.008,0.004,0.0,0.0,0.0,0.0,0.0,0.0,0.0,0.0
10.756666666666673,0.017955102155304138,sqrt,dol,dol,0.01,0.0,0.045,0.03,0.2,0.008,0.0,0.0,0.0,0.0,1.0,0.0,0.0,0.0,0.0
10.756666666666673,0.017955102155304138,sqrt,dol,dol,0.01,0.0,0.045,0.03,0.2,0.008,0.004,0.0,0.0,0.0,1.0,0.0,0.0,0.0,0.0
10.759999999999991,0.012838957067947234,dol,dol,dol,-0.01,0.015,0.085,0.01,0.2,0.9,0.2,0.0,0.0,0.0,0.0,0.0,0.0,0.0,0.0
10.763333333333328,0.015780547638715753,sqrt,dol,dol,0.0,0.015,0.045,0.03,0.2,0.6,0.2,0.0,0.0,0.0,0.0,0.0,0.0,0.0,0.0
10.763333333333346,0.01377672804513573,dol,dol,dol,0.0,0.015,0.045,0.03,0.2,0.0,0.0,0.0,0.0,0.0,1.0,-300.0,0.0,0.0,0.0
10.763333333333346,0.01377672804513573,dol,dol,dol,0.0,0.015,0.045,0.03,0.2,0.0,0.004,0.0,0.0,0.0,1.0,-300.0,0.0,0.0,0.0
10.769999999999984,0.01377824791581387,dol,dol,dol,0.0,0.015,0.045,0.03,0.2,0.0,0.0,0.0,0.0,0.0,0.0,-300.0,0.0,0.0,0.0
10.769999999999984,0.01377824791581387,dol,dol,dol,0.0,0.015,0.045,0.03,0.2,0.0,0.004,0.0,0.0,0.0,0.0,-300.0,0.0,0.0,0.0
10.773333333333301,0.015232197431513037,dol,sqrt,rank,0.01,0.015,0.045,0.0,0.12,0.9,0.0,0.0,0.0,0.0,0.0,0.0,0.0,0.0,0.0
10.773333333333339,0.020567083087806606,dol,sqrt,rank,0.01,0.0,0.0,0.0,0.12,1.6,0.0,0.0,0.0,0.0,0.0,0.0,0.0,0.0,0.0
10.776666666666657,0.017358374392654273,dol,sqrt,dol,0.0,0.0,0.0,0.01,0.12,1.6,0.0,0.0,0.0,0.0,0.0,0.0,0.0,0.0,0.0
10.780000000000012,0.01972064233609413,dol,dol,dol,-0.01,0.015,0.14,0.01,0.2,0.6,0.2,0.0,0.0,0.0,0.0,0.0,0.0,0.0,0.0
10.780000000000012,0.018817456357801847,dol,dol,dol,0.0,0.015,0.045,0.0,0.16,1.2,0.0,0.0,0.0,0.0,0.0,0.0,0.0,0.0,0.0
10.78333333333333,0.018557318434555173,dol,dol,dol,-0.01,0.0,0.085,0.01,0.16,1.2,0.2,0.0,0.0,0.0,0.0,0.0,0.0,0.0,0.0
10.786666666666648,0.013774985302136401,dol,dol,dol,0.0,0.015,0.045,0.03,0.2,0.0,0.0,0.0,0.0,0.0,1.0,-300.0,0.011,0.0,0.0
10.786666666666648,0.013774985302136401,dol,dol,dol,0.0,0.015,0.045,0.03,0.2,0.0,0.004,0.0,0.0,0.0,1.0,-300.0,0.011,0.0,0.0
10.790000000000003,0.016063573194584627,dol,sqrt,rank,0.01,0.0,0.14,0.03,0.16,1.6,0.0,0.0,0.0,0.0,0.0,0.0,0.0,0.0,0.0
10.79333333333332,0.013769355376395854,dol,dol,dol,0.0,0.015,0.045,0.03,0.2,0.0,0.0,0.0,0.0,0.0,0.0,-300.0,0.011,0.0,0.0
10.79333333333332,0.013769355376395854,dol,dol,dol,0.0,0.015,0.045,0.03,0.2,0.0,0.004,0.0,0.0,0.0,0.0,-300.0,0.011,0.0,0.0
10.79333333333332,0.01518341790682628,dol,dol,dol,0.0,0.015,0.045,0.03,0.2,0.008,0.0,0.0,0.0,0.0,0.0,0.0,0.0,0.0,0.0
10.79333333333332,0.01518341790682628,dol,dol,dol,0.0,0.015,0.045,0.03,0.2,0.008,0.004,0.0,0.0,0.0,0.0,0.0,0.0,0.0,0.0
10.793333333333358,0.020169228489256882,dol,sqrt,dol,0.0,0.015,0.045,0.03,0.16,0.6,0.2,0.0,0.0,0.0,0.0,0.0,0.0,0.0,0.0
10.793333333333358,0.015594630559788724,dol,dol,dol,0.01,0.015,0.045,0.03,0.2,0.0,0.0,0.0,0.0,0.0,0.0,-300.0,0.011,0.0,0.0
10.793333333333358,0.015594630559788724,dol,dol,dol,0.01,0.015,0.045,0.03,0.2,0.0,0.004,0.0,0.0,0.0,0.0,-300.0,0.011,0.0,0.0
10.794399999999982,0.016369097355145197,dol,dol,dol,0.01,0.015,0.0,0.01,0.2,1.2,0.0,0.0,0.0,0.0,0.0,0.0,0.0,0.0,0.0
10.803333333333313,0.015181634009064533,dol,dol,dol,0.0,0.015,0.045,0.03,0.2,0.008,0.0,0.0,0.0,0.0,1.0,0.0,0.0,0.0,0.0
10.803333333333313,0.01518188674899332,dol,dol,dol,0.0,0.015,0.045,0.03,0.2,0.008,0.004,0.0,0.0,0.0,1.0,0.0,0.0,0.0,0.0
10.80333333333335,0.017970283455791155,sqrt,dol,dol,0.01,0.0,0.045,0.03,0.2,0.0,0.0,0.0,0.0,0.0,0.0,0.0,0.011,0.0,0.0
10.80333333333335,0.017970283455791155,sqrt,dol,dol,0.01,0.0,0.045,0.03,0.2,0.0,0.004,0.0,0.0,0.0,0.0,0.0,0.011,0.0,0.0
10.806666666666668,0.011780717015844476,dol,sqrt,rank,0.01,0.015,0.14,0.03,0.12,0.6,0.2,0.0,0.0,0.0,0.0,0.0,0.0,0.0,0.0
10.806666666666668,0.017969094622588947,sqrt,dol,dol,0.01,0.0,0.045,0.03,0.2,0.0,0.0,0.0,0.0,0.0,1.0,0.0,0.011,0.0,0.0
10.806666666666668,0.017969094622588947,sqrt,dol,dol,0.01,0.0,0.045,0.03,0.2,0.0,0.004,0.0,0.0,0.0,1.0,0.0,0.011,0.0,0.0
10.806666666666668,0.015611571565372294,dol,dol,dol,0.01,0.015,0.045,0.03,0.2,0.0,0.0,0.0,0.0,0.0,1.0,-300.0,0.011,0.0,0.0
10.806666666666668,0.015611571565372294,dol,dol,dol,0.01,0.015,0.045,0.03,0.2,0.0,0.004,0.0,0.0,0.0,1.0,-300.0,0.011,0.0,0.0
10.810000000000024,0.014102620772986374,dol,dol,dol,0.01,0.015,0.085,0.0,0.2,0.9,0.0,0.0,0.0,0.0,0.0,0.0,0.0,0.0,0.0
10.813333333333304,0.01588623105431589,dol,sqrt,rank,-0.01,0.015,0.14,0.03,0.12,0.6,0.2,0.0,0.0,0.0,0.0,0.0,0.0,0.0,0.0
10.813333333333341,0.016372852533204887,dol,dol,dol,0.0,0.0,0.085,0.03,0.26,0.9,0.0,0.0,0.0,0.0,0.0,0.0,0.0,0.0,0.0
10.813333333333341,0.01555174693295472,dol,dol,dol,0.01,0.015,0.045,0.03,0.2,0.008,0.0,0.0,0.0,0.0,1.0,-300.0,0.0,0.0,0.0
10.816666666666697,0.015556714117966818,dol,dol,dol,0.01,0.015,0.045,0.03,0.2,0.008,0.0,0.0,0.0,0.0,0.0,-300.0,0.0,0.0,0.0
10.816666666666697,0.015556714117966818,dol,dol,dol,0.01,0.015,0.045,0.03,0.2,0.008,0.004,0.0,0.0,0.0,0.0,-300.0,0.0,0.0,0.0
10.816666666666697,0.01555513346490833,dol,dol,dol,0.01,0.015,0.045,0.03,0.2,0.008,0.004,0.0,0.0,0.0,1.0,-300.0,0.0,0.0,0.0
10.82666666666665,0.01984242516353205,dol,sqrt,dol,0.0,0.0,0.045,0.0,0.12,0.6,0.2,0.0,0.0,0.0,0.0,0.0,0.0,0.0,0.0
10.826666666666688,0.017964455297841565,sqrt,dol,dol,0.01,0.0,0.045,0.03,0.2,0.003,0.0,0.0,0.0,0.0,0.0,0.0,0.0,0.0,0.0
10.826666666666688,0.017971012752021884,sqrt,dol,dol,0.01,0.0,0.045,0.03,0.2,0.003,0.0,0.0,0.0,0.0,1.0,0.0,0.0,0.0,0.0
10.826666666666688,0.017964455297841565,sqrt,dol,dol,0.01,0.0,0.045,0.03,0.2,0.003,0.004,0.0,0.0,0.0,0.0,0.0,0.0,0.0,0.0
10.826666666666688,0.017971012752021884,sqrt,dol,dol,0.01,0.0,0.045,0.03,0.2,0.003,0.004,0.0,0.0,0.0,1.0,0.0,0.0,0.0,0.0
10.833333333333325,0.019649104778401295,dol,dol,rank,0.01,0.0,0.14,0.01,0.16,1.2,0.0,0.0,0.0,0.0,0.0,0.0,0.0,0.0,0.0
10.83666666666666,0.01626903455215641,dol,dol,dol,0.0,0.015,0.045,0.0,0.2,1.6,0.2,0.0,0.0,0.0,0.0,0.0,0.0,0.0,0.0
10.83666666666668,0.020297076383156854,dol,dol,rank,0.01,0.0,0.14,0.03,0.16,1.6,0.0,0.0,0.0,0.0,0.0,0.0,0.0,0.0,0.0
10.839999999999998,0.01933505678333567,dol,dol,dol,-0.01,0.015,0.14,0.0,0.2,1.2,0.0,0.0,0.0,0.0,0.0,0.0,0.0,0.0,0.0
10.839999999999998,0.014977866907911525,sqrt,dol,dol,0.0,0.015,0.085,0.03,0.2,0.008,0.0,0.0,0.0,0.0,0.0,0.0,0.0,0.0,0.0
10.839999999999998,0.01498009128439773,sqrt,dol,dol,0.0,0.015,0.085,0.03,0.2,0.008,0.0,0.0,0.0,0.0,1.0,0.0,0.0,0.0,0.0
10.839999999999998,0.014977866907911525,sqrt,dol,dol,0.0,0.015,0.085,0.03,0.2,0.008,0.004,0.0,0.0,0.0,0.0,0.0,0.0,0.0,0.0
10.839999999999998,0.01498009128439773,sqrt,dol,dol,0.0,0.015,0.085,0.03,0.2,0.008,0.004,0.0,0.0,0.0,1.0,0.0,0.0,0.0,0.0
10.846666666666671,0.01918260890803225,dol,dol,dol,-0.01,0.015,0.085,0.03,0.16,1.2,0.0,0.0,0.0,0.0,0.0,0.0,0.0,0.0,0.0
10.846666666666671,0.015601027912478265,dol,dol,dol,0.01,0.015,0.045,0.03,0.2,0.003,0.0,0.0,0.0,0.0,0.0,-300.0,0.0,0.0,0.0
10.846666666666671,0.015597179400752531,dol,dol,dol,0.01,0.015,0.045,0.03,0.2,0.003,0.0,0.0,0.0,0.0,1.0,-300.0,0.0,0.0,0.0
10.846666666666671,0.015601027912478265,dol,dol,dol,0.01,0.015,0.045,0.03,0.2,0.003,0.004,0.0,0.0,0.0,0.0,-300.0,0.0,0.0,0.0
10.846666666666671,0.015597179400752531,dol,dol,dol,0.01,0.015,0.045,0.03,0.2,0.003,0.004,0.0,0.0,0.0,1.0,-300.0,0.0,0.0,0.0
10.846666666666671,0.01518835538606247,dol,dol,dol,0.0,0.015,0.045,0.03,0.2,0.003,0.0,0.0,0.0,0.0,0.0,0.0,0.0,0.0,0.0
10.846666666666671,0.01518835538606247,dol,dol,dol,0.0,0.015,0.045,0.03,0.2,0.003,0.004,0.0,0.0,0.0,0.0,0.0,0.0,0.0,0.0
10.853333333333307,0.020313037468216933,dol,dol,dol,-0.01,0.0,0.045,0.03,0.2,1.6,0.2,0.0,0.0,0.0,0.0,0.0,0.0,0.0,0.0
10.853333333333344,0.015614034240364,dol,dol,dol,0.01,0.015,0.045,0.03,0.2,0.0,0.0,0.0,0.0,0.0,1.0,-300.0,0.0,0.0,0.0
10.853333333333344,0.015614034240364,dol,dol,dol,0.01,0.015,0.045,0.03,0.2,0.0,0.004,0.0,0.0,0.0,1.0,-300.0,0.0,0.0,0.0
10.853333333333344,0.015193005898182961,dol,dol,dol,0.0,0.015,0.045,0.03,0.2,0.003,0.0,0.0,0.0,0.0,1.0,0.0,0.0,0.0,0.0
10.853333333333344,0.015193005898182961,dol,dol,dol,0.0,0.015,0.045,0.03,0.2,0.003,0.004,0.0,0.0,0.0,1.0,0.0,0.0,0.0,0.0
10.856666666666662,0.012637995214314525,dol,dol,dol,0.0,0.015,0.045,0.0,0.16,0.008,0.0,0.0,0.0,0.0,0.0,0.0,0.0,0.0,0.0
10.856666666666662,0.012636513967833815,dol,dol,dol,0.0,0.015,0.045,0.0,0.16,0.008,0.004,0.0,0.0,0.0,0.0,0.0,0.0,0.0,0.0
10.85999999999998,0.0126403391627024,dol,dol,dol,0.0,0.015,0.045,0.0,0.16,0.008,0.0,0.0,0.0,0.0,1.0,0.0,0.0,0.0,0.0
10.85999999999998,0.0126403391627024,dol,dol,dol,0.0,0.015,0.045,0.0,0.16,0.008,0.004,0.0,0.0,0.0,1.0,0.0,0.0,0.0,0.0
10.860000000000017,0.019393071273199804,dol,dol,dol,-0.01,0.015,0.085,0.01,0.2,1.6,0.2,0.0,0.0,0.0,0.0,0.0,0.0,0.0,0.0
10.860000000000017,0.015620935052868183,dol,dol,dol,0.01,0.015,0.045,0.03,0.2,0.0,0.0,0.0,0.0,0.0,0.0,-300.0,0.0,0.0,0.0
10.860000000000017,0.015620935052868183,dol,dol,dol,0.01,0.015,0.045,0.03,0.2,0.0,0.004,0.0,0.0,0.0,0.0,-300.0,0.0,0.0,0.0
10.863333333333317,0.01959190046365533,dol,sqrt,rank,0.0,0.0,0.085,0.0,0.12,1.6,0.0,0.0,0.0,0.0,0.0,0.0,0.0,0.0,0.0
10.873333333333365,0.01798279861423132,sqrt,dol,dol,0.01,0.0,0.045,0.03,0.2,0.0,0.0,0.0,0.0,0.0,0.0,0.0,0.0,0.0,0.0
10.873333333333365,0.01798279861423132,sqrt,dol,dol,0.01,0.0,0.045,0.03,0.2,0.0,0.004,0.0,0.0,0.0,0.0,0.0,0.0,0.0,0.0
10.876666666666646,0.014437197791610182,sqrt,dol,dol,0.0,0.015,0.085,0.03,0.2,0.008,0.004,0.0,0.0,0.0,1.0,-300.0,0.0,0.0,0.0
10.876666666666683,0.017985443045851153,sqrt,dol,dol,0.01,0.0,0.045,0.03,0.2,0.0,0.0,0.0,0.0,0.0,1.0,0.0,0.0,0.0,0.0
10.876666666666683,0.017985443045851153,sqrt,dol,dol,0.01,0.0,0.045,0.03,0.2,0.0,0.004,0.0,0.0,0.0,1.0,0.0,0.0,0.0,0.0
10.88,0.014440405429314065,sqrt,dol,dol,0.0,0.015,0.085,0.03,0.2,0.008,0.0,0.0,0.0,0.0,0.0,-300.0,0.0,0.0,0.0
10.88,0.014440176902066084,sqrt,dol,dol,0.0,0.015,0.085,0.03,0.2,0.008,0.0,0.0,0.0,0.0,1.0,-300.0,0.0,0.0,0.0
10.88,0.014440901456934363,sqrt,dol,dol,0.0,0.015,0.085,0.03,0.2,0.008,0.004,0.0,0.0,0.0,0.0,-300.0,0.0,0.0,0.0
10.88,0.015182586616593708,dol,dol,dol,0.01,0.0,0.0,0.03,0.2,0.008,0.0,0.0,0.0,0.0,1.0,-300.0,0.0,0.0,0.0
10.88,0.015182586616593708,dol,dol,dol,0.01,0.0,0.0,0.03,0.2,0.008,0.004,0.0,0.0,0.0,1.0,-300.0,0.0,0.0,0.0
10.883333333333319,0.015194987918779383,dol,dol,dol,0.01,0.0,0.0,0.03,0.2,0.008,0.0,0.0,0.0,0.0,0.0,-300.0,0.0,0.0,0.0
10.883333333333319,0.015195424606208359,dol,dol,dol,0.01,0.0,0.0,0.03,0.2,0.008,0.004,0.0,0.0,0.0,0.0,-300.0,0.0,0.0,0.0
10.886666666666674,0.015199776316580255,dol,dol,dol,0.0,0.015,0.045,0.03,0.2,0.0,0.0,0.0,0.0,0.0,0.0,0.0,0.0,0.0,0.0
10.886666666666674,0.015199776316580255,dol,dol,dol,0.0,0.015,0.045,0.03,0.2,0.0,0.004,0.0,0.0,0.0,0.0,0.0,0.0,0.0,0.0
10.889999999999992,0.0164694482603395,dol,sqrt,rank,0.0,0.0,0.085,0.01,0.12,1.2,0.0,0.0,0.0,0.0,0.0,0.0,0.0,0.0,0.0
10.889999999999992,0.015206552001613562,dol,dol,dol,0.0,0.015,0.045,0.03,0.2,0.0,0.0,0.0,0.0,0.0,1.0,0.0,0.0,0.0,0.0
10.889999999999992,0.015206552001613562,dol,dol,dol,0.0,0.015,0.045,0.03,0.2,0.0,0.004,0.0,0.0,0.0,1.0,0.0,0.0,0.0,0.0
10.896666666666665,0.014043547802777227,dol,dol,rank,0.01,0.0,0.14,0.03,0.2,1.2,0.2,0.0,0.0,0.0,0.0,0.0,0.0,0.0,0.0
10.90333333333334,0.015163631127238713,dol,dol,dol,0.0,0.015,0.045,0.03,0.2,0.0,0.0,0.0,0.0,0.0,1.0,0.0,0.011,0.0,0.0
10.90333333333334,0.015163631127238713,dol,dol,dol,0.0,0.015,0.045,0.03,0.2,0.0,0.004,0.0,0.0,0.0,1.0,0.0,0.011,0.0,0.0
10.906666666666657,0.017371722405487986,dol,dol,dol,-0.01,0.0,0.085,0.03,0.16,1.2,0.0,0.0,0.0,0.0,0.0,0.0,0.0,0.0,0.0
10.906666666666657,0.014954831799393392,dol,dol,dol,0.0,0.0,0.045,0.0,0.16,1.2,0.2,0.0,0.0,0.0,0.0,0.0,0.0,0.0,0.0
10.906666666666657,0.015557090323493434,dol,sqrt,rank,0.01,0.015,0.045,0.03,0.12,1.2,0.0,0.0,0.0,0.0,0.0,0.0,0.0,0.0,0.0
10.906666666666657,0.015179073511471852,dol,dol,dol,0.0,0.015,0.045,0.03,0.2,0.0,0.0,0.0,0.0,0.0,0.0,0.0,0.011,0.0,0.0
10.906666666666657,0.015179073511471852,dol,dol,dol,0.0,0.015,0.045,0.03,0.2,0.0,0.004,0.0,0.0,0.0,0.0,0.0,0.011,0.0,0.0
10.906666666666695,0.016977818275838837,sqrt,dol,dol,0.01,0.0,0.045,0.03,0.2,0.0,0.0,0.0,0.0,0.0,1.0,-300.0,0.011,0.0,0.0
10.906666666666695,0.016977818275838837,sqrt,dol,dol,0.01,0.0,0.045,0.03,0.2,0.0,0.004,0.0,0.0,0.0,1.0,-300.0,0.011,0.0,0.0
10.906666666666695,0.016938635589374657,sqrt,dol,dol,0.01,0.0,0.045,0.03,0.2,0.008,0.0,0.0,0.0,0.0,1.0,-300.0,0.0,0.0,0.0
10.906666666666695,0.016938635589374657,sqrt,dol,dol,0.01,0.0,0.045,0.03,0.2,0.008,0.004,0.0,0.0,0.0,1.0,-300.0,0.0,0.0,0.0
10.909999999999993,0.019632987529495684,dol,sqrt,rank,0.01,0.015,0.0,0.0,0.12,1.6,0.0,0.0,0.0,0.0,0.0,0.0,0.0,0.0,0.0
10.910000000000013,0.018893359603604405,dol,dol,dol,0.01,0.0,0.045,0.03,0.26,0.6,0.2,0.0,0.0,0.0,0.0,0.0,0.0,0.0,0.0
10.910000000000013,0.015022876336021935,sqrt,dol,dol,0.0,0.015,0.085,0.03,0.2,0.003,0.0,0.0,0.0,0.0,0.0,0.0,0.0,0.0,0.0
10.910000000000013,0.015022605142226813,sqrt,dol,dol,0.0,0.015,0.085,0.03,0.2,0.003,0.004,0.0,0.0,0.0,0.0,0.0,0.0,0.0,0.0
10.910000000000013,0.01697560751326574,sqrt,dol,dol,0.01,0.0,0.045,0.03,0.2,0.0,0.0,0.0,0.0,0.0,0.0,-300.0,0.011,0.0,0.0
10.910000000000013,0.01697560751326574,sqrt,dol,dol,0.01,0.0,0.045,0.03,0.2,0.0,0.004,0.0,0.0,0.0,0.0,-300.0,0.011,0.0,0.0
10.910000000000013,0.01693517315245709,sqrt,dol,dol,0.01,0.0,0.045,0.03,0.2,0.008,0.0,0.0,0.0,0.0,0.0,-300.0,0.0,0.0,0.0
10.910000000000013,0.016933898002396128,sqrt,dol,dol,0.01,0.0,0.045,0.03,0.2,0.008,0.004,0.0,0.0,0.0,0.0,-300.0,0.0,0.0,0.0
10.914399999999969,0.01693536676548461,dol,dol,dol,0.01,0.0,0.0,0.03,0.26,1.6,0.0,0.0,0.0,0.0,0.0,0.0,0.0,0.0,0.0
10.920000000000003,0.015031761388621246,sqrt,dol,dol,0.0,0.015,0.085,0.03,0.2,0.003,0.0,0.0,0.0,0.0,1.0,0.0,0.0,0.0,0.0
10.920000000000003,0.015031761388621246,sqrt,dol,dol,0.0,0.015,0.085,0.03,0.2,0.003,0.004,0.0,0.0,0.0,1.0,0.0,0.0,0.0,0.0
10.926666666666659,0.020643751724414315,dol,sqrt,rank,-0.01,0.0,0.14,0.01,0.12,1.6,0.0,0.0,0.0,0.0,0.0,0.0,0.0,0.0,0.0
10.926666666666659,0.011569283312736805,sqrt,dol,dol,0.01,0.0,0.045,0.0,0.16,0.6,0.0,0.0,0.0,0.0,0.0,0.0,0.0,0.0,0.0
10.933333333333314,0.012699690287853753,dol,dol,dol,0.01,0.015,0.0,0.0,0.2,0.6,0.0,0.0,0.0,0.0,0.0,0.0,0.0,0.0,0.0
10.933333333333314,0.012711739225933959,dol,dol,dol,0.0,0.015,0.045,0.0,0.16,0.003,0.004,0.0,0.0,0.0,0.0,0.0,0.0,0.0,0.0
10.933333333333314,0.012713320576233181,dol,dol,dol,0.0,0.015,0.045,0.0,0.16,0.003,0.004,0.0,0.0,0.0,1.0,0.0,0.0,0.0,0.0
10.93666666666667,0.014085850691516747,dol,dol,dol,-0.01,0.015,0.085,0.03,0.26,1.6,0.0,0.0,0.0,0.0,0.0,0.0,0.0,0.0,0.0
10.93666666666667,0.012712693280514725,dol,dol,dol,0.0,0.015,0.045,0.0,0.16,0.003,0.0,0.0,0.0,0.0,0.0,0.0,0.0,0.0,0.0
10.93666666666667,0.012715852925762768,dol,dol,dol,0.0,0.015,0.045,0.0,0.16,0.003,0.0,0.0,0.0,0.0,1.0,0.0,0.0,0.0,0.0
10.943333333333342,0.015236672575900072,dol,dol,dol,0.01,0.0,0.0,0.03,0.2,0.003,0.0,0.0,0.0,0.0,1.0,-300.0,0.0,0.0,0.0
10.943333333333342,0.015237073868498307,dol,dol,dol,0.01,0.0,0.0,0.03,0.2,0.003,0.004,0.0,0.0,0.0,1.0,-300.0,0.0,0.0,0.0
10.945600000000022,0.022400699478166104,dol,sqrt,rank,-0.01,0.0,0.14,0.0,0.12,1.6,0.0,0.0,0.0,0.0,0.0,0.0,0.0,0.0,0.0
10.94666666666666,0.01452650823685979,sqrt,dol,dol,0.0,0.015,0.085,0.03,0.2,0.003,0.0,0.0,0.0,0.0,1.0,-300.0,0.0,0.0,0.0
10.94666666666666,0.01452650823685979,sqrt,dol,dol,0.0,0.015,0.085,0.03,0.2,0.003,0.004,0.0,0.0,0.0,1.0,-300.0,0.0,0.0,0.0
10.94666666666666,0.016336059003865568,dol,dol,dol,0.01,0.0,0.0,0.03,0.2,0.008,0.0,0.0,0.0,0.0,0.0,0.0,0.0,0.0,0.0
10.94666666666666,0.016336059003865568,dol,dol,dol,0.01,0.0,0.0,0.03,0.2,0.008,0.004,0.0,0.0,0.0,0.0,0.0,0.0,0.0,0.0
10.949999999999978,0.014525981093913778,sqrt,dol,dol,0.0,0.015,0.085,0.03,0.2,0.003,0.0,0.0,0.0,0.0,0.0,-300.0,0.0,0.0,0.0
10.949999999999978,0.014524957247339383,sqrt,dol,dol,0.0,0.015,0.085,0.03,0.2,0.003,0.004,0.0,0.0,0.0,0.0,-300.0,0.0,0.0,0.0
10.949999999999978,0.016334886912508575,dol,dol,dol,0.01,0.0,0.0,0.03,0.2,0.008,0.004,0.0,0.0,0.0,1.0,0.0,0.0,0.0,0.0
10.949999999999996,0.019280719867074275,dol,sqrt,dol,0.0,0.0,0.045,0.0,0.12,1.6,0.0,0.0,0.0,0.0,0.0,0.0,0.0,0.0,0.0
10.953333333333333,0.019775072226304386,dol,dol,dol,0.0,0.0,0.045,0.0,0.2,1.6,0.2,0.0,0.0,0.0,0.0,0.0,0.0,0.0,0.0
10.953333333333333,0.016974660747169034,sqrt,dol,dol,0.01,0.0,0.045,0.03,0.2,0.003,0.0,0.0,0.0,0.0,1.0,-300.0,0.0,0.0,0.0
10.953333333333333,0.016976204154094083,sqrt,dol,dol,0.01,0.0,0.045,0.03,0.2,0.003,0.004,0.0,0.0,0.0,1.0,-300.0,0.0,0.0,0.0
10.953333333333333,0.015247467551719544,dol,dol,dol,0.01,0.0,0.0,0.03,0.2,0.003,0.0,0.0,0.0,0.0,0.0,-300.0,0.0,0.0,0.0
10.953333333333333,0.015247467551719544,dol,dol,dol,0.01,0.0,0.0,0.03,0.2,0.003,0.004,0.0,0.0,0.0,0.0,-300.0,0.0,0.0,0.0
10.953333333333333,0.016334639201765415,dol,dol,dol,0.01,0.0,0.0,0.03,0.2,0.008,0.0,0.0,0.0,0.0,1.0,0.0,0.0,0.0,0.0
10.956666666666651,0.01618968741491298,dol,dol,dol,0.0,0.0,0.045,0.01,0.2,0.6,0.0,0.0,0.0,0.0,0.0,0.0,0.0,0.0,0.0
10.959999999999969,0.01551962898325142,dol,dol,rank,0.01,0.015,0.14,0.03,0.2,1.6,0.0,0.0,0.0,0.0,0.0,0.0,0.0,0.0,0.0
10.966666666666644,0.01557945677510635,dol,dol,rank,0.01,0.015,0.14,0.0,0.16,0.9,0.2,0.0,0.0,0.0,0.0,0.0,0.0,0.0,0.0
10.96666666666668,0.01685569669830309,dol,dol,dol,-0.01,0.0,0.085,0.03,0.16,1.6,0.0,0.0,0.0,0.0,0.0,0.0,0.0,0.0,0.0
10.96666666666668,0.013332068526120977,dol,sqrt,rank,0.01,0.015,0.14,0.03,0.12,0.9,0.0,0.0,0.0,0.0,0.0,0.0,0.0,0.0,0.0
10.96666666666668,0.015070289340779584,sqrt,dol,dol,0.0,0.015,0.085,0.03,0.2,0.0,0.0,0.0,0.0,0.0,0.0,0.0,0.0,0.0,0.0
10.96666666666668,0.015070289340779584,sqrt,dol,dol,0.0,0.015,0.085,0.03,0.2,0.0,0.004,0.0,0.0,0.0,0.0,0.0,0.0,0.0,0.0
10.969999999999999,0.018581026346089546,dol,dol,dol,0.0,0.0,0.085,0.03,0.16,0.6,0.0,0.0,0.0,0.0,0.0,0.0,0.0,0.0,0.0
10.969999999999999,0.01589192765269583,dol,dol,dol,0.01,0.015,0.045,0.01,0.26,1.2,0.0,0.0,0.0,0.0,0.0,0.0,0.0,0.0,0.0
10.969999999999999,0.016996035923447294,sqrt,dol,dol,0.01,0.0,0.045,0.03,0.2,0.0,0.0,0.0,0.0,0.0,1.0,-300.0,0.0,0.0,0.0
10.969999999999999,0.016996035923447294,sqrt,dol,dol,0.01,0.0,0.045,0.03,0.2,0.0,0.004,0.0,0.0,0.0,1.0,-300.0,0.0,0.0,0.0
10.969999999999999,0.016987042602241587,sqrt,dol,dol,0.01,0.0,0.045,0.03,0.2,0.003,0.0,0.0,0.0,0.0,0.0,-300.0,0.0,0.0,0.0
10.969999999999999,0.016987042602241587,sqrt,dol,dol,0.01,0.0,0.045,0.03,0.2,0.003,0.004,0.0,0.0,0.0,0.0,-300.0,0.0,0.0,0.0
10.973333333333317,0.014868212378538755,sqrt,dol,dol,0.01,0.015,0.045,0.01,0.2,0.6,0.2,0.0,0.0,0.0,0.0,0.0,0.0,0.0,0.0
10.976666666666672,0.015204106026796636,dol,sqrt,rank,0.0,0.0,0.14,0.0,0.12,0.6,0.0,0.0,0.0,0.0,0.0,0.0,0.0,0.0,0.0
10.976666666666672,0.015072404121439955,sqrt,dol,dol,0.0,0.015,0.085,0.03,0.2,0.0,0.0,0.0,0.0,0.0,1.0,0.0,0.0,0.0,0.0
10.976666666666672,0.015072404121439955,sqrt,dol,dol,0.0,0.015,0.085,0.03,0.2,0.0,0.004,0.0,0.0,0.0,1.0,0.0,0.0,0.0,0.0
10.97999999999999,0.012125956460175582,dol,dol,dol,0.0,0.0,0.045,0.0,0.16,0.9,0.2,0.0,0.0,0.0,0.0,0.0,0.0,0.0,0.0
10.983600000000004,0.015281385992502495,dol,dol,dol,-0.01,0.015,0.085,0.03,0.2,0.6,0.0,0.0,0.0,0.0,0.0,0.0,0.0,0.0,0.0
10.986666666666663,0.012760879515143148,dol,dol,dol,0.0,0.015,0.045,0.0,0.16,0.0,0.0,0.0,0.0,0.0,0.0,0.0,0.0,0.0,0.0
10.986666666666663,0.012760879515143148,dol,dol,dol,0.0,0.015,0.045,0.0,0.16,0.0,0.004,0.0,0.0,0.0,0.0,0.0,0.0,0.0,0.0
10.9866666666667,0.01700409597932433,sqrt,dol,dol,0.01,0.0,0.045,0.03,0.2,0.0,0.0,0.0,0.0,0.0,0.0,-300.0,0.0,0.0,0.0
10.9866666666667,0.01700409597932433,sqrt,dol,dol,0.01,0.0,0.045,0.03,0.2,0.0,0.004,0.0,0.0,0.0,0.0,-300.0,0.0,0.0,0.0
10.98999999999998,0.014574302044148594,sqrt,dol,dol,0.0,0.015,0.085,0.03,0.2,0.0,0.0,0.0,0.0,0.0,1.0,-300.0,0.0,0.0,0.0
10.98999999999998,0.014574302044148594,sqrt,dol,dol,0.0,0.015,0.085,0.03,0.2,0.0,0.004,0.0,0.0,0.0,1.0,-300.0,0.0,0.0,0.0
10.98999999999998,0.015267353019506087,dol,dol,dol,0.01,0.0,0.0,0.03,0.2,0.0,0.0,0.0,0.0,0.0,1.0,-300.0,0.0,0.0,0.0
10.98999999999998,0.015267353019506087,dol,dol,dol,0.01,0.0,0.0,0.03,0.2,0.0,0.004,0.0,0.0,0.0,1.0,-300.0,0.0,0.0,0.0
10.993333333333336,0.017609911668232833,dol,dol,dol,0.0,0.0,0.085,0.03,0.26,0.9,0.2,0.0,0.0,0.0,0.0,0.0,0.0,0.0,0.0
10.993333333333336,0.014577329763610241,sqrt,dol,dol,0.0,0.015,0.085,0.03,0.2,0.0,0.0,0.0,0.0,0.0,0.0,-300.0,0.0,0.0,0.0
10.993333333333336,0.014577329763610241,sqrt,dol,dol,0.0,0.015,0.085,0.03,0.2,0.0,0.004,0.0,0.0,0.0,0.0,-300.0,0.0,0.0,0.0
10.993333333333336,0.012772651486672608,dol,dol,dol,0.0,0.015,0.045,0.0,0.16,0.0,0.0,0.0,0.0,0.0,1.0,0.0,0.0,0.0,0.0
10.993333333333336,0.012772651486672608,dol,dol,dol,0.0,0.015,0.045,0.0,0.16,0.0,0.004,0.0,0.0,0.0,1.0,0.0,0.0,0.0,0.0
11.000000000000009,0.015273797293986117,dol,dol,dol,0.01,0.0,0.0,0.03,0.2,0.0,0.0,0.0,0.0,0.0,0.0,-300.0,0.0,0.0,0.0
11.000000000000009,0.015273797293986117,dol,dol,dol,0.01,0.0,0.0,0.03,0.2,0.0,0.004,0.0,0.0,0.0,0.0,-300.0,0.0,0.0,0.0
11.003333333333329,0.016611583845372833,dol,sqrt,rank,0.01,0.015,0.0,0.01,0.12,1.2,0.0,0.0,0.0,0.0,0.0,0.0,0.0,0.0,0.0
11.003333333333329,0.012621678326505459,dol,dol,dol,0.0,0.015,0.045,0.0,0.16,0.008,0.0,0.0,0.0,0.0,0.0,-300.0,0.0,0.0,0.0
11.006666666666646,0.01506211893263165,sqrt,dol,dol,0.0,0.015,0.085,0.03,0.2,0.0,0.0,0.0,0.0,0.0,1.0,0.0,0.011,0.0,0.0
11.006666666666646,0.01506211893263165,sqrt,dol,dol,0.0,0.015,0.085,0.03,0.2,0.0,0.004,0.0,0.0,0.0,1.0,0.0,0.011,0.0,0.0
11.006666666666646,0.012626181473137169,dol,dol,dol,0.0,0.015,0.045,0.0,0.16,0.008,0.0,0.0,0.0,0.0,1.0,-300.0,0.0,0.0,0.0
11.006666666666646,0.012624583457741539,dol,dol,dol,0.0,0.015,0.045,0.0,0.16,0.008,0.004,0.0,0.0,0.0,0.0,-300.0,0.0,0.0,0.0
11.006666666666646,0.012626181473137169,dol,dol,dol,0.0,0.015,0.045,0.0,0.16,0.008,0.004,0.0,0.0,0.0,1.0,-300.0,0.0,0.0,0.0
11.006666666666664,0.01811862017679909,dol,dol,dol,-0.01,0.015,0.045,0.03,0.2,1.6,0.2,0.0,0.0,0.0,0.0,0.0,0.0,0.0,0.0
11.006666666666664,0.01604124660575564,sqrt,dol,dol,-0.01,0.015,0.085,0.03,0.2,1.2,0.0,0.0,0.0,0.0,0.0,0.0,0.0,0.0,0.0
11.010000000000002,0.015069195635836403,sqrt,dol,dol,0.0,0.015,0.085,0.03,0.2,0.0,0.0,0.0,0.0,0.0,0.0,0.0,0.011,0.0,0.0
11.010000000000002,0.015069195635836403,sqrt,dol,dol,0.0,0.015,0.085,0.03,0.2,0.0,0.004,0.0,0.0,0.0,0.0,0.0,0.011,0.0,0.0
11.01333333333332,0.016356664472522084,dol,dol,dol,0.01,0.0,0.0,0.03,0.2,0.003,0.0,0.0,0.0,0.0,0.0,0.0,0.0,0.0,0.0
11.01333333333332,0.01635166051370793,dol,dol,dol,0.01,0.0,0.0,0.03,0.2,0.003,0.0,0.0,0.0,0.0,1.0,0.0,0.0,0.0,0.0
11.01333333333332,0.016356664472522084,dol,dol,dol,0.01,0.0,0.0,0.03,0.2,0.003,0.004,0.0,0.0,0.0,0.0,0.0,0.0,0.0,0.0
11.01333333333332,0.01635166051370793,dol,dol,dol,0.01,0.0,0.0,0.03,0.2,0.003,0.004,0.0,0.0,0.0,1.0,0.0,0.0,0.0,0.0
11.023333333333348,0.014991009925705229,dol,dol,dol,0.0,0.0,0.085,0.03,0.16,0.6,0.2,0.0,0.0,0.0,0.0,0.0,0.0,0.0,0.0
11.026666666666666,0.015285657307859978,dol,dol,dol,0.01,0.0,0.0,0.03,0.2,0.0,0.0,0.0,0.0,0.0,0.0,-300.0,0.011,0.0,0.0
11.026666666666666,0.015285657307859978,dol,dol,dol,0.01,0.0,0.0,0.03,0.2,0.0,0.004,0.0,0.0,0.0,0.0,-300.0,0.011,0.0,0.0
11.029999999999983,0.015752544652754885,dol,dol,dol,0.0,0.0,0.045,0.0,0.16,1.2,0.0,0.0,0.0,0.0,0.0,0.0,0.0,0.0,0.0
11.029999999999983,0.020035566488585194,dol,dol,rank,0.01,0.015,0.085,0.01,0.16,1.6,0.0,0.0,0.0,0.0,0.0,0.0,0.0,0.0,0.0
11.029999999999983,0.012815100355093237,dol,dol,dol,0.0,0.015,0.045,0.0,0.16,0.0,0.0,0.0,0.0,0.0,0.0,0.0,0.011,0.0,0.0
11.029999999999983,0.012815100355093237,dol,dol,dol,0.0,0.015,0.045,0.0,0.16,0.0,0.004,0.0,0.0,0.0,0.0,0.0,0.011,0.0,0.0
11.029999999999983,0.015286126052852733,dol,dol,dol,0.01,0.0,0.0,0.03,0.2,0.0,0.0,0.0,0.0,0.0,1.0,-300.0,0.011,0.0,0.0
11.029999999999983,0.015286126052852733,dol,dol,dol,0.01,0.0,0.0,0.03,0.2,0.0,0.004,0.0,0.0,0.0,1.0,-300.0,0.011,0.0,0.0
11.033333333333339,0.016800327379967152,dol,sqrt,rank,0.0,0.0,0.085,0.03,0.12,0.9,0.0,0.0,0.0,0.0,0.0,0.0,0.0,0.0,0.0
11.033333333333339,0.01640728754299499,dol,sqrt,rank,0.0,0.015,0.085,0.03,0.12,1.2,0.0,0.0,0.0,0.0,0.0,0.0,0.0,0.0,0.0
11.033333333333339,0.012822079021923255,dol,dol,dol,0.0,0.015,0.045,0.0,0.16,0.0,0.0,0.0,0.0,0.0,1.0,0.0,0.011,0.0,0.0
11.033333333333339,0.012822079021923255,dol,dol,dol,0.0,0.015,0.045,0.0,0.16,0.0,0.004,0.0,0.0,0.0,1.0,0.0,0.011,0.0,0.0
11.040000000000013,0.01458115262679621,sqrt,dol,dol,0.0,0.015,0.085,0.03,0.2,0.0,0.0,0.0,0.0,0.0,0.0,-300.0,0.011,0.0,0.0
11.040000000000013,0.01458115262679621,sqrt,dol,dol,0.0,0.015,0.085,0.03,0.2,0.0,0.004,0.0,0.0,0.0,0.0,-300.0,0.011,0.0,0.0
11.043333333333331,0.0145785671983071,sqrt,dol,dol,0.0,0.015,0.085,0.03,0.2,0.0,0.0,0.0,0.0,0.0,1.0,-300.0,0.011,0.0,0.0
11.043333333333331,0.0145785671983071,sqrt,dol,dol,0.0,0.015,0.085,0.03,0.2,0.0,0.004,0.0,0.0,0.0,1.0,-300.0,0.011,0.0,0.0
11.046666666666649,0.015387206400604841,dol,dol,dol,0.0,0.0,0.085,0.0,0.2,0.6,0.2,0.0,0.0,0.0,0.0,0.0,0.0,0.0,0.0
11.053333333333322,0.016371915137187186,dol,dol,dol,0.01,0.0,0.0,0.03,0.2,0.0,0.0,0.0,0.0,0.0,0.0,0.0,0.0,0.0,0.0
11.053333333333322,0.016371915137187186,dol,dol,dol,0.01,0.0,0.0,0.03,0.2,0.0,0.004,0.0,0.0,0.0,0.0,0.0,0.0,0.0,0.0
11.059999999999995,0.014846658461804852,sqrt,dol,dol,0.0,0.015,0.045,0.0,0.16,0.9,0.0,0.0,0.0,0.0,0.0,0.0,0.0,0.0,0.0
11.059999999999995,0.01637649232329117,dol,dol,dol,0.01,0.0,0.0,0.03,0.2,0.0,0.0,0.0,0.0,0.0,1.0,0.0,0.0,0.0,0.0
11.059999999999995,0.01637649232329117,dol,dol,dol,0.01,0.0,0.0,0.03,0.2,0.0,0.004,0.0,0.0,0.0,1.0,0.0,0.0,0.0,0.0
11.066666666666633,0.017404346138781487,dol,sqrt,rank,0.01,0.0,0.045,0.0,0.12,0.6,0.2,0.0,0.0,0.0,0.0,0.0,0.0,0.0,0.0
11.066666666666668,0.020520785146700336,sqrt,dol,dol,-0.01,0.015,0.085,0.0,0.16,0.9,0.0,0.0,0.0,0.0,0.0,0.0,0.0,0.0,0.0
11.083333333333334,0.012738025171087516,dol,dol,dol,0.0,0.015,0.045,0.0,0.16,0.003,0.0,0.0,0.0,0.0,0.0,-300.0,0.0,0.0,0.0
11.083333333333334,0.012738025171087516,dol,dol,dol,0.0,0.015,0.045,0.0,0.16,0.003,0.004,0.0,0.0,0.0,0.0,-300.0,0.0,0.0,0.0
11.086666666666652,0.011821754714022711,dol,dol,dol,0.0,0.015,0.045,0.0,0.2,1.6,0.0,0.0,0.0,0.0,0.0,0.0,0.0,0.0,0.0
11.086666666666689,0.017130014855888578,dol,dol,dol,-0.01,0.0,0.14,0.0,0.16,0.9,0.0,0.0,0.0,0.0,0.0,0.0,0.0,0.0,0.0
11.090000000000007,0.016363131799759352,dol,dol,dol,0.01,0.0,0.0,0.03,0.2,0.0,0.0,0.0,0.0,0.0,0.0,0.0,0.011,0.0,0.0
11.090000000000007,0.016363131799759352,dol,dol,dol,0.01,0.0,0.0,0.03,0.2,0.0,0.004,0.0,0.0,0.0,0.0,0.0,0.011,0.0,0.0
11.093333333333325,0.0167097850707635,dol,sqrt,rank,0.01,0.015,0.045,0.01,0.12,0.6,0.0,0.0,0.0,0.0,0.0,0.0,0.0,0.0,0.0
11.093333333333325,0.012745816397141042,dol,dol,dol,0.0,0.015,0.045,0.0,0.16,0.003,0.0,0.0,0.0,0.0,1.0,-300.0,0.0,0.0,0.0
11.093333333333325,0.012745816397141042,dol,dol,dol,0.0,0.015,0.045,0.0,0.16,0.003,0.004,0.0,0.0,0.0,1.0,-300.0,0.0,0.0,0.0
11.093333333333325,0.01636411693422644,dol,dol,dol,0.01,0.0,0.0,0.03,0.2,0.0,0.0,0.0,0.0,0.0,1.0,0.0,0.011,0.0,0.0
11.093333333333325,0.01636411693422644,dol,dol,dol,0.01,0.0,0.0,0.03,0.2,0.0,0.004,0.0,0.0,0.0,1.0,0.0,0.011,0.0,0.0
11.095600000000028,0.017453674983923695,dol,dol,dol,0.0,0.0,0.045,0.01,0.2,0.9,0.0,0.0,0.0,0.0,0.0,0.0,0.0,0.0,0.0
11.096666666666643,0.016432908831569223,dol,dol,dol,0.01,0.015,0.045,0.0,0.26,1.6,0.0,0.0,0.0,0.0,0.0,0.0,0.0,0.0,0.0
11.106666666666673,0.014784603129732754,dol,sqrt,rank,0.01,0.015,0.085,0.03,0.12,1.2,0.0,0.0,0.0,0.0,0.0,0.0,0.0,0.0,0.0
11.10999999999999,0.01990116121867897,dol,sqrt,rank,0.0,0.015,0.045,0.01,0.12,1.6,0.0,0.0,0.0,0.0,0.0,0.0,0.0,0.0,0.0
11.116666666666664,0.01770663891187582,dol,sqrt,rank,0.01,0.0,0.045,0.03,0.12,0.6,0.0,0.0,0.0,0.0,0.0,0.0,0.0,0.0,0.0
11.116666666666701,0.021238150998894707,dol,sqrt,dol,0.01,0.0,0.0,0.01,0.16,1.6,0.0,0.0,0.0,0.0,0.0,0.0,0.0,0.0,0.0
11.133333333333328,0.020750938811426232,dol,sqrt,rank,-0.01,0.015,0.085,0.03,0.12,1.6,0.0,0.0,0.0,0.0,0.0,0.0,0.0,0.0,0.0
11.133333333333328,0.015397071561393305,sqrt,dol,dol,0.01,0.015,0.045,0.0,0.2,0.6,0.0,0.0,0.0,0.0,0.0,0.0,0.0,0.0,0.0
11.133333333333328,0.012804982569007766,dol,dol,dol,0.0,0.015,0.045,0.0,0.16,0.0,0.0,0.0,0.0,0.0,0.0,-300.0,0.0,0.0,0.0
11.133333333333328,0.012804982569007766,dol,dol,dol,0.0,0.015,0.045,0.0,0.16,0.0,0.004,0.0,0.0,0.0,0.0,-300.0,0.0,0.0,0.0
11.136666666666665,0.018611305327676513,dol,sqrt,rank,0.01,0.0,0.0,0.01,0.12,1.6,0.0,0.0,0.0,0.0,0.0,0.0,0.0,0.0,0.0
11.136666666666665,0.015806532454090694,sqrt,dol,dol,-0.01,0.015,0.085,0.01,0.16,0.9,0.0,0.0,0.0,0.0,0.0,0.0,0.0,0.0,0.0
11.140000000000002,0.024102057974218574,dol,dol,dol,-0.01,0.015,0.14,0.03,0.2,0.008,0.0,0.0,0.0,0.0,1.0,0.0,0.0,0.0,0.0
11.140000000000002,0.024102057974218574,dol,dol,dol,-0.01,0.015,0.14,0.03,0.2,0.008,0.004,0.0,0.0,0.0,1.0,0.0,0.0,0.0,0.0
11.14333333333332,0.015263249061910955,dol,sqrt,rank,0.01,0.0,0.0,0.03,0.12,0.6,0.2,0.0,0.0,0.0,0.0,0.0,0.0,0.0,0.0
11.14333333333332,0.01281914133312049,dol,dol,dol,0.0,0.015,0.045,0.0,0.16,0.0,0.0,0.0,0.0,0.0,1.0,-300.0,0.0,0.0,0.0
11.14333333333332,0.01281914133312049,dol,dol,dol,0.0,0.015,0.045,0.0,0.16,0.0,0.004,0.0,0.0,0.0,1.0,-300.0,0.0,0.0,0.0
11.146666666666675,0.0241120193187885,dol,dol,dol,-0.01,0.015,0.14,0.03,0.2,0.008,0.0,0.0,0.0,0.0,0.0,0.0,0.0,0.0,0.0
11.146666666666675,0.024106049311477976,dol,dol,dol,-0.01,0.015,0.14,0.03,0.2,0.008,0.004,0.0,0.0,0.0,0.0,0.0,0.0,0.0,0.0
11.149600000000026,0.02254020797662768,dol,sqrt,dol,-0.01,0.0,0.085,0.03,0.12,0.6,0.0,0.0,0.0,0.0,0.0,0.0,0.0,0.0,0.0
11.149999999999993,0.016702263122325887,dol,dol,dol,-0.01,0.015,0.14,0.01,0.16,1.2,0.0,0.0,0.0,0.0,0.0,0.0,0.0,0.0,0.0
11.149999999999993,0.016010762748157183,dol,sqrt,dol,0.01,0.0,0.0,0.01,0.12,1.2,0.0,0.0,0.0,0.0,0.0,0.0,0.0,0.0,0.0
11.153333333333311,0.017541043701791187,dol,dol,dol,-0.01,0.0,0.085,0.0,0.16,1.6,0.0,0.0,0.0,0.0,0.0,0.0,0.0,0.0,0.0
11.16333333333334,0.020304499959186213,dol,dol,dol,0.01,0.0,0.0,0.0,0.2,1.6,0.2,0.0,0.0,0.0,0.0,0.0,0.0,0.0,0.0
11.166666666666657,0.020183722559784917,dol,sqrt,rank,-0.01,0.015,0.14,0.01,0.12,1.6,0.0,0.0,0.0,0.0,0.0,0.0,0.0,0.0,0.0
11.166666666666657,0.018983439100280913,dol,sqrt,rank,0.0,0.015,0.085,0.0,0.12,1.6,0.0,0.0,0.0,0.0,0.0,0.0,0.0,0.0,0.0
11.166666666666657,0.015992579601061745,sqrt,dol,dol,0.01,0.0,0.0,0.0,0.16,0.9,0.0,0.0,0.0,0.0,0.0,0.0,0.0,0.0,0.0
11.170000000000012,0.012856052677414033,dol,dol,dol,0.0,0.015,0.045,0.0,0.16,0.0,0.0,0.0,0.0,0.0,0.0,-300.0,0.011,0.0,0.0
11.170000000000012,0.012856052677414033,dol,dol,dol,0.0,0.015,0.045,0.0,0.16,0.0,0.004,0.0,0.0,0.0,0.0,-300.0,0.011,0.0,0.0
11.173333333333332,0.017697407366094108,dol,dol,dol,0.01,0.015,0.085,0.01,0.2,0.9,0.2,0.0,0.0,0.0,0.0,0.0,0.0,0.0,0.0
11.173333333333332,0.012859688553915428,dol,dol,dol,0.0,0.015,0.045,0.0,0.16,0.0,0.0,0.0,0.0,0.0,1.0,-300.0,0.011,0.0,0.0
11.173333333333332,0.012859688553915428,dol,dol,dol,0.0,0.015,0.045,0.0,0.16,0.0,0.004,0.0,0.0,0.0,1.0,-300.0,0.011,0.0,0.0
11.183333333333323,0.015651297238863594,dol,dol,dol,0.01,0.0,0.085,0.0,0.2,0.9,0.0,0.0,0.0,0.0,0.0,0.0,0.0,0.0,0.0
11.189999999999996,0.01643214990329763,dol,dol,dol,-0.01,0.0,0.14,0.03,0.2,0.9,0.2,0.0,0.0,0.0,0.0,0.0,0.0,0.0,0.0
11.189999999999996,0.01894892886838883,dol,sqrt,dol,0.01,0.015,0.0,0.0,0.12,0.6,0.2,0.0,0.0,0.0,0.0,0.0,0.0,0.0,0.0
11.193333333333351,0.02366767742912027,sqrt,dol,dol,0.01,0.015,0.085,0.0,0.2,0.6,0.2,0.0,0.0,0.0,0.0,0.0,0.0,0.0,0.0
11.196666666666632,0.01936796107932814,dol,dol,rank,0.01,0.015,0.14,0.0,0.16,1.2,0.0,0.0,0.0,0.0,0.0,0.0,0.0,0.0,0.0
11.199999999999987,0.01707645641747073,dol,sqrt,rank,0.01,0.0,0.0,0.03,0.12,0.9,0.0,0.0,0.0,0.0,0.0,0.0,0.0,0.0,0.0
11.203333333333342,0.024383482176199466,dol,dol,dol,-0.01,0.015,0.14,0.03,0.2,0.0,0.0,0.0,0.0,0.0,1.0,0.0,0.011,0.0,0.0
11.203333333333342,0.024383482176199466,dol,dol,dol,-0.01,0.015,0.14,0.03,0.2,0.0,0.004,0.0,0.0,0.0,1.0,0.0,0.011,0.0,0.0
11.203333333333342,0.024287685953234883,dol,dol,dol,-0.01,0.015,0.14,0.03,0.2,0.003,0.0,0.0,0.0,0.0,0.0,0.0,0.0,0.0,0.0
11.203333333333342,0.024287685953234883,dol,dol,dol,-0.01,0.015,0.14,0.03,0.2,0.003,0.004,0.0,0.0,0.0,0.0,0.0,0.0,0.0,0.0
11.206666666666662,0.013165196685875133,dol,dol,dol,0.0,0.0,0.045,0.01,0.2,1.6,0.2,0.0,0.0,0.0,0.0,0.0,0.0,0.0,0.0
11.206666666666662,0.024659999175452803,dol,dol,dol,0.0,0.015,0.045,0.01,0.16,1.2,0.0,0.0,0.0,0.0,0.0,0.0,0.0,0.0,0.0
11.206666666666662,0.014928557845061025,dol,dol,dol,0.01,0.015,0.085,0.01,0.2,0.6,0.0,0.0,0.0,0.0,0.0,0.0,0.0,0.0,0.0
11.206666666666662,0.024281881068447368,dol,dol,dol,-0.01,0.015,0.14,0.03,0.2,0.003,0.0,0.0,0.0,0.0,1.0,0.0,0.0,0.0,0.0
11.206666666666662,0.024281881068447368,dol,dol,dol,-0.01,0.015,0.14,0.03,0.2,0.003,0.004,0.0,0.0,0.0,1.0,0.0,0.0,0.0,0.0
11.210000000000017,0.019699882460638255,dol,dol,dol,0.0,0.015,0.045,0.0,0.16,0.9,0.0,0.0,0.0,0.0,0.0,0.0,0.0,0.0,0.0
11.211599999999988,0.018271869536814495,dol,dol,dol,0.0,0.0,0.045,0.01,0.16,0.6,0.2,0.0,0.0,0.0,0.0,0.0,0.0,0.0,0.0
11.213333333333335,0.016929986591843485,dol,dol,dol,-0.01,0.0,0.14,0.01,0.16,1.2,0.0,0.0,0.0,0.0,0.0,0.0,0.0,0.0,0.0
11.213333333333335,0.016263460205376095,dol,dol,dol,0.01,0.0,0.085,0.01,0.2,1.6,0.0,0.0,0.0,0.0,0.0,0.0,0.0,0.0,0.0
11.213333333333335,0.015854308541634134,sqrt,dol,dol,0.01,0.0,0.0,0.03,0.2,0.9,0.0,0.0,0.0,0.0,0.0,0.0,0.0,0.0,0.0
11.213333333333335,0.024401941120420007,dol,dol,dol,-0.01,0.015,0.14,0.03,0.2,0.0,0.0,0.0,0.0,0.0,0.0,0.0,0.011,0.0,0.0
11.213333333333335,0.024401941120420007,dol,dol,dol,-0.01,0.015,0.14,0.03,0.2,0.0,0.004,0.0,0.0,0.0,0.0,0.0,0.011,0.0,0.0
11.21666666666669,0.017415256042821677,dol,sqrt,dol,0.0,0.0,0.0,0.03,0.16,1.6,0.0,0.0,0.0,0.0,0.0,0.0,0.0,0.0,0.0
11.219599999999996,0.015851699992955517,dol,dol,dol,-0.01,0.0,0.085,0.03,0.2,0.9,0.0,0.0,0.0,0.0,0.0,0.0,0.0,0.0,0.0
11.220000000000008,0.020316031219667827,dol,dol,rank,0.01,0.015,0.14,0.01,0.16,1.2,0.0,0.0,0.0,0.0,0.0,0.0,0.0,0.0,0.0
11.223600000000022,0.01608630749932883,dol,dol,dol,0.01,0.015,0.045,0.01,0.2,0.6,0.0,0.0,0.0,0.0,0.0,0.0,0.0,0.0,0.0
11.233333333333354,0.024387380420573635,dol,dol,dol,-0.01,0.015,0.14,0.03,0.2,0.0,0.0,0.0,0.0,0.0,0.0,0.0,0.0,0.0,0.0
11.233333333333354,0.024387380420573635,dol,dol,dol,-0.01,0.015,0.14,0.03,0.2,0.0,0.004,0.0,0.0,0.0,0.0,0.0,0.0,0.0,0.0
11.234400000000022,0.020688493923309535,dol,sqrt,dol,-0.01,0.015,0.045,0.03,0.12,0.6,0.2,0.0,0.0,0.0,0.0,0.0,0.0,0.0,0.0
11.239999999999991,0.01527908510204571,dol,dol,rank,0.01,0.0,0.14,0.03,0.2,1.6,0.0,0.0,0.0,0.0,0.0,0.0,0.0,0.0,0.0
11.243333333333347,0.024393597309615978,dol,dol,dol,-0.01,0.015,0.14,0.03,0.2,0.0,0.0,0.0,0.0,0.0,1.0,0.0,0.0,0.0,0.0
11.243333333333347,0.024393597309615978,dol,dol,dol,-0.01,0.015,0.14,0.03,0.2,0.0,0.004,0.0,0.0,0.0,1.0,0.0,0.0,0.0,0.0
11.246666666666664,0.020648148784387966,sqrt,dol,dol,-0.01,0.015,0.14,0.03,0.2,0.6,0.2,0.0,0.0,0.0,0.0,0.0,0.0,0.0,0.0
11.249999999999982,0.01682368020468855,sqrt,dol,dol,-0.01,0.0,0.085,0.03,0.2,0.9,0.0,0.0,0.0,0.0,0.0,0.0,0.0,0.0,0.0
11.253333333333337,0.023345194225094974,dol,dol,dol,-0.01,0.0,0.085,0.0,0.12,1.2,0.0,0.0,0.0,0.0,0.0,0.0,0.0,0.0,0.0
11.256666666666655,0.018969208033215494,dol,dol,dol,0.0,0.015,0.14,0.03,0.26,1.6,0.0,0.0,0.0,0.0,0.0,0.0,0.0,0.0,0.0
11.256666666666655,0.012945998011683701,sqrt,dol,dol,0.0,0.015,0.085,0.03,0.2,0.9,0.0,0.0,0.0,0.0,0.0,0.0,0.0,0.0,0.0
11.266399999999965,0.01783108638180957,dol,dol,dol,0.0,0.015,0.045,0.03,0.26,1.2,0.0,0.0,0.0,0.0,0.0,0.0,0.0,0.0,0.0
11.266666666666683,0.019518445579806094,dol,dol,dol,0.0,0.015,0.14,0.03,0.26,1.2,0.0,0.0,0.0,0.0,0.0,0.0,0.0,0.0,0.0
11.269999999999966,0.01194072279281343,dol,dol,dol,0.0,0.015,0.045,0.0,0.2,0.9,0.2,0.0,0.0,0.0,0.0,0.0,0.0,0.0,0.0
11.270000000000001,0.019730120048066378,dol,dol,dol,0.0,0.015,0.045,0.0,0.16,0.6,0.0,0.0,0.0,0.0,0.0,0.0,0.0,0.0,0.0
11.273333333333357,0.017156449906883635,dol,sqrt,dol,0.01,0.0,0.0,0.03,0.16,0.9,0.0,0.0,0.0,0.0,0.0,0.0,0.0,0.0,0.0
11.276666666666639,0.014330218191200257,dol,dol,rank,0.01,0.015,0.14,0.03,0.2,0.6,0.2,0.0,0.0,0.0,0.0,0.0,0.0,0.0,0.0
11.276666666666657,0.017365725248529286,dol,dol,dol,-0.01,0.015,0.085,0.01,0.16,1.2,0.2,0.0,0.0,0.0,0.0,0.0,0.0,0.0,0.0
11.276666666666676,0.02062751065033368,dol,dol,rank,0.01,0.0,0.085,0.03,0.16,1.6,0.0,0.0,0.0,0.0,0.0,0.0,0.0,0.0,0.0
11.279999999999994,0.01737759423958206,dol,dol,dol,0.01,0.015,0.085,0.01,0.26,1.6,0.0,0.0,0.0,0.0,0.0,0.0,0.0,0.0,0.0
11.282400000000026,0.02441480332821782,dol,sqrt,dol,-0.01,0.0,0.045,0.03,0.12,0.6,0.2,0.0,0.0,0.0,0.0,0.0,0.0,0.0,0.0
11.28333333333333,0.020201064256892786,dol,dol,rank,0.0,0.0,0.14,0.03,0.2,1.6,0.2,0.0,0.0,0.0,0.0,0.0,0.0,0.0,0.0
11.29333333333334,0.02012003385425324,dol,dol,dol,-0.01,0.0,0.085,0.01,0.12,0.6,0.2,0.0,0.0,0.0,0.0,0.0,0.0,0.0,0.0
11.303333333333331,0.018094455117521502,dol,sqrt,dol,0.0,0.015,0.0,0.01,0.12,1.6,0.0,0.0,0.0,0.0,0.0,0.0,0.0,0.0,0.0
11.30666666666665,0.016729286896759035,dol,dol,dol,0.0,0.0,0.045,0.01,0.2,1.2,0.0,0.0,0.0,0.0,0.0,0.0,0.0,0.0,0.0
11.30666666666665,0.021177303960538442,dol,dol,rank,0.01,0.015,0.085,0.03,0.16,1.6,0.0,0.0,0.0,0.0,0.0,0.0,0.0,0.0,0.0
11.310399999999987,0.0168220394918888,dol,dol,dol,0.0,0.015,0.045,0.03,0.26,1.6,0.0,0.0,0.0,0.0,0.0,0.0,0.0,0.0,0.0
11.31666666666666,0.015878845001844184,dol,dol,dol,0.0,0.0,0.0,0.03,0.2,1.6,0.2,0.0,0.0,0.0,0.0,0.0,0.0,0.0,0.0
11.319999999999997,0.015093566647686284,dol,dol,dol,-0.01,0.0,0.085,0.01,0.16,0.9,0.0,0.0,0.0,0.0,0.0,0.0,0.0,0.0,0.0
11.326666666666652,0.018180218881866977,dol,sqrt,rank,0.0,0.0,0.085,0.01,0.12,1.6,0.0,0.0,0.0,0.0,0.0,0.0,0.0,0.0,0.0
11.333333333333325,0.017571543158270506,dol,sqrt,rank,0.01,0.0,0.045,0.0,0.12,1.6,0.0,0.0,0.0,0.0,0.0,0.0,0.0,0.0,0.0
11.33666666666666,0.015291954919475135,dol,dol,dol,-0.01,0.015,0.14,0.01,0.16,0.6,0.2,0.0,0.0,0.0,0.0,0.0,0.0,0.0,0.0
11.33666666666666,0.01723454526363966,dol,dol,dol,0.0,0.015,0.0,0.03,0.2,0.9,0.2,0.0,0.0,0.0,0.0,0.0,0.0,0.0,0.0
11.33999999999998,0.018145806190310077,dol,dol,dol,0.01,0.0,0.0,0.03,0.26,1.2,0.0,0.0,0.0,0.0,0.0,0.0,0.0,0.0,0.0
11.33999999999998,0.015345827110446133,dol,dol,rank,0.01,0.0,0.14,0.0,0.16,0.9,0.2,0.0,0.0,0.0,0.0,0.0,0.0,0.0,0.0
11.343333333333335,0.01657785008399484,dol,sqrt,dol,0.0,0.0,0.0,0.03,0.12,1.6,0.0,0.0,0.0,0.0,0.0,0.0,0.0,0.0,0.0
11.346666666666653,0.01600369584860991,dol,dol,dol,0.01,0.015,0.0,0.03,0.26,0.9,0.2,0.0,0.0,0.0,0.0,0.0,0.0,0.0,0.0
11.349999999999971,0.01825153850643423,dol,dol,dol,-0.01,0.0,0.085,0.01,0.2,1.2,0.2,0.0,0.0,0.0,0.0,0.0,0.0,0.0,0.0
11.350000000000009,0.017102132509437824,dol,sqrt,rank,-0.01,0.015,0.14,0.03,0.12,0.9,0.0,0.0,0.0,0.0,0.0,0.0,0.0,0.0,0.0
11.353333333333326,0.024002875739747895,sqrt,dol,dol,0.01,0.0,0.085,0.0,0.2,0.9,0.0,0.0,0.0,0.0,0.0,0.0,0.0,0.0,0.0
11.363333333333317,0.01602979057879423,dol,dol,dol,-0.01,0.015,0.14,0.03,0.16,0.6,0.2,0.0,0.0,0.0,0.0,0.0,0.0,0.0,0.0
11.363333333333317,0.01592017408940732,dol,sqrt,rank,0.0,0.015,0.14,0.03,0.12,0.6,0.0,0.0,0.0,0.0,0.0,0.0,0.0,0.0,0.0
11.366666666666635,0.016486773511357973,dol,sqrt,rank,-0.01,0.0,0.14,0.03,0.12,0.6,0.2,0.0,0.0,0.0,0.0,0.0,0.0,0.0,0.0
11.366666666666672,0.020729896394302574,dol,dol,dol,-0.01,0.015,0.14,0.01,0.2,0.9,0.2,0.0,0.0,0.0,0.0,0.0,0.0,0.0,0.0
11.383333333333319,0.018006778849047892,sqrt,dol,dol,0.0,0.015,0.085,0.01,0.2,1.2,0.0,0.0,0.0,0.0,0.0,0.0,0.0,0.0,0.0
11.386666666666656,0.013321051067973405,dol,dol,dol,-0.01,0.015,0.085,0.01,0.2,0.6,0.2,0.0,0.0,0.0,0.0,0.0,0.0,0.0,0.0
11.386666666666656,0.01814539958226328,dol,sqrt,rank,0.01,0.015,0.0,0.01,0.12,1.6,0.0,0.0,0.0,0.0,0.0,0.0,0.0,0.0,0.0
11.386666666666693,0.010723636029990194,dol,sqrt,dol,0.0,0.0,0.045,0.03,0.12,0.6,0.0,0.0,0.0,0.0,0.0,0.0,0.0,0.0,0.0
11.40333333333332,0.017080081058442408,dol,dol,dol,0.01,0.015,0.0,0.0,0.2,1.6,0.2,0.0,0.0,0.0,0.0,0.0,0.0,0.0,0.0
11.426666666666659,0.01683317084850072,dol,dol,dol,0.01,0.015,0.085,0.03,0.26,0.9,0.0,0.0,0.0,0.0,0.0,0.0,0.0,0.0,0.0
11.429999999999977,0.015485800092940568,dol,sqrt,rank,0.01,0.0,0.045,0.0,0.12,0.9,0.0,0.0,0.0,0.0,0.0,0.0,0.0,0.0,0.0
11.433333333333332,0.017535758938681693,dol,sqrt,rank,0.01,0.015,0.0,0.03,0.12,0.9,0.0,0.0,0.0,0.0,0.0,0.0,0.0,0.0,0.0
11.433333333333332,0.015558369335196096,sqrt,dol,dol,0.01,0.015,0.0,0.03,0.2,0.6,0.2,0.0,0.0,0.0,0.0,0.0,0.0,0.0,0.0
11.440000000000005,0.016227130827379452,sqrt,dol,dol,0.0,0.0,0.045,0.03,0.2,0.9,0.0,0.0,0.0,0.0,0.0,0.0,0.0,0.0,0.0
11.443333333333324,0.019635906341492152,dol,dol,rank,0.0,0.015,0.14,0.03,0.2,1.6,0.2,0.0,0.0,0.0,0.0,0.0,0.0,0.0,0.0
11.443333333333324,0.018297459368265687,dol,sqrt,rank,0.0,0.0,0.14,0.0,0.12,1.6,0.0,0.0,0.0,0.0,0.0,0.0,0.0,0.0,0.0
11.443333333333324,0.016737597201333103,dol,sqrt,rank,0.01,0.015,0.045,0.03,0.12,0.9,0.0,0.0,0.0,0.0,0.0,0.0,0.0,0.0,0.0
11.446666666666642,0.019615042245590405,dol,dol,rank,0.01,0.0,0.085,0.01,0.16,1.6,0.0,0.0,0.0,0.0,0.0,0.0,0.0,0.0,0.0
11.453333333333315,0.019136477966516293,dol,dol,dol,-0.01,0.0,0.14,0.01,0.2,0.6,0.0,0.0,0.0,0.0,0.0,0.0,0.0,0.0,0.0
11.45666666666667,0.0208993236839005,sqrt,dol,dol,0.0,0.0,0.045,0.03,0.16,0.6,0.0,0.0,0.0,0.0,0.0,0.0,0.0,0.0,0.0
11.466666666666661,0.020003283954465143,sqrt,dol,dol,-0.01,0.0,0.085,0.01,0.16,0.6,0.2,0.0,0.0,0.0,0.0,0.0,0.0,0.0,0.0
11.469999999999999,0.013361201462387971,sqrt,dol,dol,0.0,0.015,0.085,0.01,0.16,0.6,0.0,0.0,0.0,0.0,0.0,0.0,0.0,0.0,0.0
11.473333333333334,0.016030225804190452,dol,dol,dol,0.01,0.0,0.085,0.0,0.16,0.6,0.0,0.0,0.0,0.0,0.0,0.0,0.0,0.0,0.0
11.473333333333334,0.019366384222457535,dol,dol,rank,0.01,0.015,0.085,0.0,0.16,1.2,0.2,0.0,0.0,0.0,0.0,0.0,0.0,0.0,0.0
11.47666666666669,0.020152727323927967,dol,dol,rank,0.01,0.0,0.14,0.01,0.2,1.6,0.2,0.0,0.0,0.0,0.0,0.0,0.0,0.0,0.0
11.48000000000001,0.018949569116571075,dol,dol,dol,0.01,0.0,0.085,0.0,0.2,1.6,0.0,0.0,0.0,0.0,0.0,0.0,0.0,0.0,0.0
11.486666666666663,0.027595664234051662,dol,sqrt,dol,0.0,0.015,0.045,0.01,0.16,1.2,0.2,0.0,0.0,0.0,0.0,0.0,0.0,0.0,0.0
11.49,0.020535544489530384,dol,dol,rank,0.01,0.015,0.045,0.03,0.2,1.6,0.2,0.0,0.0,0.0,0.0,0.0,0.0,0.0,0.0
11.49,0.02555446062533608,dol,dol,dol,-0.01,0.015,0.14,0.03,0.2,0.008,0.0,0.0,0.0,0.0,0.0,-300.0,0.0,0.0,0.0
11.490399999999967,0.017408206644930202,dol,dol,dol,0.01,0.0,0.045,0.03,0.26,1.2,0.0,0.0,0.0,0.0,0.0,0.0,0.0,0.0,0.0
11.493333333333355,0.025564791023477473,dol,dol,dol,-0.01,0.015,0.14,0.03,0.2,0.008,0.0,0.0,0.0,0.0,1.0,-300.0,0.0,0.0,0.0
11.493333333333355,0.025559156554506607,dol,dol,dol,-0.01,0.015,0.14,0.03,0.2,0.008,0.004,0.0,0.0,0.0,0.0,-300.0,0.0,0.0,0.0
11.493333333333355,0.025567019816480307,dol,dol,dol,-0.01,0.015,0.14,0.03,0.2,0.008,0.004,0.0,0.0,0.0,1.0,-300.0,0.0,0.0,0.0
11.496666666666636,0.014856681203094123,dol,dol,dol,0.01,0.0,0.0,0.0,0.16,0.008,0.0,0.0,0.0,0.0,0.0,0.0,0.0,0.0,0.0
11.496666666666636,0.014856681203094123,dol,dol,dol,0.01,0.0,0.0,0.0,0.16,0.008,0.004,0.0,0.0,0.0,0.0,0.0,0.0,0.0,0.0
11.499999999999991,0.013279203654726564,dol,dol,dol,-0.01,0.015,0.085,0.01,0.2,0.9,0.0,0.0,0.0,0.0,0.0,0.0,0.0,0.0,0.0
11.499999999999991,0.0154757877104611,sqrt,dol,dol,0.01,0.0,0.0,0.01,0.16,0.6,0.0,0.0,0.0,0.0,0.0,0.0,0.0,0.0,0.0
11.499999999999991,0.014863621339812621,dol,dol,dol,0.01,0.0,0.0,0.0,0.16,0.008,0.0,0.0,0.0,0.0,1.0,0.0,0.0,0.0,0.0
11.499999999999991,0.014862525310074077,dol,dol,dol,0.01,0.0,0.0,0.0,0.16,0.008,0.004,0.0,0.0,0.0,1.0,0.0,0.0,0.0,0.0
11.503333333333309,0.01959644446397432,dol,dol,rank,0.01,0.0,0.085,0.0,0.16,1.2,0.2,0.0,0.0,0.0,0.0,0.0,0.0,0.0,0.0
11.503333333333346,0.01549440957965879,dol,dol,dol,0.01,0.0,0.085,0.01,0.2,0.6,0.0,0.0,0.0,0.0,0.0,0.0,0.0,0.0,0.0
11.506666666666664,0.01505646825687785,dol,sqrt,dol,0.0,0.015,0.0,0.01,0.12,0.6,0.2,0.0,0.0,0.0,0.0,0.0,0.0,0.0,0.0
11.506666666666664,0.020461249936476578,dol,sqrt,rank,0.0,0.0,0.045,0.01,0.12,1.6,0.0,0.0,0.0,0.0,0.0,0.0,0.0,0.0,0.0
11.51333333333332,0.021227172333103134,sqrt,dol,dol,0.01,0.015,0.045,0.0,0.2,1.2,0.0,0.0,0.0,0.0,0.0,0.0,0.0,0.0,0.0
11.516666666666657,0.012170465376536802,dol,dol,dol,0.0,0.0,0.045,0.0,0.16,0.6,0.2,0.0,0.0,0.0,0.0,0.0,0.0,0.0,0.0
11.518399999999973,0.02140607035918134,dol,dol,dol,0.01,0.0,0.0,0.01,0.16,0.9,0.0,0.0,0.0,0.0,0.0,0.0,0.0,0.0,0.0
11.519999999999975,0.014509280429869442,dol,dol,rank,0.01,0.0,0.14,0.03,0.2,0.6,0.2,0.0,0.0,0.0,0.0,0.0,0.0,0.0,0.0
11.52333333333333,0.018833684384142194,dol,sqrt,rank,-0.01,0.0,0.14,0.03,0.12,1.6,0.0,0.0,0.0,0.0,0.0,0.0,0.0,0.0,0.0
11.52333333333333,0.016887571939150983,dol,sqrt,rank,0.01,0.0,0.0,0.01,0.12,1.2,0.0,0.0,0.0,0.0,0.0,0.0,0.0,0.0,0.0
11.526666666666666,0.016765397612675675,dol,dol,dol,-0.01,0.0,0.085,0.03,0.2,1.6,0.2,0.0,0.0,0.0,0.0,0.0,0.0,0.0,0.0
11.530000000000003,0.022098827974620094,sqrt,dol,dol,0.01,0.015,0.085,0.0,0.2,0.9,0.0,0.0,0.0,0.0,0.0,0.0,0.0,0.0,0.0
11.53333333333332,0.01796980440751774,dol,sqrt,rank,0.0,0.015,0.085,0.01,0.12,1.6,0.0,0.0,0.0,0.0,0.0,0.0,0.0,0.0,0.0
11.53333333333332,0.02566255594931752,dol,dol,dol,-0.01,0.015,0.14,0.03,0.2,0.003,0.0,0.0,0.0,0.0,1.0,-300.0,0.0,0.0,0.0
11.53333333333332,0.025662267748583715,dol,dol,dol,-0.01,0.015,0.14,0.03,0.2,0.003,0.004,0.0,0.0,0.0,1.0,-300.0,0.0,0.0,0.0
11.539999999999994,0.016581332388495722,dol,dol,dol,0.0,0.0,0.045,0.0,0.16,0.6,0.0,0.0,0.0,0.0,0.0,0.0,0.0,0.0,0.0
11.539999999999994,0.017214737788044037,dol,sqrt,rank,0.0,0.015,0.085,0.0,0.12,1.2,0.0,0.0,0.0,0.0,0.0,0.0,0.0,0.0,0.0
11.539999999999994,0.025734266320162253,dol,dol,dol,-0.01,0.015,0.14,0.03,0.2,0.0,0.0,0.0,0.0,0.0,1.0,-300.0,0.011,0.0,0.0
11.539999999999994,0.025734266320162253,dol,dol,dol,-0.01,0.015,0.14,0.03,0.2,0.0,0.004,0.0,0.0,0.0,1.0,-300.0,0.011,0.0,0.0
11.543333333333313,0.018162448849817093,dol,sqrt,rank,-0.01,0.015,0.14,0.01,0.12,1.2,0.0,0.0,0.0,0.0,0.0,0.0,0.0,0.0,0.0
11.543333333333349,0.025743491116957888,dol,dol,dol,-0.01,0.015,0.14,0.03,0.2,0.0,0.0,0.0,0.0,0.0,0.0,-300.0,0.011,0.0,0.0
11.543333333333349,0.025743491116957888,dol,dol,dol,-0.01,0.015,0.14,0.03,0.2,0.0,0.004,0.0,0.0,0.0,0.0,-300.0,0.011,0.0,0.0
11.546666666666669,0.025683762230177584,dol,dol,dol,-0.01,0.015,0.14,0.03,0.2,0.003,0.0,0.0,0.0,0.0,0.0,-300.0,0.0,0.0,0.0
11.546666666666669,0.02568950761605904,dol,dol,dol,-0.01,0.015,0.14,0.03,0.2,0.003,0.004,0.0,0.0,0.0,0.0,-300.0,0.0,0.0,0.0
11.549999999999986,0.017603570683665703,dol,dol,rank,0.01,0.015,0.085,0.03,0.16,0.9,0.2,0.0,0.0,0.0,0.0,0.0,0.0,0.0,0.0
11.550000000000004,0.015125148890604786,dol,dol,dol,0.0,0.015,0.045,0.0,0.16,1.2,0.2,0.0,0.0,0.0,0.0,0.0,0.0,0.0,0.0
11.555600000000021,0.018146876562179018,dol,dol,dol,0.0,0.015,0.045,0.01,0.2,1.2,0.0,0.0,0.0,0.0,0.0,0.0,0.0,0.0,0.0
11.55666666666666,0.019341837307878588,dol,sqrt,dol,0.01,0.0,0.0,0.03,0.16,0.6,0.0,0.0,0.0,0.0,0.0,0.0,0.0,0.0,0.0
11.55666666666666,0.01699034272756143,dol,sqrt,rank,0.01,0.015,0.085,0.03,0.12,0.6,0.0,0.0,0.0,0.0,0.0,0.0,0.0,0.0,0.0
11.559999999999977,0.024313391022994655,dol,sqrt,dol,0.0,0.015,0.045,0.01,0.16,0.9,0.2,0.0,0.0,0.0,0.0,0.0,0.0,0.0,0.0
11.560000000000015,0.025741661233048593,dol,dol,dol,-0.01,0.015,0.14,0.03,0.2,0.0,0.0,0.0,0.0,0.0,0.0,-300.0,0.0,0.0,0.0
11.560000000000015,0.025734604057571997,dol,dol,dol,-0.01,0.015,0.14,0.03,0.2,0.0,0.0,0.0,0.0,0.0,1.0,-300.0,0.0,0.0,0.0
11.560000000000015,0.025741661233048593,dol,dol,dol,-0.01,0.015,0.14,0.03,0.2,0.0,0.004,0.0,0.0,0.0,0.0,-300.0,0.0,0.0,0.0
11.560000000000015,0.025734604057571997,dol,dol,dol,-0.01,0.015,0.14,0.03,0.2,0.0,0.004,0.0,0.0,0.0,1.0,-300.0,0.0,0.0,0.0
11.563333333333333,0.019501354237875662,dol,dol,rank,0.01,0.015,0.14,0.01,0.2,1.6,0.2,0.0,0.0,0.0,0.0,0.0,0.0,0.0,0.0
11.563599999999985,0.015326826858666964,dol,dol,dol,0.01,0.0,0.045,0.01,0.2,0.9,0.0,0.0,0.0,0.0,0.0,0.0,0.0,0.0,0.0
11.56666666666665,0.017002911931435386,dol,sqrt,rank,0.01,0.015,0.085,0.03,0.16,1.6,0.0,0.0,0.0,0.0,0.0,0.0,0.0,0.0,0.0
11.56666666666665,0.01499068931036862,dol,dol,dol,0.01,0.0,0.0,0.0,0.16,0.003,0.0,0.0,0.0,0.0,0.0,0.0,0.0,0.0,0.0
11.56666666666665,0.01499068931036862,dol,dol,dol,0.01,0.0,0.0,0.0,0.16,0.003,0.004,0.0,0.0,0.0,0.0,0.0,0.0,0.0,0.0
11.566666666666688,0.019650916105306098,dol,dol,dol,-0.01,0.015,0.14,0.03,0.16,1.2,0.0,0.0,0.0,0.0,0.0,0.0,0.0,0.0,0.0
11.569999999999988,0.01958328730207355,dol,dol,rank,0.01,0.0,0.085,0.03,0.2,1.6,0.2,0.0,0.0,0.0,0.0,0.0,0.0,0.0,0.0
11.570000000000006,0.018821148311879848,dol,dol,dol,0.01,0.0,0.045,0.03,0.26,0.6,0.0,0.0,0.0,0.0,0.0,0.0,0.0,0.0,0.0
11.571599999999993,0.019572271241620247,dol,dol,dol,-0.01,0.0,0.085,0.03,0.16,0.6,0.0,0.0,0.0,0.0,0.0,0.0,0.0,0.0,0.0
11.573333333333323,0.014998048319945069,dol,dol,dol,0.01,0.0,0.0,0.0,0.16,0.003,0.0,0.0,0.0,0.0,1.0,0.0,0.0,0.0,0.0
11.573333333333323,0.014998048319945069,dol,dol,dol,0.01,0.0,0.0,0.0,0.16,0.003,0.004,0.0,0.0,0.0,1.0,0.0,0.0,0.0,0.0
11.576666666666679,0.022937144549269296,dol,dol,dol,-0.01,0.0,0.085,0.01,0.2,1.6,0.2,0.0,0.0,0.0,0.0,0.0,0.0,0.0,0.0
11.579999999999998,0.018416058735064172,dol,sqrt,rank,0.0,0.0,0.045,0.03,0.12,1.6,0.0,0.0,0.0,0.0,0.0,0.0,0.0,0.0,0.0
11.579999999999998,0.016484657538091224,dol,sqrt,rank,0.01,0.0,0.045,0.01,0.12,0.6,0.0,0.0,0.0,0.0,0.0,0.0,0.0,0.0,0.0
11.579999999999998,0.017210596867003734,dol,sqrt,rank,0.01,0.015,0.045,0.0,0.12,1.6,0.0,0.0,0.0,0.0,0.0,0.0,0.0,0.0,0.0
11.583333333333316,0.01576821066200859,dol,dol,dol,-0.01,0.015,0.085,0.0,0.16,0.9,0.2,0.0,0.0,0.0,0.0,0.0,0.0,0.0,0.0
11.586666666666634,0.018826467757447812,dol,sqrt,dol,0.0,0.015,0.0,0.01,0.12,1.2,0.0,0.0,0.0,0.0,0.0,0.0,0.0,0.0,0.0
11.590000000000027,0.025590028528199707,sqrt,dol,dol,0.0,0.015,0.14,0.0,0.2,0.6,0.0,0.0,0.0,0.0,0.0,0.0,0.0,0.0,0.0
11.593333333333344,0.020891626855433422,dol,dol,rank,0.01,0.015,0.14,0.03,0.16,1.6,0.0,0.0,0.0,0.0,0.0,0.0,0.0,0.0,0.0
11.593333333333344,0.01802796161727869,dol,sqrt,rank,0.0,0.015,0.045,0.03,0.12,1.2,0.0,0.0,0.0,0.0,0.0,0.0,0.0,0.0,0.0
11.596666666666662,0.01547950989988832,sqrt,dol,dol,0.0,0.0,0.045,0.03,0.2,1.2,0.0,0.0,0.0,0.0,0.0,0.0,0.0,0.0,0.0
11.596666666666662,0.013633300029842494,sqrt,dol,dol,0.0,0.0,0.085,0.03,0.2,0.6,0.2,0.0,0.0,0.0,0.0,0.0,0.0,0.0,0.0
11.59999999999998,0.019894801388711983,sqrt,dol,dol,0.01,0.015,0.045,0.0,0.2,0.6,0.2,0.0,0.0,0.0,0.0,0.0,0.0,0.0,0.0
11.6,0.02033490822862662,dol,dol,dol,0.0,0.015,0.085,0.0,0.2,1.6,0.2,0.0,0.0,0.0,0.0,0.0,0.0,0.0,0.0
11.603333333333298,0.018719527615518188,dol,dol,rank,0.01,0.0,0.14,0.0,0.16,1.2,0.0,0.0,0.0,0.0,0.0,0.0,0.0,0.0,0.0
11.603333333333335,0.026208266537275777,dol,dol,dol,-0.01,0.0,0.14,0.01,0.16,0.008,0.0,0.0,0.0,0.0,0.0,0.0,0.0,0.0,0.0
11.603333333333335,0.026208266537275777,dol,dol,dol,-0.01,0.0,0.14,0.01,0.16,0.008,0.004,0.0,0.0,0.0,0.0,0.0,0.0,0.0,0.0
11.603333333333335,0.02621850251536401,dol,dol,dol,-0.01,0.0,0.14,0.01,0.16,0.008,0.004,0.0,0.0,0.0,1.0,0.0,0.0,0.0,0.0
11.606666666666653,0.02622364038208443,dol,dol,dol,-0.01,0.0,0.14,0.01,0.16,0.008,0.0,0.0,0.0,0.0,1.0,0.0,0.0,0.0,0.0
11.613333333333328,0.017032037287070145,dol,sqrt,rank,-0.01,0.0,0.14,0.03,0.12,0.9,0.0,0.0,0.0,0.0,0.0,0.0,0.0,0.0,0.0
11.613333333333328,0.013863476879382925,dol,dol,rank,0.01,0.015,0.14,0.01,0.16,0.008,0.004,0.0,0.0,0.0,0.0,0.0,0.0,0.0,0.0
11.615600000000015,0.01636641061352091,dol,dol,dol,-0.01,0.015,0.085,0.03,0.2,0.9,0.0,0.0,0.0,0.0,0.0,0.0,0.0,0.0,0.0
11.616666666666646,0.013864345775325202,dol,dol,rank,0.01,0.015,0.14,0.01,0.16,0.008,0.0,0.0,0.0,0.0,0.0,0.0,0.0,0.0,0.0
11.616666666666646,0.013862397075061247,dol,dol,rank,0.01,0.015,0.14,0.01,0.16,0.008,0.0,0.0,0.0,0.0,1.0,0.0,0.0,0.0,0.0
11.616666666666646,0.013863043519719228,dol,dol,rank,0.01,0.015,0.14,0.01,0.16,0.008,0.004,0.0,0.0,0.0,1.0,0.0,0.0,0.0,0.0
11.620000000000001,0.01445869329939347,dol,sqrt,rank,0.01,0.015,0.14,0.03,0.12,0.6,0.0,0.0,0.0,0.0,0.0,0.0,0.0,0.0,0.0
11.623333333333319,0.01636806210615999,dol,dol,rank,0.01,0.015,0.14,0.01,0.16,0.6,0.2,0.0,0.0,0.0,0.0,0.0,0.0,0.0,0.0
11.623333333333356,0.014112091429640008,dol,dol,dol,0.0,0.015,0.085,0.0,0.16,1.6,0.0,0.0,0.0,0.0,0.0,0.0,0.0,0.0,0.0
11.626666666666637,0.0150931828148168,dol,dol,dol,0.01,0.0,0.0,0.0,0.16,0.0,0.0,0.0,0.0,0.0,0.0,0.0,0.0,0.0,0.0
11.626666666666637,0.0150931828148168,dol,dol,dol,0.01,0.0,0.0,0.0,0.16,0.0,0.004,0.0,0.0,0.0,0.0,0.0,0.0,0.0,0.0
11.630399999999996,0.016653501847292588,dol,dol,dol,0.01,0.015,0.045,0.03,0.26,1.2,0.0,0.0,0.0,0.0,0.0,0.0,0.0,0.0,0.0
11.639999999999983,0.018069708889003534,dol,sqrt,rank,0.0,0.015,0.14,0.0,0.12,1.6,0.0,0.0,0.0,0.0,0.0,0.0,0.0,0.0,0.0
11.639999999999983,0.015105633217077955,dol,dol,dol,0.01,0.0,0.0,0.0,0.16,0.0,0.0,0.0,0.0,0.0,1.0,0.0,0.0,0.0,0.0
11.639999999999983,0.015105633217077955,dol,dol,dol,0.01,0.0,0.0,0.0,0.16,0.0,0.004,0.0,0.0,0.0,1.0,0.0,0.0,0.0,0.0
11.643333333333338,0.011607089694888436,dol,dol,dol,0.0,0.015,0.045,0.01,0.2,1.6,0.2,0.0,0.0,0.0,0.0,0.0,0.0,0.0,0.0
11.643333333333338,0.021898754135033945,sqrt,dol,dol,0.01,0.015,0.085,0.03,0.26,0.9,0.0,0.0,0.0,0.0,0.0,0.0,0.0,0.0,0.0
11.646666666666658,0.015203495165890606,sqrt,dol,dol,0.01,0.0,0.045,0.03,0.2,0.9,0.0,0.0,0.0,0.0,0.0,0.0,0.0,0.0,0.0
11.646666666666658,0.013396269605130136,sqrt,dol,dol,0.01,0.015,0.045,0.0,0.16,0.6,0.0,0.0,0.0,0.0,0.0,0.0,0.0,0.0,0.0
11.646666666666658,0.026345170646066614,dol,dol,dol,-0.01,0.0,0.14,0.01,0.16,0.003,0.0,0.0,0.0,0.0,0.0,0.0,0.0,0.0,0.0
11.646666666666658,0.02634454037331989,dol,dol,dol,-0.01,0.0,0.14,0.01,0.16,0.003,0.0,0.0,0.0,0.0,1.0,0.0,0.0,0.0,0.0
11.646666666666658,0.026345170646066614,dol,dol,dol,-0.01,0.0,0.14,0.01,0.16,0.003,0.004,0.0,0.0,0.0,0.0,0.0,0.0,0.0,0.0
11.646666666666658,0.02634454037331989,dol,dol,dol,-0.01,0.0,0.14,0.01,0.16,0.003,0.004,0.0,0.0,0.0,1.0,0.0,0.0,0.0,0.0
11.65333333333333,0.01983318437105591,dol,sqrt,dol,0.0,0.0,0.045,0.01,0.16,1.6,0.0,0.0,0.0,0.0,0.0,0.0,0.0,0.0,0.0
11.65440000000002,0.02319888800176679,dol,sqrt,dol,-0.01,0.015,0.045,0.01,0.12,1.2,0.0,0.0,0.0,0.0,0.0,0.0,0.0,0.0,0.0
11.660000000000004,0.015119946381935107,dol,dol,dol,0.01,0.0,0.0,0.0,0.16,0.0,0.0,0.0,0.0,0.0,0.0,0.0,0.011,0.0,0.0
11.660000000000004,0.015127789295299007,dol,dol,dol,0.01,0.0,0.0,0.0,0.16,0.0,0.0,0.0,0.0,0.0,1.0,0.0,0.011,0.0,0.0
11.660000000000004,0.015119946381935107,dol,dol,dol,0.01,0.0,0.0,0.0,0.16,0.0,0.004,0.0,0.0,0.0,0.0,0.0,0.011,0.0,0.0
11.660000000000004,0.015127789295299007,dol,dol,dol,0.01,0.0,0.0,0.0,0.16,0.0,0.004,0.0,0.0,0.0,1.0,0.0,0.011,0.0,0.0
11.670399999999992,0.02433476595630515,dol,dol,dol,0.01,0.015,0.0,0.01,0.16,0.9,0.0,0.0,0.0,0.0,0.0,0.0,0.0,0.0,0.0
11.67333333333335,0.02262201107901902,dol,dol,dol,-0.01,0.015,0.085,0.01,0.12,0.6,0.2,0.0,0.0,0.0,0.0,0.0,0.0,0.0,0.0
11.676666666666668,0.019018140211679767,dol,dol,rank,0.01,0.0,0.085,0.01,0.16,1.2,0.2,0.0,0.0,0.0,0.0,0.0,0.0,0.0,0.0
11.679999999999987,0.013905862528684308,dol,dol,rank,0.01,0.015,0.14,0.01,0.16,0.003,0.0,0.0,0.0,0.0,1.0,0.0,0.0,0.0,0.0
11.679999999999987,0.013913422778288857,dol,dol,rank,0.01,0.015,0.14,0.01,0.16,0.003,0.004,0.0,0.0,0.0,0.0,0.0,0.0,0.0,0.0
11.679999999999987,0.013905862528684308,dol,dol,rank,0.01,0.015,0.14,0.01,0.16,0.003,0.004,0.0,0.0,0.0,1.0,0.0,0.0,0.0,0.0
11.683333333333305,0.021085030921555756,dol,sqrt,rank,-0.01,0.0,0.085,0.03,0.12,1.6,0.0,0.0,0.0,0.0,0.0,0.0,0.0,0.0,0.0
11.683333333333342,0.02314254326911722,dol,dol,dol,-0.01,0.0,0.14,0.0,0.2,1.2,0.0,0.0,0.0,0.0,0.0,0.0,0.0,0.0,0.0
11.683333333333342,0.019940072032634856,dol,dol,dol,0.0,0.015,0.14,0.01,0.2,0.9,0.0,0.0,0.0,0.0,0.0,0.0,0.0,0.0,0.0
11.683333333333342,0.013914329972822714,dol,dol,rank,0.01,0.015,0.14,0.01,0.16,0.003,0.0,0.0,0.0,0.0,0.0,0.0,0.0,0.0,0.0
11.68666666666666,0.026447036340300687,dol,dol,dol,-0.01,0.0,0.14,0.01,0.16,0.0,0.0,0.0,0.0,0.0,0.0,0.0,0.0,0.0,0.0
11.68666666666666,0.026447036340300687,dol,dol,dol,-0.01,0.0,0.14,0.01,0.16,0.0,0.004,0.0,0.0,0.0,0.0,0.0,0.0,0.0,0.0
11.690000000000015,0.026445159776973,dol,dol,dol,-0.01,0.0,0.14,0.01,0.16,0.0,0.0,0.0,0.0,0.0,1.0,0.0,0.0,0.0,0.0
11.690000000000015,0.026445159776973,dol,dol,dol,-0.01,0.0,0.14,0.01,0.16,0.0,0.004,0.0,0.0,0.0,1.0,0.0,0.0,0.0,0.0
11.693333333333333,0.024305079351779463,dol,sqrt,dol,0.0,0.015,0.0,0.03,0.16,1.2,0.2,0.0,0.0,0.0,0.0,0.0,0.0,0.0,0.0
11.696666666666651,0.013286683506149763,dol,dol,dol,-0.01,0.0,0.085,0.01,0.2,1.6,0.0,0.0,0.0,0.0,0.0,0.0,0.0,0.0,0.0
11.696666666666689,0.019763500329123353,dol,dol,dol,0.01,0.0,0.085,0.01,0.26,1.6,0.0,0.0,0.0,0.0,0.0,0.0,0.0,0.0,0.0
11.696666666666689,0.013285190839036886,sqrt,dol,dol,0.01,0.015,0.0,0.0,0.16,0.6,0.0,0.0,0.0,0.0,0.0,0.0,0.0,0.0,0.0
11.700000000000006,0.015884793895770608,dol,dol,dol,0.01,0.015,0.045,0.0,0.16,0.9,0.0,0.0,0.0,0.0,0.0,0.0,0.0,0.0,0.0
11.709999999999997,0.014916347832719182,dol,dol,dol,-0.01,0.015,0.085,0.0,0.16,1.2,0.0,0.0,0.0,0.0,0.0,0.0,0.0,0.0,0.0
11.711600000000022,0.02048674807627459,dol,dol,dol,0.01,0.015,0.045,0.03,0.2,1.2,0.0,0.0,0.0,0.0,0.0,0.0,0.0,0.0,0.0
11.713333333333317,0.021880475096406015,dol,dol,dol,0.01,0.0,0.045,0.01,0.26,1.6,0.2,0.0,0.0,0.0,0.0,0.0,0.0,0.0,0.0
11.713333333333317,0.02646949145434895,dol,dol,dol,-0.01,0.0,0.14,0.01,0.16,0.0,0.0,0.0,0.0,0.0,0.0,0.0,0.011,0.0,0.0
11.713333333333317,0.02646949145434895,dol,dol,dol,-0.01,0.0,0.14,0.01,0.16,0.0,0.004,0.0,0.0,0.0,0.0,0.0,0.011,0.0,0.0
11.713333333333317,0.013927051031874773,dol,dol,rank,0.01,0.015,0.14,0.01,0.16,0.0,0.0,0.0,0.0,0.0,1.0,0.0,0.0,0.0,0.0
11.713333333333317,0.013927051031874773,dol,dol,rank,0.01,0.015,0.14,0.01,0.16,0.0,0.004,0.0,0.0,0.0,1.0,0.0,0.0,0.0,0.0
11.713333333333352,0.017156984909510904,sqrt,dol,dol,0.01,0.015,0.045,0.03,0.2,0.008,0.0,0.0,0.0,0.0,0.0,0.0,0.0,0.0,0.0
11.713333333333352,0.017159455553393543,sqrt,dol,dol,0.01,0.015,0.045,0.03,0.2,0.008,0.0,0.0,0.0,0.0,1.0,0.0,0.0,0.0,0.0
11.713333333333352,0.017156984909510904,sqrt,dol,dol,0.01,0.015,0.045,0.03,0.2,0.008,0.004,0.0,0.0,0.0,0.0,0.0,0.0,0.0,0.0
11.713333333333352,0.01716075952519239,sqrt,dol,dol,0.01,0.015,0.045,0.03,0.2,0.008,0.004,0.0,0.0,0.0,1.0,0.0,0.0,0.0,0.0
11.716666666666672,0.022044800077216497,sqrt,dol,dol,0.01,0.0,0.085,0.01,0.2,0.6,0.2,0.0,0.0,0.0,0.0,0.0,0.0,0.0,0.0
11.716666666666672,0.017095982722828744,sqrt,dol,dol,0.01,0.015,0.045,0.03,0.2,0.0,0.0,0.0,0.0,0.0,1.0,0.0,0.011,0.0,0.0
11.716666666666672,0.017095982722828744,sqrt,dol,dol,0.01,0.015,0.045,0.03,0.2,0.0,0.004,0.0,0.0,0.0,1.0,0.0,0.011,0.0,0.0
11.716666666666672,0.013933740081782294,dol,dol,rank,0.01,0.015,0.14,0.01,0.16,0.0,0.0,0.0,0.0,0.0,0.0,0.0,0.0,0.0,0.0
11.716666666666672,0.013933740081782294,dol,dol,rank,0.01,0.015,0.14,0.01,0.16,0.0,0.004,0.0,0.0,0.0,0.0,0.0,0.0,0.0,0.0
11.71999999999999,0.013760943634202688,dol,dol,rank,0.01,0.015,0.14,0.01,0.16,0.008,0.0,0.0,0.0,0.0,1.0,-300.0,0.0,0.0,0.0
11.71999999999999,0.013760943634202688,dol,dol,rank,0.01,0.015,0.14,0.01,0.16,0.008,0.004,0.0,0.0,0.0,1.0,-300.0,0.0,0.0,0.0
11.723333333333326,0.0189650045961854,dol,dol,rank,0.01,0.015,0.085,0.03,0.2,1.6,0.2,0.0,0.0,0.0,0.0,0.0,0.0,0.0,0.0
11.726666666666663,0.0194828368361793,dol,dol,dol,0.0,0.0,0.045,0.01,0.16,1.6,0.0,0.0,0.0,0.0,0.0,0.0,0.0,0.0,0.0
11.726666666666663,0.026487230425803865,dol,dol,dol,-0.01,0.0,0.14,0.01,0.16,0.0,0.0,0.0,0.0,0.0,1.0,0.0,0.011,0.0,0.0
11.726666666666663,0.026487230425803865,dol,dol,dol,-0.01,0.0,0.14,0.01,0.16,0.0,0.004,0.0,0.0,0.0,1.0,0.0,0.011,0.0,0.0
11.726666666666663,0.013767042935401394,dol,dol,rank,0.01,0.015,0.14,0.01,0.16,0.008,0.0,0.0,0.0,0.0,0.0,-300.0,0.0,0.0,0.0
11.726666666666663,0.013767042935401394,dol,dol,rank,0.01,0.015,0.14,0.01,0.16,0.008,0.004,0.0,0.0,0.0,0.0,-300.0,0.0,0.0,0.0
11.7266666666667,0.017097947615625293,sqrt,dol,dol,0.01,0.015,0.045,0.03,0.2,0.0,0.0,0.0,0.0,0.0,0.0,0.0,0.011,0.0,0.0
11.7266666666667,0.017097947615625293,sqrt,dol,dol,0.01,0.015,0.045,0.03,0.2,0.0,0.004,0.0,0.0,0.0,0.0,0.0,0.011,0.0,0.0
11.72999999999998,0.015438293541757818,dol,dol,dol,0.0,0.0,0.0,0.03,0.2,1.2,0.2,0.0,0.0,0.0,0.0,0.0,0.0,0.0,0.0
11.72999999999998,0.0177459862149372,dol,sqrt,rank,0.0,0.0,0.045,0.03,0.12,1.2,0.0,0.0,0.0,0.0,0.0,0.0,0.0,0.0,0.0
11.733333333333336,0.017286035770721592,dol,dol,dol,0.0,0.015,0.085,0.03,0.26,0.6,0.2,0.0,0.0,0.0,0.0,0.0,0.0,0.0,0.0
11.733333333333336,0.018479356732831888,sqrt,dol,dol,0.0,0.0,0.045,0.0,0.16,0.6,0.2,0.0,0.0,0.0,0.0,0.0,0.0,0.0,0.0
11.734399999999967,0.016526131587859837,dol,dol,dol,0.01,0.015,0.0,0.03,0.26,1.6,0.0,0.0,0.0,0.0,0.0,0.0,0.0,0.0,0.0
11.743333333333327,0.02316773471718643,dol,dol,dol,0.0,0.0,0.085,0.0,0.2,1.6,0.2,0.0,0.0,0.0,0.0,0.0,0.0,0.0,0.0
11.743333333333364,0.017130754693543727,sqrt,dol,dol,0.01,0.015,0.045,0.03,0.2,0.003,0.0,0.0,0.0,0.0,0.0,0.0,0.0,0.0,0.0
11.743333333333364,0.017130754693543727,sqrt,dol,dol,0.01,0.015,0.045,0.03,0.2,0.003,0.004,0.0,0.0,0.0,0.0,0.0,0.0,0.0,0.0
11.746666666666647,0.01892532790654815,dol,dol,dol,-0.01,0.0,0.085,0.0,0.12,0.6,0.0,0.0,0.0,0.0,0.0,0.0,0.0,0.0,0.0
11.746666666666682,0.014948927079052024,sqrt,dol,dol,0.01,0.015,0.085,0.01,0.2,0.6,0.0,0.0,0.0,0.0,0.0,0.0,0.0,0.0,0.0
11.746666666666682,0.01712788121423339,sqrt,dol,dol,0.01,0.015,0.045,0.03,0.2,0.003,0.0,0.0,0.0,0.0,1.0,0.0,0.0,0.0,0.0
11.746666666666682,0.01712788121423339,sqrt,dol,dol,0.01,0.015,0.045,0.03,0.2,0.003,0.004,0.0,0.0,0.0,1.0,0.0,0.0,0.0,0.0
11.749999999999982,0.018510261560470653,dol,sqrt,rank,0.0,0.015,0.045,0.03,0.12,1.6,0.0,0.0,0.0,0.0,0.0,0.0,0.0,0.0,0.0
11.750000000000002,0.017433913652971308,dol,sqrt,dol,0.0,0.015,0.045,0.0,0.12,1.6,0.0,0.0,0.0,0.0,0.0,0.0,0.0,0.0,0.0
11.756666666666675,0.016078359233131626,sqrt,dol,dol,0.0,0.0,0.085,0.01,0.2,0.6,0.0,0.0,0.0,0.0,0.0,0.0,0.0,0.0,0.0
11.759999999999973,0.016426742764524317,dol,sqrt,rank,0.01,0.0,0.045,0.01,0.12,1.6,0.0,0.0,0.0,0.0,0.0,0.0,0.0,0.0,0.0
11.76333333333331,0.013593222932906799,dol,dol,dol,-0.01,0.015,0.085,0.01,0.2,0.6,0.0,0.0,0.0,0.0,0.0,0.0,0.0,0.0,0.0
11.76333333333331,0.013980512127004976,dol,dol,rank,0.01,0.015,0.14,0.01,0.16,0.0,0.0,0.0,0.0,0.0,0.0,0.0,0.011,0.0,0.0
11.76333333333331,0.01397681625645362,dol,dol,rank,0.01,0.015,0.14,0.01,0.16,0.0,0.0,0.0,0.0,0.0,1.0,0.0,0.011,0.0,0.0
11.76333333333331,0.013980512127004976,dol,dol,rank,0.01,0.015,0.14,0.01,0.16,0.0,0.004,0.0,0.0,0.0,0.0,0.0,0.011,0.0,0.0
11.76333333333331,0.01397681625645362,dol,dol,rank,0.01,0.015,0.14,0.01,0.16,0.0,0.004,0.0,0.0,0.0,1.0,0.0,0.011,0.0,0.0
11.766666666666666,0.012418950695222601,dol,dol,dol,-0.01,0.015,0.085,0.01,0.2,1.2,0.0,0.0,0.0,0.0,0.0,0.0,0.0,0.0,0.0
11.773333333333321,0.018816428363809385,dol,sqrt,rank,-0.01,0.015,0.14,0.03,0.12,1.6,0.0,0.0,0.0,0.0,0.0,0.0,0.0,0.0,0.0
11.773333333333339,0.017110194364331015,sqrt,dol,dol,0.01,0.015,0.045,0.03,0.2,0.0,0.0,0.0,0.0,0.0,0.0,0.0,0.0,0.0,0.0
11.773333333333339,0.017110194364331015,sqrt,dol,dol,0.01,0.015,0.045,0.03,0.2,0.0,0.004,0.0,0.0,0.0,0.0,0.0,0.0,0.0,0.0
11.780000000000012,0.017113357098628688,sqrt,dol,dol,0.01,0.015,0.045,0.03,0.2,0.0,0.0,0.0,0.0,0.0,1.0,0.0,0.0,0.0,0.0
11.780000000000012,0.017113357098628688,sqrt,dol,dol,0.01,0.015,0.045,0.03,0.2,0.0,0.004,0.0,0.0,0.0,1.0,0.0,0.0,0.0,0.0
11.783333333333331,0.013841975990924607,dol,dol,dol,0.01,0.0,0.0,0.01,0.2,1.6,0.2,0.0,0.0,0.0,0.0,0.0,0.0,0.0,0.0
11.783333333333331,0.020787973590516217,dol,dol,rank,0.01,0.015,0.14,0.01,0.16,0.6,0.0,0.0,0.0,0.0,0.0,0.0,0.0,0.0,0.0
11.78666666666665,0.01950996554660284,dol,dol,rank,0.01,0.015,0.085,0.0,0.16,1.6,0.0,0.0,0.0,0.0,0.0,0.0,0.0,0.0,0.0
11.78666666666665,0.01794335860010193,dol,sqrt,dol,0.01,0.015,0.0,0.01,0.16,0.9,0.0,0.0,0.0,0.0,0.0,0.0,0.0,0.0,0.0
11.790000000000004,0.019750455336523264,dol,dol,rank,0.0,0.015,0.14,0.01,0.16,1.2,0.2,0.0,0.0,0.0,0.0,0.0,0.0,0.0,0.0
11.790000000000004,0.013823107655634425,dol,dol,rank,0.01,0.015,0.14,0.01,0.16,0.003,0.0,0.0,0.0,0.0,0.0,-300.0,0.0,0.0,0.0
11.790000000000004,0.013823107655634425,dol,dol,rank,0.01,0.015,0.14,0.01,0.16,0.003,0.004,0.0,0.0,0.0,0.0,-300.0,0.0,0.0,0.0
11.796666666666678,0.021363551152649034,dol,dol,rank,0.01,0.0,0.14,0.03,0.16,1.2,0.0,0.0,0.0,0.0,0.0,0.0,0.0,0.0,0.0
11.799999999999995,0.01458323230695165,sqrt,dol,dol,0.0,0.0,0.045,0.01,0.16,0.9,0.0,0.0,0.0,0.0,0.0,0.0,0.0,0.0,0.0
11.799999999999995,0.013837174034435611,dol,dol,rank,0.01,0.015,0.14,0.01,0.16,0.003,0.004,0.0,0.0,0.0,1.0,-300.0,0.0,0.0,0.0
11.803333333333313,0.013837533662175909,dol,dol,rank,0.01,0.015,0.14,0.01,0.16,0.003,0.0,0.0,0.0,0.0,1.0,-300.0,0.0,0.0,0.0
11.806666666666668,0.022281523671219418,dol,dol,dol,0.01,0.015,0.045,0.01,0.16,0.6,0.0,0.0,0.0,0.0,0.0,0.0,0.0,0.0,0.0
11.809999999999986,0.022038844731771014,dol,dol,dol,0.0,0.015,0.085,0.01,0.26,1.6,0.2,0.0,0.0,0.0,0.0,0.0,0.0,0.0,0.0
11.813333333333306,0.02096207920313531,dol,dol,dol,0.0,0.0,0.0,0.03,0.2,0.6,0.0,0.0,0.0,0.0,0.0,0.0,0.0,0.0,0.0
11.813333333333341,0.016569481654424085,dol,sqrt,dol,0.01,0.015,0.0,0.03,0.16,0.6,0.0,0.0,0.0,0.0,0.0,0.0,0.0,0.0,0.0
11.816666666666661,0.01653707310078602,dol,dol,dol,-0.01,0.0,0.085,0.01,0.2,0.9,0.2,0.0,0.0,0.0,0.0,0.0,0.0,0.0,0.0
11.816666666666661,0.019789597044537952,dol,dol,rank,0.0,0.0,0.14,0.01,0.16,1.2,0.2,0.0,0.0,0.0,0.0,0.0,0.0,0.0,0.0
11.819999999999997,0.016805174580071067,dol,sqrt,rank,0.01,0.0,0.085,0.0,0.12,1.6,0.0,0.0,0.0,0.0,0.0,0.0,0.0,0.0,0.0
11.826666666666652,0.02040721606396819,dol,dol,rank,0.0,0.015,0.14,0.01,0.16,1.6,0.0,0.0,0.0,0.0,0.0,0.0,0.0,0.0,0.0
11.826666666666652,0.013488150330320801,dol,dol,rank,0.01,0.015,0.14,0.03,0.2,0.9,0.2,0.0,0.0,0.0,0.0,0.0,0.0,0.0,0.0
11.827600000000027,0.021039596903264367,dol,dol,dol,0.0,0.015,0.045,0.01,0.16,0.6,0.2,0.0,0.0,0.0,0.0,0.0,0.0,0.0,0.0
11.830000000000007,0.015389186369366996,dol,sqrt,rank,0.01,0.015,0.085,0.03,0.12,0.9,0.0,0.0,0.0,0.0,0.0,0.0,0.0,0.0,0.0
11.830400000000019,0.02522618448711136,dol,dol,dol,-0.01,0.015,0.14,0.01,0.16,0.008,0.0,0.0,0.0,0.0,0.0,-300.0,0.0,0.0,0.0
11.830400000000019,0.025221435079738848,dol,dol,dol,-0.01,0.015,0.14,0.01,0.16,0.008,0.004,0.0,0.0,0.0,0.0,-300.0,0.0,0.0,0.0
11.833333333333362,0.015518730190989887,dol,dol,dol,0.01,0.0,0.085,0.03,0.2,0.9,0.0,0.0,0.0,0.0,0.0,0.0,0.0,0.0,0.0
11.8344,0.025234424137585452,dol,dol,dol,-0.01,0.015,0.14,0.01,0.16,0.008,0.0,0.0,0.0,0.0,1.0,-300.0,0.0,0.0,0.0
11.8344,0.025234424137585452,dol,dol,dol,-0.01,0.015,0.14,0.01,0.16,0.008,0.004,0.0,0.0,0.0,1.0,-300.0,0.0,0.0,0.0
11.836666666666643,0.021210939928882604,dol,dol,rank,0.01,0.0,0.045,0.03,0.2,1.6,0.2,0.0,0.0,0.0,0.0,0.0,0.0,0.0,0.0
11.83666666666668,0.018302245968226997,dol,dol,dol,0.01,0.0,0.085,0.03,0.26,0.9,0.0,0.0,0.0,0.0,0.0,0.0,0.0,0.0,0.0
11.843333333333316,0.01542662261349706,dol,dol,rank,0.01,0.015,0.14,0.01,0.2,1.2,0.2,0.0,0.0,0.0,0.0,0.0,0.0,0.0,0.0
11.843333333333353,0.01613679728882843,dol,dol,dol,0.01,0.015,0.045,0.03,0.2,1.2,0.2,0.0,0.0,0.0,0.0,0.0,0.0,0.0,0.0
11.846666666666671,0.02307628184473786,dol,sqrt,dol,0.01,0.0,0.0,0.0,0.12,0.6,0.2,0.0,0.0,0.0,0.0,0.0,0.0,0.0,0.0
11.846666666666671,0.013873694589241743,dol,dol,rank,0.01,0.015,0.14,0.01,0.16,0.0,0.0,0.0,0.0,0.0,0.0,-300.0,0.0,0.0,0.0
11.846666666666671,0.013873694589241743,dol,dol,rank,0.01,0.015,0.14,0.01,0.16,0.0,0.004,0.0,0.0,0.0,0.0,-300.0,0.0,0.0,0.0
11.849600000000038,0.02087737148383566,dol,sqrt,dol,-0.01,0.015,0.085,0.03,0.12,0.6,0.0,0.0,0.0,0.0,0.0,0.0,0.0,0.0,0.0
11.84999999999999,0.01718676754345017,dol,dol,rank,0.01,0.0,0.085,0.03,0.16,0.9,0.2,0.0,0.0,0.0,0.0,0.0,0.0,0.0,0.0
11.84999999999999,0.015312334391545867,dol,dol,dol,0.01,0.0,0.0,0.0,0.16,0.008,0.0,0.0,0.0,0.0,1.0,-300.0,0.0,0.0,0.0
11.84999999999999,0.013879903060286946,dol,dol,rank,0.01,0.015,0.14,0.01,0.16,0.0,0.0,0.0,0.0,0.0,1.0,-300.0,0.0,0.0,0.0
11.84999999999999,0.013879903060286946,dol,dol,rank,0.01,0.015,0.14,0.01,0.16,0.0,0.004,0.0,0.0,0.0,1.0,-300.0,0.0,0.0,0.0
11.850000000000009,0.016853822296440647,dol,sqrt,rank,0.01,0.0,0.0,0.03,0.12,1.6,0.0,0.0,0.0,0.0,0.0,0.0,0.0,0.0,0.0
11.853333333333309,0.015309773206342069,dol,dol,dol,0.01,0.0,0.0,0.0,0.16,0.008,0.0,0.0,0.0,0.0,0.0,-300.0,0.0,0.0,0.0
11.853333333333309,0.015319026733904282,dol,dol,dol,0.01,0.0,0.0,0.0,0.16,0.008,0.004,0.0,0.0,0.0,1.0,-300.0,0.0,0.0,0.0
11.856666666666664,0.015313033400535834,dol,dol,dol,0.01,0.0,0.0,0.0,0.16,0.008,0.004,0.0,0.0,0.0,0.0,-300.0,0.0,0.0,0.0
11.869999999999992,0.014980577452648958,dol,dol,dol,0.0,0.015,0.0,0.03,0.2,1.6,0.2,0.0,0.0,0.0,0.0,0.0,0.0,0.0,0.0
11.873333333333328,0.01813353029100552,dol,dol,dol,0.0,0.0,0.085,0.01,0.2,1.6,0.2,0.0,0.0,0.0,0.0,0.0,0.0,0.0,0.0
11.873333333333328,0.016776465396059582,dol,dol,rank,0.01,0.015,0.14,0.03,0.2,0.6,0.0,0.0,0.0,0.0,0.0,0.0,0.0,0.0,0.0
11.876666666666665,0.018974693870560368,dol,dol,rank,0.01,0.015,0.085,0.01,0.16,1.2,0.2,0.0,0.0,0.0,0.0,0.0,0.0,0.0,0.0
11.88333333333332,0.018216508632027707,dol,sqrt,rank,0.0,0.0,0.085,0.03,0.12,0.6,0.0,0.0,0.0,0.0,0.0,0.0,0.0,0.0,0.0
11.88333333333332,0.017468089066341216,sqrt,dol,dol,0.0,0.0,0.085,0.01,0.2,0.9,0.0,0.0,0.0,0.0,0.0,0.0,0.0,0.0,0.0
11.883333333333356,0.016118394164570008,sqrt,dol,dol,0.01,0.015,0.045,0.03,0.2,0.008,0.0,0.0,0.0,0.0,1.0,-300.0,0.0,0.0,0.0
11.883333333333356,0.016118394164570008,sqrt,dol,dol,0.01,0.015,0.045,0.03,0.2,0.008,0.004,0.0,0.0,0.0,1.0,-300.0,0.0,0.0,0.0
11.886666666666656,0.01751836380614481,dol,sqrt,rank,0.0,0.0,0.14,0.01,0.12,1.6,0.0,0.0,0.0,0.0,0.0,0.0,0.0,0.0,0.0
11.886666666666676,0.016113995621474166,sqrt,dol,dol,0.01,0.015,0.045,0.03,0.2,0.008,0.0,0.0,0.0,0.0,0.0,-300.0,0.0,0.0,0.0
11.886666666666676,0.016113995621474166,sqrt,dol,dol,0.01,0.015,0.045,0.03,0.2,0.008,0.004,0.0,0.0,0.0,0.0,-300.0,0.0,0.0,0.0
11.89000000000003,0.023798769001778228,sqrt,dol,dol,0.0,0.0,0.14,0.01,0.2,0.6,0.0,0.0,0.0,0.0,0.0,0.0,0.0,0.0,0.0
11.890400000000012,0.025358531139550573,dol,dol,dol,-0.01,0.015,0.14,0.01,0.16,0.003,0.0,0.0,0.0,0.0,0.0,-300.0,0.0,0.0,0.0
11.890400000000012,0.025365152606297126,dol,dol,dol,-0.01,0.015,0.14,0.01,0.16,0.003,0.0,0.0,0.0,0.0,1.0,-300.0,0.0,0.0,0.0
11.890400000000012,0.025365698406108014,dol,dol,dol,-0.01,0.015,0.14,0.01,0.16,0.003,0.004,0.0,0.0,0.0,1.0,-300.0,0.0,0.0,0.0
11.894399999999994,0.025365638701612483,dol,dol,dol,-0.01,0.015,0.14,0.01,0.16,0.003,0.004,0.0,0.0,0.0,0.0,-300.0,0.0,0.0,0.0
11.903333333333302,0.02093544582582195,dol,dol,rank,0.01,0.015,0.14,0.01,0.16,0.9,0.0,0.0,0.0,0.0,0.0,0.0,0.0,0.0,0.0
11.906666666666657,0.017179866232825476,dol,dol,dol,0.0,0.0,0.045,0.03,0.26,1.2,0.2,0.0,0.0,0.0,0.0,0.0,0.0,0.0,0.0
11.906666666666657,0.018273764276000016,dol,sqrt,rank,0.01,0.015,0.045,0.03,0.12,0.6,0.0,0.0,0.0,0.0,0.0,0.0,0.0,0.0,0.0
11.910000000000013,0.01609703968873596,sqrt,dol,dol,0.01,0.015,0.045,0.03,0.2,0.0,0.0,0.0,0.0,0.0,1.0,-300.0,0.011,0.0,0.0
11.910000000000013,0.01609703968873596,sqrt,dol,dol,0.01,0.015,0.045,0.03,0.2,0.0,0.004,0.0,0.0,0.0,1.0,-300.0,0.011,0.0,0.0
11.910000000000013,0.013950444546215619,dol,dol,rank,0.01,0.015,0.14,0.01,0.16,0.0,0.0,0.0,0.0,0.0,0.0,-300.0,0.011,0.0,0.0
11.910000000000013,0.013948355859569444,dol,dol,rank,0.01,0.015,0.14,0.01,0.16,0.0,0.0,0.0,0.0,0.0,1.0,-300.0,0.011,0.0,0.0
11.910000000000013,0.013950444546215619,dol,dol,rank,0.01,0.015,0.14,0.01,0.16,0.0,0.004,0.0,0.0,0.0,0.0,-300.0,0.011,0.0,0.0
11.910000000000013,0.013948355859569444,dol,dol,rank,0.01,0.015,0.14,0.01,0.16,0.0,0.004,0.0,0.0,0.0,1.0,-300.0,0.011,0.0,0.0
11.913333333333368,0.01609600933058783,sqrt,dol,dol,0.01,0.015,0.045,0.03,0.2,0.0,0.0,0.0,0.0,0.0,0.0,-300.0,0.011,0.0,0.0
11.913333333333368,0.01609600933058783,sqrt,dol,dol,0.01,0.015,0.045,0.03,0.2,0.0,0.004,0.0,0.0,0.0,0.0,-300.0,0.011,0.0,0.0
11.914400000000036,0.02543239034366595,dol,dol,dol,-0.01,0.015,0.14,0.01,0.16,0.0,0.0,0.0,0.0,0.0,0.0,-300.0,0.0,0.0,0.0
11.914400000000036,0.02543239034366595,dol,dol,dol,-0.01,0.015,0.14,0.01,0.16,0.0,0.004,0.0,0.0,0.0,0.0,-300.0,0.0,0.0,0.0
11.916666666666686,0.01599559240448351,dol,dol,dol,0.01,0.015,0.085,0.01,0.2,1.6,0.0,0.0,0.0,0.0,0.0,0.0,0.0,0.0,0.0
11.920000000000005,0.015916115408720295,dol,dol,dol,0.01,0.0,0.0,0.0,0.16,1.2,0.2,0.0,0.0,0.0,0.0,0.0,0.0,0.0,0.0
11.9224,0.025439386044012465,dol,dol,dol,-0.01,0.015,0.14,0.01,0.16,0.0,0.0,0.0,0.0,0.0,1.0,-300.0,0.0,0.0,0.0
11.9224,0.025439386044012465,dol,dol,dol,-0.01,0.015,0.14,0.01,0.16,0.0,0.004,0.0,0.0,0.0,1.0,-300.0,0.0,0.0,0.0
11.923333333333323,0.017538097369251108,dol,dol,dol,0.0,0.0,0.0,0.03,0.2,0.6,0.2,0.0,0.0,0.0,0.0,0.0,0.0,0.0,0.0
11.926666666666641,0.015761482025165953,dol,dol,rank,0.01,0.0,0.14,0.01,0.16,0.6,0.2,0.0,0.0,0.0,0.0,0.0,0.0,0.0,0.0
11.926666666666641,0.015469632476660942,dol,dol,dol,0.01,0.0,0.0,0.0,0.16,0.003,0.0,0.0,0.0,0.0,1.0,-300.0,0.0,0.0,0.0
11.926666666666678,0.021505641948791707,dol,dol,rank,0.0,0.015,0.14,0.03,0.16,1.6,0.0,0.0,0.0,0.0,0.0,0.0,0.0,0.0,0.0
11.927600000000016,0.02461922792814141,dol,dol,dol,0.0,0.015,0.045,0.03,0.16,0.6,0.2,0.0,0.0,0.0,0.0,0.0,0.0,0.0,0.0
11.929999999999996,0.01547271637192144,dol,dol,dol,0.01,0.0,0.0,0.0,0.16,0.003,0.004,0.0,0.0,0.0,1.0,-300.0,0.0,0.0,0.0
11.930400000000008,0.025457255257770033,dol,dol,dol,-0.01,0.015,0.14,0.01,0.16,0.0,0.0,0.0,0.0,0.0,0.0,-300.0,0.011,0.0,0.0
11.930400000000008,0.025454956529641262,dol,dol,dol,-0.01,0.015,0.14,0.01,0.16,0.0,0.0,0.0,0.0,0.0,1.0,-300.0,0.011,0.0,0.0
11.930400000000008,0.025457255257770033,dol,dol,dol,-0.01,0.015,0.14,0.01,0.16,0.0,0.004,0.0,0.0,0.0,0.0,-300.0,0.011,0.0,0.0
11.930400000000008,0.025454956529641262,dol,dol,dol,-0.01,0.015,0.14,0.01,0.16,0.0,0.004,0.0,0.0,0.0,1.0,-300.0,0.011,0.0,0.0
11.933333333333314,0.01547865124998036,dol,dol,dol,0.01,0.0,0.0,0.0,0.16,0.003,0.0,0.0,0.0,0.0,0.0,-300.0,0.0,0.0,0.0
11.933333333333314,0.015482283641011771,dol,dol,dol,0.01,0.0,0.0,0.0,0.16,0.003,0.004,0.0,0.0,0.0,0.0,-300.0,0.0,0.0,0.0
11.936666666666632,0.020815247119999956,dol,sqrt,rank,0.0,0.015,0.0,0.03,0.12,1.6,0.0,0.0,0.0,0.0,0.0,0.0,0.0,0.0,0.0
11.93666666666667,0.020892078617575673,dol,dol,rank,0.01,0.015,0.14,0.0,0.2,1.6,0.2,0.0,0.0,0.0,0.0,0.0,0.0,0.0,0.0
11.93666666666667,0.018468199436990174,dol,dol,dol,0.01,0.015,0.045,0.01,0.2,0.008,0.0,0.0,0.0,0.0,1.0,0.0,0.0,0.0,0.0
11.93666666666667,0.018468199436990174,dol,dol,dol,0.01,0.015,0.045,0.01,0.2,0.008,0.004,0.0,0.0,0.0,1.0,0.0,0.0,0.0,0.0
11.93666666666667,0.01613258060916204,sqrt,dol,dol,0.01,0.015,0.045,0.03,0.2,0.003,0.0,0.0,0.0,0.0,1.0,-300.0,0.0,0.0,0.0
11.93666666666667,0.01613258060916204,sqrt,dol,dol,0.01,0.015,0.045,0.03,0.2,0.003,0.004,0.0,0.0,0.0,1.0,-300.0,0.0,0.0,0.0
11.938399999999971,0.017768675102237876,dol,dol,dol,0.01,0.015,0.0,0.03,0.26,1.2,0.0,0.0,0.0,0.0,0.0,0.0,0.0,0.0,0.0
11.939999999999987,0.014166006444746249,dol,dol,dol,0.0,0.015,0.045,0.0,0.2,0.9,0.0,0.0,0.0,0.0,0.0,0.0,0.0,0.0,0.0
11.939999999999987,0.019950908604576073,dol,sqrt,dol,0.0,0.0,0.045,0.01,0.16,1.2,0.0,0.0,0.0,0.0,0.0,0.0,0.0,0.0,0.0
11.939999999999987,0.018476677954172988,dol,dol,dol,0.01,0.015,0.045,0.01,0.2,0.008,0.0,0.0,0.0,0.0,0.0,0.0,0.0,0.0,0.0
11.939999999999987,0.018476677954172988,dol,dol,dol,0.01,0.015,0.045,0.01,0.2,0.008,0.004,0.0,0.0,0.0,0.0,0.0,0.0,0.0,0.0
11.940000000000024,0.020139401442059907,dol,dol,dol,0.01,0.0,0.085,0.0,0.16,0.6,0.2,0.0,0.0,0.0,0.0,0.0,0.0,0.0,0.0
11.943333333333342,0.016087994536990072,sqrt,dol,dol,0.0,0.0,0.085,0.0,0.16,0.008,0.0,0.0,0.0,0.0,1.0,-300.0,0.0,0.0,0.0
11.943333333333342,0.016086025959981078,sqrt,dol,dol,0.0,0.0,0.085,0.0,0.16,0.008,0.004,0.0,0.0,0.0,1.0,-300.0,0.0,0.0,0.0
11.94666666666666,0.0161229529300679,dol,dol,dol,0.0,0.0,0.045,0.0,0.2,1.2,0.2,0.0,0.0,0.0,0.0,0.0,0.0,0.0,0.0
11.94666666666666,0.01607853985216872,sqrt,dol,dol,0.0,0.0,0.085,0.0,0.16,0.008,0.004,0.0,0.0,0.0,0.0,-300.0,0.0,0.0,0.0
11.94999999999998,0.014994100348445678,sqrt,dol,dol,0.0,0.0,0.085,0.0,0.16,0.008,0.0,0.0,0.0,0.0,0.0,0.0,0.0,0.0,0.0
11.94999999999998,0.016087619511772264,sqrt,dol,dol,0.0,0.0,0.085,0.0,0.16,0.008,0.0,0.0,0.0,0.0,0.0,-300.0,0.0,0.0,0.0
11.94999999999998,0.014994100348445678,sqrt,dol,dol,0.0,0.0,0.085,0.0,0.16,0.008,0.004,0.0,0.0,0.0,0.0,0.0,0.0,0.0,0.0
11.950000000000015,0.016136557278887423,sqrt,dol,dol,0.01,0.015,0.045,0.03,0.2,0.003,0.0,0.0,0.0,0.0,0.0,-300.0,0.0,0.0,0.0
11.950000000000015,0.016136557278887423,sqrt,dol,dol,0.01,0.015,0.045,0.03,0.2,0.003,0.004,0.0,0.0,0.0,0.0,-300.0,0.0,0.0,0.0
11.953333333333335,0.014994362498643972,sqrt,dol,dol,0.0,0.0,0.085,0.0,0.16,0.008,0.004,0.0,0.0,0.0,1.0,0.0,0.0,0.0,0.0
11.95666666666669,0.01855707713854544,dol,dol,dol,0.01,0.015,0.045,0.01,0.2,0.003,0.0,0.0,0.0,0.0,0.0,0.0,0.0,0.0,0.0
11.95666666666669,0.01855707713854544,dol,dol,dol,0.01,0.015,0.045,0.01,0.2,0.003,0.004,0.0,0.0,0.0,0.0,0.0,0.0,0.0,0.0
11.95666666666669,0.016120582199301743,sqrt,dol,dol,0.01,0.015,0.045,0.03,0.2,0.0,0.0,0.0,0.0,0.0,1.0,-300.0,0.0,0.0,0.0
11.95666666666669,0.016120582199301743,sqrt,dol,dol,0.01,0.015,0.045,0.03,0.2,0.0,0.004,0.0,0.0,0.0,1.0,-300.0,0.0,0.0,0.0
11.960000000000008,0.015005340706018767,sqrt,dol,dol,0.0,0.0,0.085,0.0,0.16,0.008,0.0,0.0,0.0,0.0,1.0,0.0,0.0,0.0,0.0
11.963333333333326,0.015482680577078755,dol,dol,dol,-0.01,0.015,0.085,0.03,0.2,1.6,0.2,0.0,0.0,0.0,0.0,0.0,0.0,0.0,0.0
11.966666666666661,0.017073696579501724,dol,sqrt,rank,0.01,0.015,0.0,0.03,0.12,1.6,0.0,0.0,0.0,0.0,0.0,0.0,0.0,0.0,0.0
11.966666666666681,0.019157227668061105,dol,dol,dol,0.01,0.0,0.085,0.01,0.2,0.9,0.2,0.0,0.0,0.0,0.0,0.0,0.0,0.0,0.0
11.966666666666681,0.018598879558049047,dol,dol,dol,0.01,0.015,0.045,0.01,0.2,0.0,0.0,0.0,0.0,0.0,0.0,0.0,0.011,0.0,0.0
11.966666666666681,0.018598879558049047,dol,dol,dol,0.01,0.015,0.045,0.01,0.2,0.0,0.004,0.0,0.0,0.0,0.0,0.0,0.011,0.0,0.0
11.966666666666681,0.016133834131345774,sqrt,dol,dol,0.01,0.015,0.045,0.03,0.2,0.0,0.0,0.0,0.0,0.0,0.0,-300.0,0.0,0.0,0.0
11.966666666666681,0.016133834131345774,sqrt,dol,dol,0.01,0.015,0.045,0.03,0.2,0.0,0.004,0.0,0.0,0.0,0.0,-300.0,0.0,0.0,0.0
11.973333333333354,0.018604400835405696,dol,dol,dol,0.01,0.015,0.045,0.01,0.2,0.0,0.0,0.0,0.0,0.0,1.0,0.0,0.011,0.0,0.0
11.973333333333354,0.018604400835405696,dol,dol,dol,0.01,0.015,0.045,0.01,0.2,0.0,0.004,0.0,0.0,0.0,1.0,0.0,0.011,0.0,0.0
11.973333333333354,0.018565196273313864,dol,dol,dol,0.01,0.015,0.045,0.01,0.2,0.003,0.0,0.0,0.0,0.0,1.0,0.0,0.0,0.0,0.0
11.973333333333354,0.018565196273313864,dol,dol,dol,0.01,0.015,0.045,0.01,0.2,0.003,0.004,0.0,0.0,0.0,1.0,0.0,0.0,0.0,0.0
11.97999999999999,0.01859376944829359,dol,dol,dol,0.01,0.015,0.045,0.01,0.2,0.0,0.0,0.0,0.0,0.0,0.0,0.0,0.0,0.0,0.0
11.97999999999999,0.01859376944829359,dol,dol,dol,0.01,0.015,0.045,0.01,0.2,0.0,0.004,0.0,0.0,0.0,0.0,0.0,0.0,0.0,0.0
11.980000000000027,0.014816471742249874,dol,sqrt,dol,0.01,0.015,0.0,0.03,0.16,0.9,0.0,0.0,0.0,0.0,0.0,0.0,0.0,0.0,0.0
11.982399999999993,0.01737822160061264,dol,dol,dol,0.01,0.015,0.0,0.01,0.2,0.9,0.0,0.0,0.0,0.0,0.0,0.0,0.0,0.0,0.0
11.98333333333331,0.016521754886165037,dol,sqrt,rank,0.01,0.015,0.045,0.0,0.12,0.6,0.0,0.0,0.0,0.0,0.0,0.0,0.0,0.0,0.0
11.983333333333327,0.01858823267952465,dol,dol,rank,0.01,0.0,0.14,0.0,0.16,1.2,0.2,0.0,0.0,0.0,0.0,0.0,0.0,0.0,0.0
11.983333333333345,0.017369081962562732,dol,sqrt,rank,0.0,0.015,0.085,0.03,0.12,0.9,0.0,0.0,0.0,0.0,0.0,0.0,0.0,0.0,0.0
11.986666666666665,0.014673897942088013,dol,dol,dol,0.0,0.0,0.045,0.01,0.16,1.2,0.2,0.0,0.0,0.0,0.0,0.0,0.0,0.0,0.0
11.986666666666665,0.015600670429563335,dol,dol,dol,0.01,0.0,0.0,0.0,0.16,0.0,0.0,0.0,0.0,0.0,0.0,-300.0,0.0,0.0,0.0
11.986666666666665,0.015600670429563335,dol,dol,dol,0.01,0.0,0.0,0.0,0.16,0.0,0.004,0.0,0.0,0.0,0.0,-300.0,0.0,0.0,0.0
11.993333333333338,0.018607294290541424,dol,dol,dol,0.0,0.0,0.085,0.0,0.16,1.2,0.2,0.0,0.0,0.0,0.0,0.0,0.0,0.0,0.0
11.993333333333338,0.020973413401344652,dol,dol,rank,0.0,0.0,0.14,0.03,0.16,1.6,0.0,0.0,0.0,0.0,0.0,0.0,0.0,0.0,0.0
11.993333333333338,0.019417274823093876,dol,dol,rank,0.01,0.0,0.045,0.03,0.16,1.2,0.2,0.0,0.0,0.0,0.0,0.0,0.0,0.0,0.0
11.993333333333338,0.021277657210566445,sqrt,dol,dol,0.01,0.015,0.085,0.03,0.26,0.6,0.0,0.0,0.0,0.0,0.0,0.0,0.0,0.0,0.0
11.993333333333338,0.018606788070387008,dol,dol,dol,0.01,0.015,0.045,0.01,0.2,0.0,0.0,0.0,0.0,0.0,1.0,0.0,0.0,0.0,0.0
11.993333333333338,0.018606788070387008,dol,dol,dol,0.01,0.015,0.045,0.01,0.2,0.0,0.004,0.0,0.0,0.0,1.0,0.0,0.0,0.0,0.0
11.993333333333338,0.01560335230125363,dol,dol,dol,0.01,0.0,0.0,0.0,0.16,0.0,0.0,0.0,0.0,0.0,1.0,-300.0,0.0,0.0,0.0
11.993333333333338,0.01560335230125363,dol,dol,dol,0.01,0.0,0.0,0.0,0.16,0.0,0.004,0.0,0.0,0.0,1.0,-300.0,0.0,0.0,0.0
12.00239999999999,0.0178857522253515,dol,dol,dol,0.01,0.015,0.0,0.03,0.2,0.9,0.2,0.0,0.0,0.0,0.0,0.0,0.0,0.0,0.0
12.003333333333329,0.016467992076663038,dol,dol,dol,0.01,0.015,0.085,0.01,0.2,0.6,0.2,0.0,0.0,0.0,0.0,0.0,0.0,0.0,0.0
12.003333333333329,0.015607049359302483,dol,dol,dol,0.01,0.0,0.0,0.0,0.16,0.0,0.0,0.0,0.0,0.0,1.0,-300.0,0.011,0.0,0.0
12.003333333333329,0.015607049359302483,dol,dol,dol,0.01,0.0,0.0,0.0,0.16,0.0,0.004,0.0,0.0,0.0,1.0,-300.0,0.011,0.0,0.0
12.006666666666646,0.015599776733919879,dol,dol,dol,0.01,0.0,0.0,0.0,0.16,0.0,0.0,0.0,0.0,0.0,0.0,-300.0,0.011,0.0,0.0
12.006666666666646,0.015599776733919879,dol,dol,dol,0.01,0.0,0.0,0.0,0.16,0.0,0.004,0.0,0.0,0.0,0.0,-300.0,0.011,0.0,0.0
12.006666666666666,0.01650371442141749,dol,sqrt,rank,0.01,0.015,0.045,0.01,0.12,1.6,0.0,0.0,0.0,0.0,0.0,0.0,0.0,0.0,0.0
12.006666666666684,0.022904807357279244,dol,dol,dol,0.01,0.0,0.0,0.03,0.16,0.6,0.2,0.0,0.0,0.0,0.0,0.0,0.0,0.0,0.0
12.010000000000002,0.013335034560912855,dol,dol,dol,0.0,0.015,0.045,0.0,0.2,0.6,0.2,0.0,0.0,0.0,0.0,0.0,0.0,0.0,0.0
12.01333333333332,0.0154071695215788,dol,dol,dol,-0.01,0.0,0.14,0.03,0.16,0.6,0.2,0.0,0.0,0.0,0.0,0.0,0.0,0.0,0.0
12.013333333333339,0.01707286348218955,dol,sqrt,rank,0.0,0.0,0.085,0.03,0.12,1.6,0.0,0.0,0.0,0.0,0.0,0.0,0.0,0.0,0.0
12.029999999999985,0.015181900995983731,sqrt,dol,dol,0.0,0.0,0.085,0.0,0.16,0.003,0.0,0.0,0.0,0.0,1.0,0.0,0.0,0.0,0.0
12.029999999999985,0.015181900995983731,sqrt,dol,dol,0.0,0.0,0.085,0.0,0.16,0.003,0.004,0.0,0.0,0.0,1.0,0.0,0.0,0.0,0.0
12.036666666666658,0.01365713597490472,dol,dol,rank,0.01,0.0,0.14,0.03,0.2,0.9,0.2,0.0,0.0,0.0,0.0,0.0,0.0,0.0,0.0
12.036666666666658,0.015182819264379557,sqrt,dol,dol,0.0,0.0,0.085,0.0,0.16,0.003,0.0,0.0,0.0,0.0,0.0,0.0,0.0,0.0,0.0
12.036666666666658,0.015182819264379557,sqrt,dol,dol,0.0,0.0,0.085,0.0,0.16,0.003,0.004,0.0,0.0,0.0,0.0,0.0,0.0,0.0,0.0
12.040000000000013,0.01983521851171313,dol,sqrt,dol,0.0,0.0,0.045,0.03,0.16,0.6,0.0,0.0,0.0,0.0,0.0,0.0,0.0,0.0,0.0
12.043333333333331,0.016608960747473357,dol,sqrt,rank,0.0,0.015,0.085,0.01,0.12,0.6,0.2,0.0,0.0,0.0,0.0,0.0,0.0,0.0,0.0
12.043333333333331,0.01630139139937311,sqrt,dol,dol,0.0,0.0,0.085,0.0,0.16,0.003,0.0,0.0,0.0,0.0,0.0,-300.0,0.0,0.0,0.0
12.043333333333331,0.01630139139937311,sqrt,dol,dol,0.0,0.0,0.085,0.0,0.16,0.003,0.004,0.0,0.0,0.0,0.0,-300.0,0.0,0.0,0.0
12.043600000000021,0.016528067801750417,dol,dol,dol,0.01,0.015,0.045,0.01,0.2,0.9,0.0,0.0,0.0,0.0,0.0,0.0,0.0,0.0,0.0
12.046399999999968,0.021796162575945247,dol,dol,dol,0.01,0.015,0.0,0.03,0.2,1.6,0.0,0.0,0.0,0.0,0.0,0.0,0.0,0.0,0.0
12.046666666666649,0.016291740399946814,sqrt,dol,dol,0.0,0.0,0.085,0.0,0.16,0.003,0.0,0.0,0.0,0.0,1.0,-300.0,0.0,0.0,0.0
12.046666666666649,0.016291740399946814,sqrt,dol,dol,0.0,0.0,0.085,0.0,0.16,0.003,0.004,0.0,0.0,0.0,1.0,-300.0,0.0,0.0,0.0
12.050000000000004,0.024937511728021014,dol,dol,dol,-0.01,0.015,0.085,0.0,0.12,1.2,0.0,0.0,0.0,0.0,0.0,0.0,0.0,0.0,0.0
12.050000000000004,0.020992529096129687,dol,dol,dol,-0.01,0.015,0.085,0.0,0.16,1.2,0.2,0.0,0.0,0.0,0.0,0.0,0.0,0.0,0.0
12.050000000000004,0.019367851639020568,dol,dol,dol,-0.01,0.015,0.14,0.0,0.16,0.6,0.2,0.0,0.0,0.0,0.0,0.0,0.0,0.0,0.0
12.050000000000004,0.02149068365077708,dol,dol,rank,0.01,0.015,0.085,0.01,0.2,1.6,0.2,0.0,0.0,0.0,0.0,0.0,0.0,0.0,0.0
12.053333333333324,0.025703658438267336,dol,sqrt,dol,0.01,0.0,0.0,0.0,0.12,1.6,0.0,0.0,0.0,0.0,0.0,0.0,0.0,0.0,0.0
12.053333333333324,0.016845952587864914,dol,sqrt,rank,0.01,0.015,0.085,0.0,0.12,1.6,0.0,0.0,0.0,0.0,0.0,0.0,0.0,0.0,0.0
12.05333333333336,0.021037629004908052,dol,dol,dol,-0.01,0.015,0.085,0.0,0.12,0.6,0.2,0.0,0.0,0.0,0.0,0.0,0.0,0.0,0.0
12.056666666666679,0.017416314448325813,dol,sqrt,dol,0.0,0.0,0.045,0.03,0.16,0.9,0.0,0.0,0.0,0.0,0.0,0.0,0.0,0.0,0.0
12.063333333333315,0.012605189763068333,dol,dol,dol,-0.01,0.015,0.085,0.0,0.16,0.6,0.2,0.0,0.0,0.0,0.0,0.0,0.0,0.0,0.0
12.073333333333343,0.021820729204979312,dol,dol,dol,0.0,0.0,0.14,0.03,0.26,1.2,0.0,0.0,0.0,0.0,0.0,0.0,0.0,0.0,0.0
12.073333333333343,0.014240637238654832,dol,dol,rank,0.01,0.0,0.14,0.01,0.16,0.008,0.004,0.0,0.0,0.0,0.0,0.0,0.0,0.0,0.0
12.07666666666666,0.015263364759376546,sqrt,dol,dol,0.0,0.0,0.085,0.0,0.16,0.0,0.0,0.0,0.0,0.0,0.0,0.0,0.0,0.0,0.0
12.07666666666666,0.015263364759376546,sqrt,dol,dol,0.0,0.0,0.085,0.0,0.16,0.0,0.004,0.0,0.0,0.0,0.0,0.0,0.0,0.0,0.0
12.079999999999979,0.015265268254730699,sqrt,dol,dol,0.0,0.0,0.085,0.0,0.16,0.0,0.0,0.0,0.0,0.0,1.0,0.0,0.0,0.0,0.0
12.079999999999979,0.015265268254730699,sqrt,dol,dol,0.0,0.0,0.085,0.0,0.16,0.0,0.004,0.0,0.0,0.0,1.0,0.0,0.0,0.0,0.0
12.079999999999979,0.014247333320335438,dol,dol,rank,0.01,0.0,0.14,0.01,0.16,0.008,0.0,0.0,0.0,0.0,0.0,0.0,0.0,0.0,0.0
12.080000000000016,0.022176195714557773,dol,sqrt,dol,-0.01,0.015,0.085,0.01,0.12,0.6,0.0,0.0,0.0,0.0,0.0,0.0,0.0,0.0,0.0
12.083333333333334,0.01640280048582491,sqrt,dol,dol,0.0,0.0,0.085,0.0,0.16,0.0,0.0,0.0,0.0,0.0,1.0,-300.0,0.0,0.0,0.0
12.083333333333334,0.01640280048582491,sqrt,dol,dol,0.0,0.0,0.085,0.0,0.16,0.0,0.004,0.0,0.0,0.0,1.0,-300.0,0.0,0.0,0.0
12.083333333333334,0.014247931652361701,dol,dol,rank,0.01,0.0,0.14,0.01,0.16,0.008,0.004,0.0,0.0,0.0,1.0,0.0,0.0,0.0,0.0
12.086666666666654,0.014249076151989122,dol,dol,rank,0.01,0.0,0.14,0.01,0.16,0.008,0.0,0.0,0.0,0.0,1.0,0.0,0.0,0.0,0.0
12.087599999999998,0.018498223420201822,dol,dol,dol,0.01,0.015,0.045,0.03,0.2,0.6,0.2,0.0,0.0,0.0,0.0,0.0,0.0,0.0,0.0
12.093333333333307,0.0188271556062572,sqrt,dol,dol,0.01,0.0,0.045,0.01,0.2,1.2,0.0,0.0,0.0,0.0,0.0,0.0,0.0,0.0,0.0
12.093333333333327,0.020995189221448926,dol,dol,dol,0.01,0.0,0.045,0.0,0.2,1.6,0.2,0.0,0.0,0.0,0.0,0.0,0.0,0.0,0.0
12.093333333333364,0.017571833924820767,dol,dol,dol,0.01,0.0,0.085,0.0,0.16,0.9,0.0,0.0,0.0,0.0,0.0,0.0,0.0,0.0,0.0
12.1,0.023621225688711348,dol,sqrt,dol,0.0,0.015,0.045,0.03,0.16,0.9,0.2,0.0,0.0,0.0,0.0,0.0,0.0,0.0,0.0
12.1,0.014603640365536458,sqrt,dol,dol,0.01,0.015,0.0,0.0,0.16,0.9,0.0,0.0,0.0,0.0,0.0,0.0,0.0,0.0,0.0
12.1,0.01641849136165052,sqrt,dol,dol,0.0,0.0,0.085,0.0,0.16,0.0,0.0,0.0,0.0,0.0,0.0,-300.0,0.0,0.0,0.0
12.1,0.01641849136165052,sqrt,dol,dol,0.0,0.0,0.085,0.0,0.16,0.0,0.004,0.0,0.0,0.0,0.0,-300.0,0.0,0.0,0.0
12.106666666666635,0.020127976754314415,dol,dol,rank,0.01,0.0,0.14,0.01,0.16,0.6,0.0,0.0,0.0,0.0,0.0,0.0,0.0,0.0,0.0
12.10999999999999,0.01968650368860559,dol,dol,dol,0.01,0.015,0.085,0.03,0.26,1.2,0.2,0.0,0.0,0.0,0.0,0.0,0.0,0.0,0.0
12.10999999999999,0.022197740260365844,dol,dol,rank,0.0,0.015,0.14,0.01,0.2,1.6,0.2,0.0,0.0,0.0,0.0,0.0,0.0,0.0,0.0
12.113333333333328,0.01854516337265646,dol,dol,rank,0.01,0.015,0.14,0.0,0.16,1.2,0.2,0.0,0.0,0.0,0.0,0.0,0.0,0.0,0.0
12.113333333333346,0.019379568777452193,dol,dol,dol,0.0,0.0,0.045,0.03,0.16,0.9,0.2,0.0,0.0,0.0,0.0,0.0,0.0,0.0,0.0
12.116666666666664,0.019206021993500234,dol,dol,rank,0.01,0.0,0.085,0.0,0.16,1.6,0.0,0.0,0.0,0.0,0.0,0.0,0.0,0.0,0.0
12.116666666666664,0.01770961091025413,dol,sqrt,rank,0.0,0.0,0.085,0.0,0.12,1.2,0.0,0.0,0.0,0.0,0.0,0.0,0.0,0.0,0.0
12.116666666666664,0.01529312111399787,sqrt,dol,dol,0.0,0.0,0.085,0.0,0.16,0.0,0.0,0.0,0.0,0.0,1.0,0.0,0.011,0.0,0.0
12.116666666666664,0.01529312111399787,sqrt,dol,dol,0.0,0.0,0.085,0.0,0.16,0.0,0.004,0.0,0.0,0.0,1.0,0.0,0.011,0.0,0.0
12.120000000000001,0.01910228245233769,sqrt,dol,dol,0.0,0.0,0.0,0.03,0.16,0.9,0.0,0.0,0.0,0.0,0.0,0.0,0.0,0.0,0.0
12.120000000000019,0.01721595403709615,sqrt,dol,dol,0.0,0.0,0.045,0.01,0.16,0.6,0.0,0.0,0.0,0.0,0.0,0.0,0.0,0.0,0.0
12.123333333333301,0.01890879152963272,dol,sqrt,rank,0.01,0.015,0.0,0.03,0.12,0.6,0.0,0.0,0.0,0.0,0.0,0.0,0.0,0.0,0.0
12.123333333333338,0.019536278581521467,dol,dol,rank,0.01,0.015,0.045,0.03,0.16,1.2,0.2,0.0,0.0,0.0,0.0,0.0,0.0,0.0,0.0
12.123333333333338,0.017819699941357053,dol,sqrt,dol,0.0,0.015,0.0,0.03,0.12,1.6,0.0,0.0,0.0,0.0,0.0,0.0,0.0,0.0,0.0
12.123333333333338,0.015306880469374017,sqrt,dol,dol,0.0,0.0,0.085,0.0,0.16,0.0,0.0,0.0,0.0,0.0,0.0,0.0,0.011,0.0,0.0
12.123333333333338,0.015306880469374017,sqrt,dol,dol,0.0,0.0,0.085,0.0,0.16,0.0,0.004,0.0,0.0,0.0,0.0,0.0,0.011,0.0,0.0
12.126666666666656,0.017960704949870322,dol,dol,rank,0.01,0.0,0.14,0.03,0.2,1.6,0.2,0.0,0.0,0.0,0.0,0.0,0.0,0.0,0.0
12.129999999999974,0.015553040029143756,dol,dol,dol,-0.01,0.015,0.045,0.03,0.2,1.2,0.2,0.0,0.0,0.0,0.0,0.0,0.0,0.0,0.0
12.13333333333333,0.019404520838272783,dol,dol,dol,-0.01,0.015,0.045,0.03,0.2,0.6,0.0,0.0,0.0,0.0,0.0,0.0,0.0,0.0,0.0
12.13333333333333,0.0184573012974591,dol,dol,dol,0.01,0.015,0.045,0.01,0.2,0.008,0.0,0.0,0.0,0.0,1.0,-300.0,0.0,0.0,0.0
12.13333333333333,0.0184573012974591,dol,dol,dol,0.01,0.015,0.045,0.01,0.2,0.008,0.004,0.0,0.0,0.0,1.0,-300.0,0.0,0.0,0.0
12.136666666666665,0.01513859725142131,sqrt,dol,dol,0.01,0.0,0.045,0.01,0.16,0.6,0.0,0.0,0.0,0.0,0.0,0.0,0.0,0.0,0.0
12.140000000000002,0.017546464202226063,dol,sqrt,rank,0.0,0.015,0.14,0.01,0.12,1.6,0.0,0.0,0.0,0.0,0.0,0.0,0.0,0.0,0.0
12.140000000000002,0.018461409261644298,dol,dol,dol,0.01,0.015,0.045,0.01,0.2,0.008,0.0,0.0,0.0,0.0,0.0,-300.0,0.0,0.0,0.0
12.140000000000002,0.018461409261644298,dol,dol,dol,0.01,0.015,0.045,0.01,0.2,0.008,0.004,0.0,0.0,0.0,0.0,-300.0,0.0,0.0,0.0
12.14333333333332,0.021558077803751262,dol,sqrt,rank,0.0,0.015,0.045,0.0,0.12,1.6,0.0,0.0,0.0,0.0,0.0,0.0,0.0,0.0,0.0
12.14333333333332,0.01645836768153941,sqrt,dol,dol,0.0,0.0,0.085,0.0,0.16,0.0,0.0,0.0,0.0,0.0,0.0,-300.0,0.011,0.0,0.0
12.14333333333332,0.01645887058138604,sqrt,dol,dol,0.0,0.0,0.085,0.0,0.16,0.0,0.0,0.0,0.0,0.0,1.0,-300.0,0.011,0.0,0.0
12.14333333333332,0.01645836768153941,sqrt,dol,dol,0.0,0.0,0.085,0.0,0.16,0.0,0.004,0.0,0.0,0.0,0.0,-300.0,0.011,0.0,0.0
12.14333333333332,0.01645887058138604,sqrt,dol,dol,0.0,0.0,0.085,0.0,0.16,0.0,0.004,0.0,0.0,0.0,1.0,-300.0,0.011,0.0,0.0
12.146666666666638,0.016108281585247672,dol,dol,rank,0.01,0.0,0.14,0.01,0.2,1.2,0.2,0.0,0.0,0.0,0.0,0.0,0.0,0.0,0.0
12.147599999999992,0.02015092022712609,dol,dol,dol,0.01,0.0,0.045,0.01,0.16,0.6,0.0,0.0,0.0,0.0,0.0,0.0,0.0,0.0,0.0
12.149999999999993,0.015469440654016819,dol,sqrt,dol,0.0,0.0,0.045,0.01,0.12,1.6,0.0,0.0,0.0,0.0,0.0,0.0,0.0,0.0,0.0
12.153333333333313,0.017737355832421177,dol,sqrt,rank,0.01,0.015,0.0,0.0,0.12,1.2,0.0,0.0,0.0,0.0,0.0,0.0,0.0,0.0,0.0
12.156666666666668,0.016507956894019776,dol,dol,dol,0.01,0.015,0.085,0.0,0.16,0.6,0.0,0.0,0.0,0.0,0.0,0.0,0.0,0.0,0.0
12.159999999999986,0.020022648215347428,dol,dol,rank,0.0,0.0,0.14,0.01,0.16,1.6,0.0,0.0,0.0,0.0,0.0,0.0,0.0,0.0,0.0
12.163333333333304,0.01605413467222925,dol,dol,dol,-0.01,0.015,0.045,0.03,0.2,0.6,0.2,0.0,0.0,0.0,0.0,0.0,0.0,0.0,0.0
12.166666666666659,0.013224122321923099,dol,dol,dol,-0.01,0.015,0.085,0.0,0.16,0.6,0.0,0.0,0.0,0.0,0.0,0.0,0.0,0.0,0.0
12.166666666666659,0.018523553156874498,sqrt,dol,dol,0.0,0.0,0.045,0.03,0.2,0.6,0.0,0.0,0.0,0.0,0.0,0.0,0.0,0.0,0.0
12.170000000000014,0.01854348215531388,dol,dol,dol,0.01,0.015,0.045,0.01,0.2,0.003,0.0,0.0,0.0,0.0,1.0,-300.0,0.0,0.0,0.0
12.170000000000014,0.01854348215531388,dol,dol,dol,0.01,0.015,0.045,0.01,0.2,0.003,0.004,0.0,0.0,0.0,1.0,-300.0,0.0,0.0,0.0
12.173333333333332,0.018578538476584368,dol,sqrt,rank,-0.01,0.0,0.14,0.01,0.12,1.2,0.0,0.0,0.0,0.0,0.0,0.0,0.0,0.0,0.0
12.173333333333332,0.018631015401445218,dol,dol,dol,0.01,0.015,0.045,0.01,0.2,0.0,0.0,0.0,0.0,0.0,0.0,-300.0,0.011,0.0,0.0
12.173333333333332,0.018631015401445218,dol,dol,dol,0.01,0.015,0.045,0.01,0.2,0.0,0.004,0.0,0.0,0.0,0.0,-300.0,0.011,0.0,0.0
12.173333333333332,0.01854418950826696,dol,dol,dol,0.01,0.015,0.045,0.01,0.2,0.003,0.0,0.0,0.0,0.0,0.0,-300.0,0.0,0.0,0.0
12.173333333333332,0.01854418950826696,dol,dol,dol,0.01,0.015,0.045,0.01,0.2,0.003,0.004,0.0,0.0,0.0,0.0,-300.0,0.0,0.0,0.0
12.173333333333332,0.014327600949320254,dol,dol,rank,0.01,0.0,0.14,0.01,0.16,0.003,0.0,0.0,0.0,0.0,1.0,0.0,0.0,0.0,0.0
12.173333333333332,0.014328091938307502,dol,dol,rank,0.01,0.0,0.14,0.01,0.16,0.003,0.004,0.0,0.0,0.0,1.0,0.0,0.0,0.0,0.0
12.176666666666687,0.01863904623414295,dol,dol,dol,0.01,0.015,0.045,0.01,0.2,0.0,0.0,0.0,0.0,0.0,1.0,-300.0,0.011,0.0,0.0
12.176666666666687,0.01863904623414295,dol,dol,dol,0.01,0.015,0.045,0.01,0.2,0.0,0.004,0.0,0.0,0.0,1.0,-300.0,0.011,0.0,0.0
12.179999999999987,0.017472415765047107,dol,sqrt,rank,0.0,0.015,0.085,0.03,0.12,1.6,0.0,0.0,0.0,0.0,0.0,0.0,0.0,0.0,0.0
12.180000000000005,0.02117348422315393,dol,dol,dol,0.0,0.0,0.14,0.03,0.26,1.6,0.0,0.0,0.0,0.0,0.0,0.0,0.0,0.0,0.0
12.180000000000005,0.016390187830257183,dol,dol,dol,0.01,0.0,0.085,0.03,0.2,0.6,0.0,0.0,0.0,0.0,0.0,0.0,0.0,0.0,0.0
12.180000000000005,0.019860333183210906,sqrt,dol,dol,-0.01,0.015,0.045,0.03,0.16,0.9,0.0,0.0,0.0,0.0,0.0,0.0,0.0,0.0,0.0
12.180000000000005,0.01433246426564272,dol,dol,rank,0.01,0.0,0.14,0.01,0.16,0.003,0.0,0.0,0.0,0.0,0.0,0.0,0.0,0.0,0.0
12.180000000000005,0.01433230999189256,dol,dol,rank,0.01,0.0,0.14,0.01,0.16,0.003,0.004,0.0,0.0,0.0,0.0,0.0,0.0,0.0,0.0
12.183333333333323,0.020240232982482807,dol,dol,rank,0.01,0.0,0.14,0.01,0.16,0.9,0.0,0.0,0.0,0.0,0.0,0.0,0.0,0.0,0.0
12.186666666666643,0.015435218653744056,dol,dol,rank,0.01,0.015,0.14,0.0,0.16,0.6,0.2,0.0,0.0,0.0,0.0,0.0,0.0,0.0,0.0
12.193333333333316,0.015891477429392415,dol,dol,dol,-0.01,0.0,0.085,0.01,0.16,0.008,0.004,0.0,0.0,0.0,1.0,0.0,0.0,0.0,0.0
12.193333333333353,0.017689571380608123,dol,sqrt,dol,0.01,0.0,0.0,0.03,0.16,1.2,0.0,0.0,0.0,0.0,0.0,0.0,0.0,0.0,0.0
12.193333333333353,0.01585838231673406,sqrt,dol,dol,0.01,0.015,0.0,0.03,0.2,0.9,0.0,0.0,0.0,0.0,0.0,0.0,0.0,0.0,0.0
12.193333333333353,0.024450908762934216,sqrt,dol,dol,0.01,0.015,0.085,0.03,0.26,0.6,0.2,0.0,0.0,0.0,0.0,0.0,0.0,0.0,0.0
12.196666666666633,0.015236917766957871,dol,dol,dol,0.0,0.0,0.045,0.0,0.2,0.9,0.2,0.0,0.0,0.0,0.0,0.0,0.0,0.0,0.0
12.19666666666667,0.017565333980652097,dol,dol,dol,0.01,0.015,0.0,0.03,0.26,0.9,0.0,0.0,0.0,0.0,0.0,0.0,0.0,0.0,0.0
12.19666666666667,0.01589538444771754,dol,dol,dol,-0.01,0.0,0.085,0.01,0.16,0.008,0.0,0.0,0.0,0.0,1.0,0.0,0.0,0.0,0.0
12.19666666666667,0.01588816415052646,dol,dol,dol,-0.01,0.0,0.085,0.01,0.16,0.008,0.004,0.0,0.0,0.0,0.0,0.0,0.0,0.0,0.0
12.199999999999989,0.01861883654120601,dol,dol,dol,0.01,0.015,0.045,0.01,0.2,0.0,0.0,0.0,0.0,0.0,1.0,-300.0,0.0,0.0,0.0
12.199999999999989,0.01861883654120601,dol,dol,dol,0.01,0.015,0.045,0.01,0.2,0.0,0.004,0.0,0.0,0.0,1.0,-300.0,0.0,0.0,0.0
12.199999999999989,0.015890171924110116,dol,dol,dol,-0.01,0.0,0.085,0.01,0.16,0.008,0.0,0.0,0.0,0.0,0.0,0.0,0.0,0.0,0.0
12.203333333333324,0.018604278203721885,dol,sqrt,dol,0.0,0.0,0.0,0.01,0.12,0.9,0.2,0.0,0.0,0.0,0.0,0.0,0.0,0.0,0.0
12.203333333333344,0.021184849986793947,dol,dol,dol,0.0,0.015,0.14,0.01,0.2,1.2,0.0,0.0,0.0,0.0,0.0,0.0,0.0,0.0,0.0
12.203333333333344,0.01861769001663621,dol,dol,dol,0.01,0.015,0.045,0.01,0.2,0.0,0.0,0.0,0.0,0.0,0.0,-300.0,0.0,0.0,0.0
12.203333333333344,0.01861769001663621,dol,dol,dol,0.01,0.015,0.045,0.01,0.2,0.0,0.004,0.0,0.0,0.0,0.0,-300.0,0.0,0.0,0.0
12.20999999999998,0.014357319003315447,dol,dol,rank,0.01,0.0,0.14,0.01,0.16,0.0,0.0,0.0,0.0,0.0,1.0,0.0,0.0,0.0,0.0
12.20999999999998,0.014357319003315447,dol,dol,rank,0.01,0.0,0.14,0.01,0.16,0.0,0.004,0.0,0.0,0.0,1.0,0.0,0.0,0.0,0.0
12.213333333333335,0.01663005225042459,dol,dol,dol,0.01,0.015,0.0,0.0,0.16,1.6,0.0,0.0,0.0,0.0,0.0,0.0,0.0,0.0,0.0
12.213333333333335,0.015778042058037015,sqrt,dol,dol,0.01,0.015,0.045,0.03,0.2,0.9,0.0,0.0,0.0,0.0,0.0,0.0,0.0,0.0,0.0
12.213333333333335,0.016624699565093798,dol,dol,dol,-0.01,0.0,0.085,0.01,0.16,0.008,0.0,0.0,0.0,0.0,0.0,-300.0,0.0,0.0,0.0
12.216666666666653,0.016623297553600966,dol,dol,dol,-0.01,0.0,0.085,0.01,0.16,0.008,0.004,0.0,0.0,0.0,0.0,-300.0,0.0,0.0,0.0
12.21666666666669,0.02172927509997446,dol,dol,rank,0.01,0.0,0.14,0.0,0.2,1.6,0.2,0.0,0.0,0.0,0.0,0.0,0.0,0.0,0.0
12.219999999999972,0.014974820325392135,dol,dol,rank,0.01,0.015,0.14,0.01,0.2,1.6,0.0,0.0,0.0,0.0,0.0,0.0,0.0,0.0,0.0
12.220000000000008,0.017836660003321084,dol,sqrt,dol,0.0,0.0,0.0,0.03,0.16,1.2,0.0,0.0,0.0,0.0,0.0,0.0,0.0,0.0,0.0
12.223333333333308,0.015520690971159172,sqrt,dol,dol,0.01,0.0,0.0,0.03,0.2,1.2,0.0,0.0,0.0,0.0,0.0,0.0,0.0,0.0,0.0
12.223333333333327,0.01749860005194066,dol,dol,dol,0.01,0.0,0.085,0.01,0.2,0.6,0.2,0.0,0.0,0.0,0.0,0.0,0.0,0.0,0.0
12.223333333333327,0.018853901317469782,sqrt,dol,dol,-0.01,0.0,0.085,0.03,0.2,1.2,0.0,0.0,0.0,0.0,0.0,0.0,0.0,0.0,0.0
12.223333333333327,0.018156450625971265,sqrt,dol,dol,0.01,0.0,0.0,0.03,0.2,0.6,0.0,0.0,0.0,0.0,0.0,0.0,0.0,0.0,0.0
12.223333333333327,0.016626804198397585,dol,dol,dol,-0.01,0.0,0.085,0.01,0.16,0.008,0.0,0.0,0.0,0.0,1.0,-300.0,0.0,0.0,0.0
12.223333333333327,0.01662469738181832,dol,dol,dol,-0.01,0.0,0.085,0.01,0.16,0.008,0.004,0.0,0.0,0.0,1.0,-300.0,0.0,0.0,0.0
12.226666666666645,0.014371020508107424,dol,dol,rank,0.01,0.0,0.14,0.01,0.16,0.0,0.0,0.0,0.0,0.0,0.0,0.0,0.0,0.0,0.0
12.226666666666645,0.014371020508107424,dol,dol,rank,0.01,0.0,0.14,0.01,0.16,0.0,0.004,0.0,0.0,0.0,0.0,0.0,0.0,0.0,0.0
12.23,0.020105210363927508,dol,dol,rank,0.0,0.015,0.14,0.0,0.16,1.2,0.2,0.0,0.0,0.0,0.0,0.0,0.0,0.0,0.0
12.233333333333318,0.014423675447243238,dol,dol,rank,0.01,0.0,0.14,0.01,0.16,0.008,0.0,0.0,0.0,0.0,0.0,-300.0,0.0,0.0,0.0
12.233333333333318,0.014423594304703203,dol,dol,rank,0.01,0.0,0.14,0.01,0.16,0.008,0.004,0.0,0.0,0.0,0.0,-300.0,0.0,0.0,0.0
12.236666666666654,0.022201354564947567,sqrt,dol,dol,0.0,0.015,0.045,0.03,0.16,0.6,0.0,0.0,0.0,0.0,0.0,0.0,0.0,0.0,0.0
12.236666666666654,0.014576605815865059,sqrt,dol,dol,0.0,0.015,0.045,0.03,0.2,1.2,0.0,0.0,0.0,0.0,0.0,0.0,0.0,0.0,0.0
12.238399999999983,0.017172608660952524,dol,dol,dol,0.01,0.0,0.0,0.03,0.2,0.9,0.2,0.0,0.0,0.0,0.0,0.0,0.0,0.0,0.0
12.239999999999991,0.020910949800416898,dol,dol,dol,-0.01,0.0,0.14,0.03,0.26,1.2,0.0,0.0,0.0,0.0,0.0,0.0,0.0,0.0,0.0
12.239999999999991,0.019540997682934318,dol,sqrt,dol,0.0,0.015,0.045,0.01,0.12,0.008,0.004,0.0,0.0,0.0,1.0,0.0,0.0,0.0,0.0
12.243333333333329,0.01929680036997115,dol,dol,rank,0.0,0.0,0.14,0.03,0.16,1.2,0.2,0.0,0.0,0.0,0.0,0.0,0.0,0.0,0.0
12.243333333333347,0.019540281701218205,dol,sqrt,dol,0.0,0.015,0.045,0.01,0.12,0.008,0.0,0.0,0.0,0.0,1.0,0.0,0.0,0.0,0.0
12.243333333333347,0.014428885819771394,dol,dol,rank,0.01,0.0,0.14,0.01,0.16,0.008,0.0,0.0,0.0,0.0,1.0,-300.0,0.0,0.0,0.0
12.243333333333347,0.014428885819771394,dol,dol,rank,0.01,0.0,0.14,0.01,0.16,0.008,0.004,0.0,0.0,0.0,1.0,-300.0,0.0,0.0,0.0
12.246666666666664,0.01547310390705493,dol,dol,dol,0.0,0.015,0.085,0.01,0.16,1.2,0.0,0.0,0.0,0.0,0.0,0.0,0.0,0.0,0.0
12.246666666666664,0.01622840947684487,dol,sqrt,rank,0.01,0.0,0.085,0.01,0.12,1.6,0.0,0.0,0.0,0.0,0.0,0.0,0.0,0.0,0.0
12.25000000000002,0.018681657593598168,dol,sqrt,rank,0.0,0.015,0.085,0.03,0.12,0.6,0.0,0.0,0.0,0.0,0.0,0.0,0.0,0.0,0.0
12.253333333333337,0.017436611930923673,dol,dol,dol,-0.01,0.0,0.085,0.03,0.16,1.2,0.2,0.0,0.0,0.0,0.0,0.0,0.0,0.0,0.0
12.253333333333337,0.021388545776757348,dol,dol,rank,0.01,0.015,0.045,0.03,0.16,1.6,0.0,0.0,0.0,0.0,0.0,0.0,0.0,0.0,0.0
12.253333333333337,0.01672149368881814,dol,dol,dol,-0.01,0.0,0.085,0.01,0.16,0.003,0.0,0.0,0.0,0.0,0.0,-300.0,0.0,0.0,0.0
12.253333333333337,0.01672149368881814,dol,dol,dol,-0.01,0.0,0.085,0.01,0.16,0.003,0.004,0.0,0.0,0.0,0.0,-300.0,0.0,0.0,0.0
12.253333333333337,0.014412105767953083,dol,dol,rank,0.01,0.0,0.14,0.01,0.16,0.0,0.0,0.0,0.0,0.0,1.0,0.0,0.011,0.0,0.0
12.253333333333337,0.014412105767953083,dol,dol,rank,0.01,0.0,0.14,0.01,0.16,0.0,0.004,0.0,0.0,0.0,1.0,0.0,0.011,0.0,0.0
12.256666666666657,0.01955978879875372,dol,sqrt,dol,0.0,0.015,0.045,0.01,0.12,0.008,0.0,0.0,0.0,0.0,0.0,0.0,0.0,0.0,0.0
12.256666666666657,0.01955978879875372,dol,sqrt,dol,0.0,0.015,0.045,0.01,0.12,0.008,0.004,0.0,0.0,0.0,0.0,0.0,0.0,0.0,0.0
12.260000000000012,0.0160090406194611,dol,dol,dol,-0.01,0.0,0.085,0.01,0.16,0.003,0.0,0.0,0.0,0.0,0.0,0.0,0.0,0.0,0.0
12.260000000000012,0.016712794834652444,dol,dol,dol,-0.01,0.0,0.085,0.01,0.16,0.003,0.0,0.0,0.0,0.0,1.0,-300.0,0.0,0.0,0.0
12.260000000000012,0.0160090406194611,dol,dol,dol,-0.01,0.0,0.085,0.01,0.16,0.003,0.004,0.0,0.0,0.0,0.0,0.0,0.0,0.0,0.0
12.260000000000012,0.016712794834652444,dol,dol,dol,-0.01,0.0,0.085,0.01,0.16,0.003,0.004,0.0,0.0,0.0,1.0,-300.0,0.0,0.0,0.0
12.260000000000012,0.01441725478826082,dol,dol,rank,0.01,0.0,0.14,0.01,0.16,0.0,0.0,0.0,0.0,0.0,0.0,0.0,0.011,0.0,0.0
12.260000000000012,0.01441725478826082,dol,dol,rank,0.01,0.0,0.14,0.01,0.16,0.0,0.004,0.0,0.0,0.0,0.0,0.0,0.011,0.0,0.0
12.26333333333333,0.017125734871499355,dol,dol,dol,-0.01,0.0,0.14,0.01,0.16,0.6,0.2,0.0,0.0,0.0,0.0,0.0,0.0,0.0,0.0
12.266666666666648,0.01600732496910919,dol,dol,dol,-0.01,0.0,0.085,0.01,0.16,0.003,0.0,0.0,0.0,0.0,1.0,0.0,0.0,0.0,0.0
12.266666666666648,0.01600407205358361,dol,dol,dol,-0.01,0.0,0.085,0.01,0.16,0.003,0.004,0.0,0.0,0.0,1.0,0.0,0.0,0.0,0.0
12.266666666666666,0.017569263820239746,dol,dol,rank,0.01,0.015,0.14,0.03,0.2,1.6,0.2,0.0,0.0,0.0,0.0,0.0,0.0,0.0,0.0
12.270000000000003,0.018304148165759433,dol,sqrt,rank,0.0,0.015,0.14,0.03,0.16,1.6,0.0,0.0,0.0,0.0,0.0,0.0,0.0,0.0,0.0
12.276666666666639,0.019989005146348354,dol,dol,dol,-0.01,0.015,0.14,0.03,0.2,1.2,0.2,0.0,0.0,0.0,0.0,0.0,0.0,0.0,0.0
12.276666666666658,0.024773026312234582,sqrt,sqrt,dol,0.0,0.015,0.045,0.01,0.12,0.6,0.0,0.0,0.0,0.0,0.0,0.0,0.0,0.0,0.0
12.276666666666676,0.016754682863362475,dol,dol,dol,0.0,0.015,0.085,0.03,0.26,0.6,0.0,0.0,0.0,0.0,0.0,0.0,0.0,0.0,0.0
12.283333333333312,0.01662137606506441,dol,dol,rank,0.01,0.0,0.14,0.03,0.2,0.6,0.0,0.0,0.0,0.0,0.0,0.0,0.0,0.0,0.0
12.283333333333312,0.02071352970081793,dol,sqrt,dol,0.0,0.015,0.0,0.03,0.16,0.9,0.2,0.0,0.0,0.0,0.0,0.0,0.0,0.0,0.0
12.283333333333312,0.023406275655773894,sqrt,dol,rank,0.0,0.015,0.085,0.03,0.16,0.6,0.2,0.0,0.0,0.0,0.0,0.0,0.0,0.0,0.0
12.286666666666667,0.016792378101278455,dol,dol,dol,-0.01,0.0,0.085,0.01,0.16,0.0,0.0,0.0,0.0,0.0,0.0,-300.0,0.0,0.0,0.0
12.286666666666667,0.016792378101278455,dol,dol,dol,-0.01,0.0,0.085,0.01,0.16,0.0,0.004,0.0,0.0,0.0,0.0,-300.0,0.0,0.0,0.0
12.290000000000004,0.01267115479259005,sqrt,dol,dol,0.0,0.015,0.085,0.03,0.2,0.6,0.2,0.0,0.0,0.0,0.0,0.0,0.0,0.0,0.0
12.293333333333342,0.01678540442037534,dol,dol,dol,-0.01,0.0,0.085,0.01,0.16,0.0,0.0,0.0,0.0,0.0,1.0,-300.0,0.0,0.0,0.0
12.293333333333342,0.01678540442037534,dol,dol,dol,-0.01,0.0,0.085,0.01,0.16,0.0,0.004,0.0,0.0,0.0,1.0,-300.0,0.0,0.0,0.0
12.29666666666666,0.017770473265337483,dol,dol,dol,0.0,0.0,0.085,0.01,0.26,1.6,0.0,0.0,0.0,0.0,0.0,0.0,0.0,0.0,0.0
12.29666666666666,0.02201757772696539,dol,dol,rank,0.01,0.015,0.14,0.03,0.16,1.2,0.0,0.0,0.0,0.0,0.0,0.0,0.0,0.0,0.0
12.299999999999978,0.012363640483288061,dol,dol,dol,0.0,0.0,0.045,0.0,0.2,1.6,0.0,0.0,0.0,0.0,0.0,0.0,0.0,0.0,0.0
12.299999999999978,0.01608965568537978,dol,dol,dol,-0.01,0.0,0.085,0.01,0.16,0.0,0.0,0.0,0.0,0.0,1.0,0.0,0.0,0.0,0.0
12.299999999999978,0.01608965568537978,dol,dol,dol,-0.01,0.0,0.085,0.01,0.16,0.0,0.004,0.0,0.0,0.0,1.0,0.0,0.0,0.0,0.0
12.303333333333333,0.016089413775201056,dol,dol,dol,-0.01,0.0,0.085,0.01,0.16,0.0,0.0,0.0,0.0,0.0,0.0,0.0,0.0,0.0,0.0
12.303333333333333,0.016089413775201056,dol,dol,dol,-0.01,0.0,0.085,0.01,0.16,0.0,0.004,0.0,0.0,0.0,0.0,0.0,0.0,0.0,0.0
12.30666666666665,0.02095695624104055,dol,dol,rank,0.01,0.0,0.045,0.03,0.16,1.6,0.0,0.0,0.0,0.0,0.0,0.0,0.0,0.0,0.0
12.30666666666665,0.019944225249801384,dol,dol,rank,0.01,0.015,0.045,0.01,0.16,1.2,0.2,0.0,0.0,0.0,0.0,0.0,0.0,0.0,0.0
12.316666666666642,0.016659319582832986,dol,dol,dol,0.0,0.0,0.045,0.0,0.16,0.9,0.0,0.0,0.0,0.0,0.0,0.0,0.0,0.0,0.0
12.316666666666661,0.015566036273221872,sqrt,dol,dol,0.0,0.015,0.045,0.0,0.16,0.6,0.2,0.0,0.0,0.0,0.0,0.0,0.0,0.0,0.0
12.316666666666679,0.014519833028832845,dol,dol,rank,0.01,0.0,0.14,0.01,0.16,0.003,0.004,0.0,0.0,0.0,0.0,-300.0,0.0,0.0,0.0
12.319999999999997,0.02656654786115915,dol,sqrt,dol,0.01,0.015,0.0,0.0,0.16,1.6,0.0,0.0,0.0,0.0,0.0,0.0,0.0,0.0,0.0
12.319999999999997,0.014524443614001051,dol,dol,rank,0.01,0.0,0.14,0.01,0.16,0.003,0.0,0.0,0.0,0.0,0.0,-300.0,0.0,0.0,0.0
12.323333333333316,0.014524357118430533,dol,dol,rank,0.01,0.0,0.14,0.01,0.16,0.003,0.004,0.0,0.0,0.0,1.0,-300.0,0.0,0.0,0.0
12.325600000000003,0.028092091177780644,dol,dol,dol,-0.01,0.0,0.14,0.01,0.16,0.008,0.0,0.0,0.0,0.0,1.0,-300.0,0.0,0.0,0.0
12.325600000000003,0.028092091177780644,dol,dol,dol,-0.01,0.0,0.14,0.01,0.16,0.008,0.004,0.0,0.0,0.0,1.0,-300.0,0.0,0.0,0.0
12.326666666666672,0.014530294435088728,dol,dol,rank,0.01,0.0,0.14,0.01,0.16,0.003,0.0,0.0,0.0,0.0,1.0,-300.0,0.0,0.0,0.0
12.32999999999999,0.01688389601124452,dol,dol,dol,0.0,0.015,0.085,0.01,0.2,1.6,0.2,0.0,0.0,0.0,0.0,0.0,0.0,0.0,0.0
12.32999999999999,0.022247056153151618,dol,dol,rank,0.01,0.0,0.085,0.01,0.2,1.6,0.2,0.0,0.0,0.0,0.0,0.0,0.0,0.0,0.0
12.32999999999999,0.018346751939805058,dol,dol,rank,0.01,0.0,0.14,0.01,0.16,1.2,0.2,0.0,0.0,0.0,0.0,0.0,0.0,0.0,0.0
12.32999999999999,0.016327822746148052,sqrt,dol,dol,0.0,0.0,0.085,0.0,0.16,0.9,0.0,0.0,0.0,0.0,0.0,0.0,0.0,0.0,0.0
12.32999999999999,0.01612649363969462,dol,dol,dol,-0.01,0.0,0.085,0.01,0.16,0.0,0.0,0.0,0.0,0.0,0.0,0.0,0.011,0.0,0.0
12.32999999999999,0.01613306923796699,dol,dol,dol,-0.01,0.0,0.085,0.01,0.16,0.0,0.0,0.0,0.0,0.0,1.0,0.0,0.011,0.0,0.0
12.32999999999999,0.01612649363969462,dol,dol,dol,-0.01,0.0,0.085,0.01,0.16,0.0,0.004,0.0,0.0,0.0,0.0,0.0,0.011,0.0,0.0
12.32999999999999,0.01613306923796699,dol,dol,dol,-0.01,0.0,0.085,0.01,0.16,0.0,0.004,0.0,0.0,0.0,1.0,0.0,0.011,0.0,0.0
12.333333333333345,0.019724643997162918,dol,sqrt,dol,0.0,0.015,0.045,0.01,0.12,0.003,0.004,0.0,0.0,0.0,1.0,0.0,0.0,0.0,0.0
12.333600000000011,0.028104500497646682,dol,dol,dol,-0.01,0.0,0.14,0.01,0.16,0.008,0.0,0.0,0.0,0.0,0.0,-300.0,0.0,0.0,0.0
12.333600000000011,0.02810338492990691,dol,dol,dol,-0.01,0.0,0.14,0.01,0.16,0.008,0.004,0.0,0.0,0.0,0.0,-300.0,0.0,0.0,0.0
12.336666666666662,0.01972857624905596,dol,sqrt,dol,0.0,0.015,0.045,0.01,0.12,0.003,0.0,0.0,0.0,0.0,1.0,0.0,0.0,0.0,0.0
12.336666666666662,0.01685568826066562,dol,dol,dol,-0.01,0.0,0.085,0.01,0.16,0.0,0.0,0.0,0.0,0.0,0.0,-300.0,0.011,0.0,0.0
12.336666666666662,0.01685568826066562,dol,dol,dol,-0.01,0.0,0.085,0.01,0.16,0.0,0.004,0.0,0.0,0.0,0.0,-300.0,0.011,0.0,0.0
12.343333333333335,0.01768436562281727,sqrt,dol,dol,0.01,0.0,0.0,0.0,0.16,0.6,0.2,0.0,0.0,0.0,0.0,0.0,0.0,0.0,0.0
12.346666666666653,0.016861164212253928,dol,dol,dol,-0.01,0.0,0.085,0.01,0.16,0.0,0.0,0.0,0.0,0.0,1.0,-300.0,0.011,0.0,0.0
12.346666666666653,0.016861164212253928,dol,dol,dol,-0.01,0.0,0.085,0.01,0.16,0.0,0.004,0.0,0.0,0.0,1.0,-300.0,0.011,0.0,0.0
12.350000000000009,0.01739181165568057,dol,sqrt,dol,0.0,0.015,0.045,0.01,0.16,0.9,0.0,0.0,0.0,0.0,0.0,0.0,0.0,0.0,0.0
12.350000000000009,0.019770050939442434,dol,sqrt,dol,0.0,0.015,0.045,0.01,0.12,0.003,0.0,0.0,0.0,0.0,0.0,0.0,0.0,0.0,0.0
12.350000000000009,0.019770050939442434,dol,sqrt,dol,0.0,0.015,0.045,0.01,0.12,0.003,0.004,0.0,0.0,0.0,0.0,0.0,0.0,0.0,0.0
12.353333333333326,0.02072713172881632,sqrt,dol,dol,-0.01,0.015,0.14,0.01,0.2,0.6,0.0,0.0,0.0,0.0,0.0,0.0,0.0,0.0,0.0
12.356666666666682,0.020459376662239914,sqrt,dol,dol,0.01,0.015,0.085,0.01,0.2,0.6,0.2,0.0,0.0,0.0,0.0,0.0,0.0,0.0,0.0
12.360000000000001,0.021888864209235935,dol,dol,rank,0.01,0.0,0.085,0.03,0.16,1.2,0.0,0.0,0.0,0.0,0.0,0.0,0.0,0.0,0.0
12.360000000000001,0.01457691439939905,dol,dol,rank,0.01,0.0,0.14,0.01,0.16,0.0,0.0,0.0,0.0,0.0,0.0,-300.0,0.0,0.0,0.0
12.360000000000001,0.01457691439939905,dol,dol,rank,0.01,0.0,0.14,0.01,0.16,0.0,0.004,0.0,0.0,0.0,0.0,-300.0,0.0,0.0,0.0
12.366666666666637,0.017803461088809116,dol,sqrt,rank,-0.01,0.015,0.14,0.03,0.12,0.6,0.0,0.0,0.0,0.0,0.0,0.0,0.0,0.0,0.0
12.366666666666655,0.016094561448583258,dol,dol,dol,0.01,0.015,0.0,0.0,0.16,1.2,0.2,0.0,0.0,0.0,0.0,0.0,0.0,0.0,0.0
12.369999999999992,0.0145796286367378,dol,dol,rank,0.01,0.0,0.14,0.01,0.16,0.0,0.0,0.0,0.0,0.0,1.0,-300.0,0.0,0.0,0.0
12.369999999999992,0.0145796286367378,dol,dol,rank,0.01,0.0,0.14,0.01,0.16,0.0,0.004,0.0,0.0,0.0,1.0,-300.0,0.0,0.0,0.0
12.3833333333333,0.016920672302990346,dol,sqrt,rank,0.0,0.015,0.085,0.01,0.12,0.9,0.0,0.0,0.0,0.0,0.0,0.0,0.0,0.0,0.0
12.383333333333338,0.01981383151571986,dol,sqrt,dol,0.0,0.015,0.045,0.01,0.12,0.0,0.0,0.0,0.0,0.0,1.0,0.0,0.0,0.0,0.0
12.383333333333338,0.01981383151571986,dol,sqrt,dol,0.0,0.015,0.045,0.01,0.12,0.0,0.004,0.0,0.0,0.0,1.0,0.0,0.0,0.0,0.0
12.389999999999976,0.023057762396658105,dol,dol,rank,0.0,0.0,0.14,0.01,0.2,1.6,0.2,0.0,0.0,0.0,0.0,0.0,0.0,0.0,0.0
12.390000000000011,0.019836785098322703,dol,sqrt,dol,0.0,0.015,0.045,0.01,0.12,0.0,0.0,0.0,0.0,0.0,0.0,0.0,0.0,0.0,0.0
12.390000000000011,0.019836785098322703,dol,sqrt,dol,0.0,0.015,0.045,0.01,0.12,0.0,0.004,0.0,0.0,0.0,0.0,0.0,0.0,0.0,0.0
12.391599999999992,0.017083542331512856,dol,dol,dol,0.0,0.015,0.085,0.03,0.2,0.9,0.0,0.0,0.0,0.0,0.0,0.0,0.0,0.0,0.0
12.396666666666649,0.01887616516099563,dol,sqrt,rank,0.01,0.015,0.14,0.01,0.16,1.6,0.0,0.0,0.0,0.0,0.0,0.0,0.0,0.0,0.0
12.396666666666686,0.01768549164962311,sqrt,dol,dol,0.01,0.015,0.0,0.01,0.16,0.6,0.0,0.0,0.0,0.0,0.0,0.0,0.0,0.0,0.0
12.399999999999967,0.01950116745033295,dol,dol,rank,0.01,0.015,0.14,0.0,0.16,0.6,0.0,0.0,0.0,0.0,0.0,0.0,0.0,0.0,0.0
12.400000000000004,0.015606043703452645,dol,dol,dol,0.01,0.015,0.085,0.0,0.2,0.6,0.0,0.0,0.0,0.0,0.0,0.0,0.0,0.0,0.0
12.400000000000004,0.01798774846635589,dol,sqrt,rank,0.01,0.0,0.085,0.03,0.16,1.6,0.0,0.0,0.0,0.0,0.0,0.0,0.0,0.0,0.0
12.400000000000004,0.018253887381007902,dol,sqrt,rank,0.01,0.0,0.14,0.0,0.12,1.6,0.0,0.0,0.0,0.0,0.0,0.0,0.0,0.0,0.0
12.401600000000013,0.02825868730536191,dol,dol,dol,-0.01,0.0,0.14,0.01,0.16,0.003,0.0,0.0,0.0,0.0,0.0,-300.0,0.0,0.0,0.0
12.401600000000013,0.02825868730536191,dol,dol,dol,-0.01,0.0,0.14,0.01,0.16,0.003,0.004,0.0,0.0,0.0,0.0,-300.0,0.0,0.0,0.0
12.403333333333322,0.017087348690164275,sqrt,dol,dol,-0.01,0.015,0.085,0.01,0.16,0.6,0.2,0.0,0.0,0.0,0.0,0.0,0.0,0.0,0.0
12.403333333333359,0.015888949668104422,sqrt,dol,dol,0.0,0.015,0.045,0.03,0.2,0.9,0.0,0.0,0.0,0.0,0.0,0.0,0.0,0.0,0.0
12.405599999999994,0.02826501963361938,dol,dol,dol,-0.01,0.0,0.14,0.01,0.16,0.003,0.0,0.0,0.0,0.0,1.0,-300.0,0.0,0.0,0.0
12.405599999999994,0.02826501963361938,dol,dol,dol,-0.01,0.0,0.14,0.01,0.16,0.003,0.004,0.0,0.0,0.0,1.0,-300.0,0.0,0.0,0.0
12.406666666666677,0.022071125835118374,dol,dol,dol,0.01,0.015,0.085,0.01,0.2,1.2,0.2,0.0,0.0,0.0,0.0,0.0,0.0,0.0,0.0
12.413333333333313,0.018942637680542163,sqrt,dol,dol,-0.01,0.0,0.085,0.03,0.2,0.6,0.2,0.0,0.0,0.0,0.0,0.0,0.0,0.0,0.0
12.413333333333332,0.01265239111056937,dol,dol,dol,0.01,0.015,0.0,0.01,0.2,1.6,0.2,0.0,0.0,0.0,0.0,0.0,0.0,0.0,0.0
12.41333333333335,0.016932746339344742,dol,dol,dol,0.0,0.015,0.085,0.03,0.16,0.6,0.2,0.0,0.0,0.0,0.0,0.0,0.0,0.0,0.0
12.416666666666668,0.014656667882141811,dol,dol,rank,0.01,0.0,0.14,0.01,0.16,0.0,0.0,0.0,0.0,0.0,0.0,-300.0,0.011,0.0,0.0
12.416666666666668,0.014656667882141811,dol,dol,rank,0.01,0.0,0.14,0.01,0.16,0.0,0.004,0.0,0.0,0.0,0.0,-300.0,0.011,0.0,0.0
12.419999999999986,0.026261134810886516,sqrt,dol,dol,0.01,0.0,0.085,0.0,0.2,0.6,0.2,0.0,0.0,0.0,0.0,0.0,0.0,0.0,0.0
12.420000000000005,0.018846094223511706,dol,dol,rank,0.01,0.0,0.085,0.03,0.16,1.2,0.2,0.0,0.0,0.0,0.0,0.0,0.0,0.0,0.0
12.423333333333305,0.018220146259119416,dol,sqrt,dol,0.0,0.0,0.0,0.01,0.12,1.2,0.0,0.0,0.0,0.0,0.0,0.0,0.0,0.0,0.0
12.425600000000037,0.0283337693835727,dol,dol,dol,-0.01,0.0,0.14,0.01,0.16,0.0,0.0,0.0,0.0,0.0,1.0,-300.0,0.011,0.0,0.0
12.425600000000037,0.0283337693835727,dol,dol,dol,-0.01,0.0,0.14,0.01,0.16,0.0,0.004,0.0,0.0,0.0,1.0,-300.0,0.011,0.0,0.0
12.426666666666641,0.022613060190632868,sqrt,dol,rank,0.01,0.0,0.045,0.03,0.16,0.6,0.2,0.0,0.0,0.0,0.0,0.0,0.0,0.0,0.0
12.42666666666666,0.02596940446414246,dol,sqrt,dol,0.0,0.0,0.045,0.0,0.12,0.9,0.2,0.0,0.0,0.0,0.0,0.0,0.0,0.0,0.0
12.42666666666666,0.014666957802666006,dol,dol,rank,0.01,0.0,0.14,0.01,0.16,0.0,0.0,0.0,0.0,0.0,1.0,-300.0,0.011,0.0,0.0
12.42666666666666,0.014666957802666006,dol,dol,rank,0.01,0.0,0.14,0.01,0.16,0.0,0.004,0.0,0.0,0.0,1.0,-300.0,0.011,0.0,0.0
12.426666666666696,0.016651202072056084,dol,dol,dol,0.01,0.0,0.085,0.03,0.2,0.6,0.2,0.0,0.0,0.0,0.0,0.0,0.0,0.0,0.0
12.429999999999978,0.018031480765388963,dol,dol,dol,0.01,0.0,0.045,0.01,0.26,1.2,0.0,0.0,0.0,0.0,0.0,0.0,0.0,0.0,0.0
12.429999999999978,0.01805893301265485,dol,dol,rank,0.0,0.015,0.14,0.03,0.16,0.9,0.2,0.0,0.0,0.0,0.0,0.0,0.0,0.0,0.0
12.433333333333334,0.01324146766789843,dol,dol,dol,0.0,0.015,0.045,0.0,0.2,1.2,0.0,0.0,0.0,0.0,0.0,0.0,0.0,0.0,0.0
12.433333333333334,0.016467278038583062,dol,sqrt,rank,0.01,0.015,0.085,0.01,0.12,1.6,0.0,0.0,0.0,0.0,0.0,0.0,0.0,0.0,0.0
12.433333333333334,0.020646881337455368,sqrt,dol,dol,0.01,0.0,0.0,0.03,0.16,0.6,0.0,0.0,0.0,0.0,0.0,0.0,0.0,0.0,0.0
12.4336,0.028347054208441066,dol,dol,dol,-0.01,0.0,0.14,0.01,0.16,0.0,0.0,0.0,0.0,0.0,0.0,-300.0,0.011,0.0,0.0
12.4336,0.028347054208441066,dol,dol,dol,-0.01,0.0,0.14,0.01,0.16,0.0,0.004,0.0,0.0,0.0,0.0,-300.0,0.011,0.0,0.0
12.436666666666651,0.023283720606021262,sqrt,dol,dol,-0.01,0.015,0.085,0.0,0.16,0.6,0.2,0.0,0.0,0.0,0.0,0.0,0.0,0.0,0.0
12.438400000000005,0.02834415018489184,dol,dol,dol,-0.01,0.0,0.14,0.01,0.16,0.0,0.0,0.0,0.0,0.0,0.0,-300.0,0.0,0.0,0.0
12.438400000000005,0.02834415018489184,dol,dol,dol,-0.01,0.0,0.14,0.01,0.16,0.0,0.004,0.0,0.0,0.0,0.0,-300.0,0.0,0.0,0.0
12.442400000000031,0.02835211068111288,dol,dol,dol,-0.01,0.0,0.14,0.01,0.16,0.0,0.0,0.0,0.0,0.0,1.0,-300.0,0.0,0.0,0.0
12.442400000000031,0.02835211068111288,dol,dol,dol,-0.01,0.0,0.14,0.01,0.16,0.0,0.004,0.0,0.0,0.0,1.0,-300.0,0.0,0.0,0.0
12.443333333333324,0.019814765689589498,dol,sqrt,dol,0.0,0.015,0.045,0.01,0.12,0.0,0.0,0.0,0.0,0.0,1.0,0.0,0.011,0.0,0.0
12.443333333333324,0.019814765689589498,dol,sqrt,dol,0.0,0.015,0.045,0.01,0.12,0.0,0.004,0.0,0.0,0.0,1.0,0.0,0.011,0.0,0.0
12.443333333333362,0.017476727151441312,dol,sqrt,dol,0.0,0.0,0.045,0.03,0.16,1.2,0.0,0.0,0.0,0.0,0.0,0.0,0.0,0.0,0.0
12.446666666666662,0.019530002941343574,dol,dol,rank,0.0,0.015,0.14,0.03,0.16,1.2,0.2,0.0,0.0,0.0,0.0,0.0,0.0,0.0,0.0
12.449999999999998,0.02027095009741408,dol,sqrt,dol,0.01,0.015,0.0,0.03,0.16,0.6,0.2,0.0,0.0,0.0,0.0,0.0,0.0,0.0,0.0
12.451599999999985,0.01623355995963185,dol,dol,dol,0.0,0.0,0.085,0.03,0.2,0.6,0.0,0.0,0.0,0.0,0.0,0.0,0.0,0.0,0.0
12.45999999999999,0.019833653425988425,dol,sqrt,dol,0.0,0.015,0.045,0.01,0.12,0.0,0.0,0.0,0.0,0.0,0.0,0.0,0.011,0.0,0.0
12.45999999999999,0.019833653425988425,dol,sqrt,dol,0.0,0.015,0.045,0.01,0.12,0.0,0.004,0.0,0.0,0.0,0.0,0.0,0.011,0.0,0.0
12.466666666666663,0.01678861411128916,dol,dol,rank,0.01,0.015,0.14,0.0,0.2,1.2,0.2,0.0,0.0,0.0,0.0,0.0,0.0,0.0,0.0
12.469999999999981,0.016672189598250113,dol,dol,rank,0.01,0.015,0.14,0.03,0.2,1.2,0.0,0.0,0.0,0.0,0.0,0.0,0.0,0.0,0.0
12.476666666666691,0.017579988646606537,sqrt,dol,dol,0.01,0.015,0.0,0.01,0.2,0.9,0.0,0.0,0.0,0.0,0.0,0.0,0.0,0.0,0.0
12.48000000000001,0.020210236462046945,dol,dol,dol,0.0,0.015,0.085,0.03,0.16,0.6,0.0,0.0,0.0,0.0,0.0,0.0,0.0,0.0,0.0
12.483600000000017,0.018904261054058662,dol,dol,dol,0.0,0.015,0.045,0.01,0.2,0.9,0.0,0.0,0.0,0.0,0.0,0.0,0.0,0.0,0.0
12.49,0.016855180917978236,dol,dol,dol,0.0,0.0,0.0,0.03,0.2,0.9,0.2,0.0,0.0,0.0,0.0,0.0,0.0,0.0,0.0
12.49,0.015280582549007634,sqrt,dol,dol,0.0,0.015,0.045,0.0,0.16,0.6,0.0,0.0,0.0,0.0,0.0,0.0,0.0,0.0,0.0
12.493333333333338,0.016145108492116814,dol,sqrt,rank,0.01,0.0,0.045,0.03,0.12,1.6,0.0,0.0,0.0,0.0,0.0,0.0,0.0,0.0,0.0
12.496666666666675,0.01651181523322908,dol,dol,dol,-0.01,0.0,0.085,0.03,0.26,1.6,0.0,0.0,0.0,0.0,0.0,0.0,0.0,0.0,0.0
12.496666666666675,0.01874572257580083,dol,dol,dol,-0.01,0.015,0.085,0.03,0.16,1.6,0.0,0.0,0.0,0.0,0.0,0.0,0.0,0.0,0.0
12.499999999999993,0.020819302067855032,dol,dol,dol,0.01,0.0,0.045,0.01,0.2,0.008,0.0,0.0,0.0,0.0,0.0,0.0,0.0,0.0,0.0
12.499999999999993,0.020815289254313547,dol,dol,dol,0.01,0.0,0.045,0.01,0.2,0.008,0.0,0.0,0.0,0.0,1.0,0.0,0.0,0.0,0.0
12.499999999999993,0.020819302067855032,dol,dol,dol,0.01,0.0,0.045,0.01,0.2,0.008,0.004,0.0,0.0,0.0,0.0,0.0,0.0,0.0,0.0
12.499999999999993,0.020815289254313547,dol,dol,dol,0.01,0.0,0.045,0.01,0.2,0.008,0.004,0.0,0.0,0.0,1.0,0.0,0.0,0.0,0.0
12.50333333333331,0.014922246581431254,dol,dol,rank,0.01,0.0,0.14,0.0,0.16,0.6,0.2,0.0,0.0,0.0,0.0,0.0,0.0,0.0,0.0
12.507599999999996,0.017003386070187653,dol,dol,dol,0.0,0.015,0.085,0.03,0.2,0.6,0.0,0.0,0.0,0.0,0.0,0.0,0.0,0.0,0.0
12.510000000000002,0.01272532596104378,dol,dol,dol,0.0,0.0,0.045,0.03,0.2,1.6,0.2,0.0,0.0,0.0,0.0,0.0,0.0,0.0,0.0
12.510000000000021,0.020422400901769437,sqrt,dol,dol,-0.01,0.0,0.14,0.01,0.16,0.6,0.0,0.0,0.0,0.0,0.0,0.0,0.0,0.0,0.0
12.513333333333321,0.019096486744948668,dol,dol,dol,0.01,0.015,0.045,0.0,0.2,1.6,0.2,0.0,0.0,0.0,0.0,0.0,0.0,0.0,0.0
12.513333333333321,0.0183890266010285,dol,dol,rank,0.01,0.015,0.14,0.01,0.16,1.2,0.2,0.0,0.0,0.0,0.0,0.0,0.0,0.0,0.0
12.513333333333339,0.021351781729800377,dol,dol,dol,0.01,0.0,0.085,0.03,0.26,1.2,0.2,0.0,0.0,0.0,0.0,0.0,0.0,0.0,0.0
12.516666666666657,0.021101376892059463,dol,dol,dol,-0.01,0.0,0.085,0.0,0.12,0.9,0.0,0.0,0.0,0.0,0.0,0.0,0.0,0.0,0.0
12.52333333333333,0.02030142885137417,dol,dol,rank,0.0,0.015,0.085,0.03,0.16,1.2,0.2,0.0,0.0,0.0,0.0,0.0,0.0,0.0,0.0
12.52333333333333,0.0167479077985768,dol,sqrt,rank,0.01,0.0,0.045,0.0,0.12,0.6,0.0,0.0,0.0,0.0,0.0,0.0,0.0,0.0,0.0
12.526666666666667,0.022696879278062933,sqrt,dol,rank,0.01,0.015,0.085,0.01,0.16,0.6,0.2,0.0,0.0,0.0,0.0,0.0,0.0,0.0,0.0
12.530000000000005,0.022922725325980994,dol,dol,dol,0.01,0.015,0.0,0.01,0.16,1.2,0.0,0.0,0.0,0.0,0.0,0.0,0.0,0.0,0.0
12.530000000000005,0.019007631023120992,dol,sqrt,dol,0.0,0.015,0.045,0.03,0.16,1.6,0.0,0.0,0.0,0.0,0.0,0.0,0.0,0.0,0.0
12.533333333333323,0.019461893157122687,dol,dol,dol,0.01,0.015,0.045,0.01,0.26,0.9,0.2,0.0,0.0,0.0,0.0,0.0,0.0,0.0,0.0
12.536666666666678,0.025811680145351356,dol,dol,dol,0.0,0.015,0.0,0.03,0.16,0.6,0.2,0.0,0.0,0.0,0.0,0.0,0.0,0.0,0.0
12.539999999999996,0.01493205761167959,dol,dol,dol,0.01,0.015,0.045,0.0,0.16,0.9,0.2,0.0,0.0,0.0,0.0,0.0,0.0,0.0,0.0
12.546666666666631,0.014828736144042391,dol,dol,dol,-0.01,0.0,0.085,0.01,0.2,0.9,0.0,0.0,0.0,0.0,0.0,0.0,0.0,0.0,0.0
12.546666666666631,0.015018582738776686,dol,dol,rank,0.01,0.0,0.14,0.01,0.2,1.6,0.0,0.0,0.0,0.0,0.0,0.0,0.0,0.0,0.0
12.549999999999986,0.022587588301083823,dol,dol,rank,0.01,0.015,0.085,0.03,0.16,1.2,0.0,0.0,0.0,0.0,0.0,0.0,0.0,0.0,0.0
12.550000000000006,0.018317523508418976,dol,dol,dol,0.0,0.015,0.085,0.0,0.16,1.2,0.2,0.0,0.0,0.0,0.0,0.0,0.0,0.0,0.0
12.551600000000018,0.01792452943955933,dol,dol,dol,0.0,0.015,0.045,0.03,0.2,0.9,0.2,0.0,0.0,0.0,0.0,0.0,0.0,0.0,0.0
12.553333333333304,0.020623501680256805,dol,sqrt,dol,0.0,0.015,0.0,0.01,0.12,0.9,0.0,0.0,0.0,0.0,0.0,0.0,0.0,0.0,0.0
12.553333333333342,0.021378584821333767,dol,dol,dol,0.01,0.015,0.085,0.0,0.26,1.6,0.0,0.0,0.0,0.0,0.0,0.0,0.0,0.0,0.0
12.55666666666666,0.015630687459112096,dol,dol,dol,0.0,0.0,0.045,0.03,0.2,0.008,0.0,0.0,0.0,0.0,0.0,-300.0,0.0,0.0,0.0
12.55666666666666,0.015624538371847435,dol,dol,dol,0.0,0.0,0.045,0.03,0.2,0.008,0.0,0.0,0.0,0.0,1.0,-300.0,0.0,0.0,0.0
12.55666666666666,0.015630687459112096,dol,dol,dol,0.0,0.0,0.045,0.03,0.2,0.008,0.004,0.0,0.0,0.0,0.0,-300.0,0.0,0.0,0.0
12.55666666666666,0.015624707975937754,dol,dol,dol,0.0,0.0,0.045,0.03,0.2,0.008,0.004,0.0,0.0,0.0,1.0,-300.0,0.0,0.0,0.0
12.563333333333334,0.02043747802988965,dol,dol,dol,0.0,0.0,0.045,0.0,0.12,0.6,0.2,0.0,0.0,0.0,0.0,0.0,0.0,0.0,0.0
12.563333333333334,0.016155462351099013,dol,dol,dol,0.01,0.015,0.085,0.03,0.2,0.9,0.0,0.0,0.0,0.0,0.0,0.0,0.0,0.0,0.0
12.563333333333334,0.016522215439735578,dol,dol,dol,0.0,0.0,0.045,0.03,0.2,0.008,0.004,0.0,0.0,0.0,0.0,0.0,0.0,0.0,0.0
12.566666666666652,0.016526867891294338,dol,dol,dol,0.0,0.0,0.045,0.03,0.2,0.008,0.0,0.0,0.0,0.0,0.0,0.0,0.0,0.0,0.0
12.569999999999988,0.016840937360645486,dol,dol,dol,0.0,0.015,0.045,0.01,0.16,1.2,0.2,0.0,0.0,0.0,0.0,0.0,0.0,0.0,0.0
12.570000000000007,0.01652987939056623,dol,dol,dol,0.0,0.0,0.045,0.03,0.2,0.008,0.0,0.0,0.0,0.0,1.0,0.0,0.0,0.0,0.0
12.570000000000007,0.01652987939056623,dol,dol,dol,0.0,0.0,0.045,0.03,0.2,0.008,0.004,0.0,0.0,0.0,1.0,0.0,0.0,0.0,0.0
12.570000000000007,0.014765732478601586,dol,dol,rank,0.01,0.015,0.14,0.0,0.16,0.008,0.0,0.0,0.0,0.0,1.0,0.0,0.0,0.0,0.0
12.570000000000007,0.014765732478601586,dol,dol,rank,0.01,0.015,0.14,0.0,0.16,0.008,0.004,0.0,0.0,0.0,1.0,0.0,0.0,0.0,0.0
12.573333333333325,0.016851316556984595,sqrt,dol,dol,-0.01,0.0,0.085,0.03,0.2,0.6,0.0,0.0,0.0,0.0,0.0,0.0,0.0,0.0,0.0
12.573333333333325,0.020944257961445077,dol,dol,dol,0.01,0.0,0.045,0.01,0.2,0.003,0.0,0.0,0.0,0.0,1.0,0.0,0.0,0.0,0.0
12.573333333333325,0.020944257961445077,dol,dol,dol,0.01,0.0,0.045,0.01,0.2,0.003,0.004,0.0,0.0,0.0,1.0,0.0,0.0,0.0,0.0
12.576666666666643,0.024371497805002865,dol,sqrt,dol,0.0,0.015,0.045,0.0,0.16,1.6,0.0,0.0,0.0,0.0,0.0,0.0,0.0,0.0,0.0
12.57666666666668,0.014776925358038356,dol,dol,rank,0.01,0.015,0.14,0.0,0.16,0.008,0.0,0.0,0.0,0.0,0.0,0.0,0.0,0.0,0.0
12.57666666666668,0.014776925358038356,dol,dol,rank,0.01,0.015,0.14,0.0,0.16,0.008,0.004,0.0,0.0,0.0,0.0,0.0,0.0,0.0,0.0
12.579999999999998,0.01798277593822612,dol,dol,dol,0.01,0.0,0.045,0.03,0.2,1.6,0.0,0.0,0.0,0.0,0.0,0.0,0.0,0.0,0.0
12.579999999999998,0.0199947639831217,dol,dol,rank,0.0,0.015,0.14,0.0,0.16,1.6,0.0,0.0,0.0,0.0,0.0,0.0,0.0,0.0,0.0
12.583333333333316,0.02095047797739902,dol,dol,dol,0.01,0.0,0.045,0.01,0.2,0.003,0.0,0.0,0.0,0.0,0.0,0.0,0.0,0.0,0.0
12.583333333333316,0.02095047797739902,dol,dol,dol,0.01,0.0,0.045,0.01,0.2,0.003,0.004,0.0,0.0,0.0,0.0,0.0,0.0,0.0,0.0
12.583333333333336,0.019010664455432306,dol,dol,rank,0.01,0.015,0.085,0.03,0.16,1.2,0.2,0.0,0.0,0.0,0.0,0.0,0.0,0.0,0.0
12.583333333333336,0.01713259698158261,dol,sqrt,rank,0.0,0.0,0.14,0.03,0.12,1.6,0.0,0.0,0.0,0.0,0.0,0.0,0.0,0.0,0.0
12.583333333333336,0.01565134634133103,sqrt,dol,dol,0.0,0.015,0.045,0.01,0.16,0.9,0.0,0.0,0.0,0.0,0.0,0.0,0.0,0.0,0.0
12.593333333333309,0.02244640428352077,dol,sqrt,rank,0.0,0.0,0.045,0.0,0.12,1.6,0.0,0.0,0.0,0.0,0.0,0.0,0.0,0.0,0.0
12.599999999999982,0.021788395706923466,dol,dol,dol,-0.01,0.015,0.085,0.0,0.2,1.2,0.2,0.0,0.0,0.0,0.0,0.0,0.0,0.0,0.0
12.599999999999982,0.020345745776087564,dol,dol,rank,0.0,0.0,0.14,0.0,0.16,1.2,0.2,0.0,0.0,0.0,0.0,0.0,0.0,0.0,0.0
12.599999999999982,0.02116567836887858,dol,sqrt,rank,0.0,0.0,0.0,0.03,0.12,1.6,0.0,0.0,0.0,0.0,0.0,0.0,0.0,0.0,0.0
12.6,0.025099889701690678,dol,sqrt,rank,-0.01,0.0,0.14,0.01,0.12,0.9,0.2,0.0,0.0,0.0,0.0,0.0,0.0,0.0,0.0
12.606666666666655,0.018508974401824828,dol,sqrt,rank,0.01,0.0,0.0,0.03,0.12,0.6,0.0,0.0,0.0,0.0,0.0,0.0,0.0,0.0,0.0
12.606666666666655,0.02100642416905768,dol,dol,dol,0.01,0.0,0.045,0.01,0.2,0.0,0.0,0.0,0.0,0.0,0.0,0.0,0.0,0.0,0.0
12.606666666666655,0.021004175530205987,dol,dol,dol,0.01,0.0,0.045,0.01,0.2,0.0,0.0,0.0,0.0,0.0,1.0,0.0,0.0,0.0,0.0
12.606666666666655,0.02100642416905768,dol,dol,dol,0.01,0.0,0.045,0.01,0.2,0.0,0.004,0.0,0.0,0.0,0.0,0.0,0.0,0.0,0.0
12.606666666666655,0.021004175530205987,dol,dol,dol,0.01,0.0,0.045,0.01,0.2,0.0,0.004,0.0,0.0,0.0,1.0,0.0,0.0,0.0,0.0
12.609999999999973,0.019843622263047592,dol,dol,rank,0.01,0.015,0.14,0.0,0.16,0.9,0.0,0.0,0.0,0.0,0.0,0.0,0.0,0.0,0.0
12.60999999999999,0.024261015018001687,dol,sqrt,rank,0.0,0.0,0.085,0.0,0.12,0.9,0.2,0.0,0.0,0.0,0.0,0.0,0.0,0.0,0.0
12.616666666666646,0.021358665464968656,dol,dol,dol,-0.01,0.0,0.085,0.01,0.12,0.6,0.0,0.0,0.0,0.0,0.0,0.0,0.0,0.0,0.0
12.620000000000001,0.017717614903023815,dol,sqrt,rank,0.0,0.0,0.085,0.01,0.12,0.6,0.2,0.0,0.0,0.0,0.0,0.0,0.0,0.0,0.0
12.623333333333319,0.019206935381281945,sqrt,dol,dol,0.01,0.015,0.0,0.01,0.2,1.2,0.0,0.0,0.0,0.0,0.0,0.0,0.0,0.0,0.0
12.626666666666656,0.014750942998104671,sqrt,dol,dol,0.01,0.0,0.045,0.03,0.2,0.6,0.2,0.0,0.0,0.0,0.0,0.0,0.0,0.0,0.0
12.626666666666674,0.016929846406076258,dol,dol,dol,0.01,0.0,0.085,0.0,0.2,0.6,0.0,0.0,0.0,0.0,0.0,0.0,0.0,0.0,0.0
12.626666666666674,0.024206990069445277,sqrt,dol,dol,0.01,0.015,0.085,0.03,0.26,1.2,0.0,0.0,0.0,0.0,0.0,0.0,0.0,0.0,0.0
12.629999999999994,0.018877343663179343,dol,dol,rank,0.01,0.0,0.14,0.0,0.16,0.6,0.0,0.0,0.0,0.0,0.0,0.0,0.0,0.0,0.0
12.635599999999991,0.018029099833735865,dol,dol,dol,0.01,0.0,0.045,0.03,0.2,0.6,0.2,0.0,0.0,0.0,0.0,0.0,0.0,0.0,0.0
12.636666666666667,0.01571638970181317,dol,dol,dol,0.0,0.0,0.045,0.03,0.2,0.003,0.0,0.0,0.0,0.0,0.0,-300.0,0.0,0.0,0.0
12.636666666666667,0.0157103900298143,dol,dol,dol,0.0,0.0,0.045,0.03,0.2,0.003,0.0,0.0,0.0,0.0,1.0,-300.0,0.0,0.0,0.0
12.636666666666667,0.01571638970181317,dol,dol,dol,0.0,0.0,0.045,0.03,0.2,0.003,0.004,0.0,0.0,0.0,0.0,-300.0,0.0,0.0,0.0
12.636666666666667,0.01571269725059605,dol,dol,dol,0.0,0.0,0.045,0.03,0.2,0.003,0.004,0.0,0.0,0.0,1.0,-300.0,0.0,0.0,0.0
12.640000000000002,0.0167371066374267,dol,sqrt,rank,0.01,0.015,0.045,0.03,0.12,1.6,0.0,0.0,0.0,0.0,0.0,0.0,0.0,0.0,0.0
12.643333333333302,0.01739852865426651,dol,dol,rank,0.01,0.015,0.14,0.03,0.2,0.9,0.0,0.0,0.0,0.0,0.0,0.0,0.0,0.0,0.0
12.643333333333302,0.02100102835400985,dol,dol,dol,0.01,0.0,0.045,0.01,0.2,0.0,0.0,0.0,0.0,0.0,0.0,0.0,0.011,0.0,0.0
12.643333333333302,0.021004174578014328,dol,dol,dol,0.01,0.0,0.045,0.01,0.2,0.0,0.0,0.0,0.0,0.0,1.0,0.0,0.011,0.0,0.0
12.643333333333302,0.02100102835400985,dol,dol,dol,0.01,0.0,0.045,0.01,0.2,0.0,0.004,0.0,0.0,0.0,0.0,0.0,0.011,0.0,0.0
12.643333333333302,0.021004174578014328,dol,dol,dol,0.01,0.0,0.045,0.01,0.2,0.0,0.004,0.0,0.0,0.0,1.0,0.0,0.011,0.0,0.0
12.64333333333334,0.018775228343041076,dol,dol,dol,0.01,0.015,0.085,0.01,0.26,1.2,0.0,0.0,0.0,0.0,0.0,0.0,0.0,0.0,0.0
12.64333333333334,0.019620650989690937,sqrt,dol,dol,-0.01,0.015,0.14,0.01,0.16,0.6,0.0,0.0,0.0,0.0,0.0,0.0,0.0,0.0,0.0
12.646666666666658,0.023301501034148943,dol,dol,dol,-0.01,0.0,0.14,0.01,0.2,0.6,0.2,0.0,0.0,0.0,0.0,0.0,0.0,0.0,0.0
12.646666666666658,0.019674823056289373,dol,dol,dol,0.0,0.0,0.0,0.03,0.16,1.2,0.2,0.0,0.0,0.0,0.0,0.0,0.0,0.0,0.0
12.646666666666658,0.02244232124886009,dol,dol,rank,0.01,0.0,0.14,0.03,0.16,0.9,0.0,0.0,0.0,0.0,0.0,0.0,0.0,0.0,0.0
12.646666666666658,0.026368945625629536,sqrt,dol,dol,-0.01,0.015,0.045,0.01,0.16,1.2,0.0,0.0,0.0,0.0,0.0,0.0,0.0,0.0,0.0
12.646666666666658,0.01656463690002377,dol,dol,dol,0.0,0.0,0.045,0.03,0.2,0.003,0.0,0.0,0.0,0.0,1.0,0.0,0.0,0.0,0.0
12.646666666666658,0.01656463690002377,dol,dol,dol,0.0,0.0,0.045,0.03,0.2,0.003,0.004,0.0,0.0,0.0,1.0,0.0,0.0,0.0,0.0
12.649999999999995,0.023055663048209923,dol,sqrt,rank,0.0,0.015,0.045,0.01,0.12,0.9,0.2,0.0,0.0,0.0,0.0,0.0,0.0,0.0,0.0
12.650000000000013,0.021152645839232504,dol,dol,dol,0.0,0.015,0.14,0.03,0.26,0.9,0.0,0.0,0.0,0.0,0.0,0.0,0.0,0.0,0.0
12.650000000000013,0.016566923049659316,dol,dol,dol,0.0,0.0,0.045,0.03,0.2,0.003,0.0,0.0,0.0,0.0,0.0,0.0,0.0,0.0,0.0
12.650000000000013,0.016566923049659316,dol,dol,dol,0.0,0.0,0.045,0.03,0.2,0.003,0.004,0.0,0.0,0.0,0.0,0.0,0.0,0.0,0.0
12.656666666666649,0.022251638260120523,dol,dol,dol,-0.01,0.015,0.14,0.0,0.2,0.6,0.0,0.0,0.0,0.0,0.0,0.0,0.0,0.0,0.0
12.656666666666649,0.015733600376735584,dol,dol,dol,0.0,0.0,0.045,0.03,0.2,0.0,0.0,0.0,0.0,0.0,1.0,-300.0,0.0,0.0,0.0
12.656666666666649,0.015733600376735584,dol,dol,dol,0.0,0.0,0.045,0.03,0.2,0.0,0.004,0.0,0.0,0.0,1.0,-300.0,0.0,0.0,0.0
12.656666666666649,0.014848166468674888,dol,dol,rank,0.01,0.015,0.14,0.0,0.16,0.003,0.0,0.0,0.0,0.0,1.0,0.0,0.0,0.0,0.0
12.656666666666686,0.017424302400617035,dol,sqrt,dol,0.0,0.0,0.045,0.03,0.12,0.6,0.2,0.0,0.0,0.0,0.0,0.0,0.0,0.0,0.0
12.660000000000004,0.020731784170420285,dol,dol,dol,-0.01,0.0,0.14,0.03,0.16,0.0,0.0,0.0,0.0,0.0,0.0,0.0,0.011,0.0,0.0
12.660000000000004,0.020731784170420285,dol,dol,dol,-0.01,0.0,0.14,0.03,0.16,0.0,0.004,0.0,0.0,0.0,0.0,0.0,0.011,0.0,0.0
12.660000000000004,0.015735888636654267,dol,dol,dol,0.0,0.0,0.045,0.03,0.2,0.0,0.0,0.0,0.0,0.0,0.0,-300.0,0.0,0.0,0.0
12.660000000000004,0.015735888636654267,dol,dol,dol,0.0,0.0,0.045,0.03,0.2,0.0,0.004,0.0,0.0,0.0,0.0,-300.0,0.0,0.0,0.0
12.660000000000004,0.014847199214616823,dol,dol,rank,0.01,0.015,0.14,0.0,0.16,0.003,0.0,0.0,0.0,0.0,0.0,0.0,0.0,0.0,0.0
12.660000000000004,0.014847199214616823,dol,dol,rank,0.01,0.015,0.14,0.0,0.16,0.003,0.004,0.0,0.0,0.0,0.0,0.0,0.0,0.0,0.0
12.660000000000004,0.014849529337846216,dol,dol,rank,0.01,0.015,0.14,0.0,0.16,0.003,0.004,0.0,0.0,0.0,1.0,0.0,0.0,0.0,0.0
12.663333333333323,0.02115434250315383,dol,dol,dol,0.0,0.015,0.0,0.03,0.16,1.2,0.2,0.0,0.0,0.0,0.0,0.0,0.0,0.0,0.0
12.663333333333359,0.020718724633636245,dol,dol,dol,-0.01,0.0,0.14,0.03,0.16,0.0,0.0,0.0,0.0,0.0,1.0,0.0,0.011,0.0,0.0
12.663333333333359,0.020718724633636245,dol,dol,dol,-0.01,0.0,0.14,0.03,0.16,0.0,0.004,0.0,0.0,0.0,1.0,0.0,0.011,0.0,0.0
12.666666666666679,0.01801583135282226,dol,dol,dol,0.01,0.015,0.045,0.01,0.16,0.6,0.2,0.0,0.0,0.0,0.0,0.0,0.0,0.0,0.0
12.669999999999996,0.019749301405366213,dol,dol,dol,-0.01,0.015,0.14,0.03,0.26,0.9,0.0,0.0,0.0,0.0,0.0,0.0,0.0,0.0,0.0
12.673600000000018,0.023773283387808195,dol,sqrt,dol,-0.01,0.0,0.045,0.03,0.12,1.2,0.0,0.0,0.0,0.0,0.0,0.0,0.0,0.0,0.0
12.676666666666632,0.018590700106355426,dol,dol,rank,0.01,0.015,0.085,0.03,0.16,0.6,0.2,0.0,0.0,0.0,0.0,0.0,0.0,0.0,0.0
12.67666666666665,0.022478720951816404,sqrt,dol,rank,0.01,0.0,0.14,0.0,0.16,0.6,0.2,0.0,0.0,0.0,0.0,0.0,0.0,0.0,0.0
12.67666666666667,0.013130616670520387,dol,dol,dol,0.01,0.0,0.045,0.0,0.16,1.2,0.0,0.0,0.0,0.0,0.0,0.0,0.0,0.0,0.0
12.67666666666667,0.019200356537970465,dol,dol,dol,0.01,0.015,0.085,0.03,0.26,0.9,0.2,0.0,0.0,0.0,0.0,0.0,0.0,0.0,0.0
12.679999999999987,0.01658810307955004,dol,dol,dol,0.0,0.0,0.045,0.03,0.2,0.0,0.0,0.0,0.0,0.0,1.0,0.0,0.0,0.0,0.0
12.679999999999987,0.015729081489982755,dol,dol,dol,0.0,0.0,0.045,0.03,0.2,0.0,0.0,0.0,0.0,0.0,1.0,-300.0,0.011,0.0,0.0
12.679999999999987,0.01658810307955004,dol,dol,dol,0.0,0.0,0.045,0.03,0.2,0.0,0.004,0.0,0.0,0.0,1.0,0.0,0.0,0.0,0.0
12.679999999999987,0.015729081489982755,dol,dol,dol,0.0,0.0,0.045,0.03,0.2,0.0,0.004,0.0,0.0,0.0,1.0,-300.0,0.011,0.0,0.0
12.680000000000005,0.016863961423369333,sqrt,dol,dol,0.01,0.015,0.045,0.01,0.2,1.2,0.0,0.0,0.0,0.0,0.0,0.0,0.0,0.0,0.0
12.683333333333342,0.01573326353798079,dol,dol,dol,0.0,0.0,0.045,0.03,0.2,0.0,0.0,0.0,0.0,0.0,0.0,-300.0,0.011,0.0,0.0
12.683333333333342,0.01573326353798079,dol,dol,dol,0.0,0.0,0.045,0.03,0.2,0.0,0.004,0.0,0.0,0.0,0.0,-300.0,0.011,0.0,0.0
12.686666666666698,0.02054797268723988,dol,dol,dol,-0.01,0.0,0.14,0.03,0.16,0.008,0.004,0.0,0.0,0.0,0.0,0.0,0.0,0.0,0.0
12.690000000000015,0.02055117044697799,dol,dol,dol,-0.01,0.0,0.14,0.03,0.16,0.008,0.0,0.0,0.0,0.0,0.0,0.0,0.0,0.0,0.0
12.690000000000015,0.020564111512445575,dol,dol,dol,-0.01,0.0,0.14,0.03,0.16,0.008,0.0,0.0,0.0,0.0,1.0,0.0,0.0,0.0,0.0
12.690000000000015,0.020564111512445575,dol,dol,dol,-0.01,0.0,0.14,0.03,0.16,0.008,0.004,0.0,0.0,0.0,1.0,0.0,0.0,0.0,0.0
12.690399999999968,0.020787723978882865,dol,dol,dol,0.01,0.0,0.0,0.03,0.2,1.6,0.0,0.0,0.0,0.0,0.0,0.0,0.0,0.0,0.0
12.693333333333333,0.016592883215626124,dol,dol,dol,0.0,0.0,0.045,0.03,0.2,0.0,0.0,0.0,0.0,0.0,0.0,0.0,0.0,0.0,0.0
12.693333333333333,0.016592883215626124,dol,dol,dol,0.0,0.0,0.045,0.03,0.2,0.0,0.004,0.0,0.0,0.0,0.0,0.0,0.0,0.0,0.0
12.696666666666653,0.014890409095690994,dol,dol,rank,0.01,0.015,0.14,0.0,0.16,0.0,0.0,0.0,0.0,0.0,0.0,0.0,0.0,0.0,0.0
12.696666666666653,0.014890409095690994,dol,dol,rank,0.01,0.015,0.14,0.0,0.16,0.0,0.004,0.0,0.0,0.0,0.0,0.0,0.0,0.0,0.0
12.69666666666667,0.0172200543746722,dol,sqrt,dol,0.0,0.015,0.045,0.01,0.12,1.6,0.0,0.0,0.0,0.0,0.0,0.0,0.0,0.0,0.0
12.696666666666689,0.02131208033539247,dol,dol,dol,-0.01,0.015,0.14,0.0,0.2,1.6,0.0,0.0,0.0,0.0,0.0,0.0,0.0,0.0,0.0
12.69999999999997,0.017508089878258703,dol,dol,rank,0.01,0.0,0.14,0.0,0.2,1.2,0.2,0.0,0.0,0.0,0.0,0.0,0.0,0.0,0.0
12.703333333333326,0.01490044560854919,dol,dol,rank,0.01,0.015,0.14,0.0,0.16,0.0,0.0,0.0,0.0,0.0,1.0,0.0,0.0,0.0,0.0
12.703333333333326,0.01490044560854919,dol,dol,rank,0.01,0.015,0.14,0.0,0.16,0.0,0.004,0.0,0.0,0.0,1.0,0.0,0.0,0.0,0.0
12.706399999999984,0.022204140372995826,dol,dol,dol,0.0,0.015,0.0,0.03,0.2,0.6,0.0,0.0,0.0,0.0,0.0,0.0,0.0,0.0,0.0
12.706666666666681,0.022611067170582463,dol,dol,rank,0.01,0.0,0.14,0.03,0.16,0.6,0.0,0.0,0.0,0.0,0.0,0.0,0.0,0.0,0.0
12.707600000000019,0.019769909797654812,dol,dol,dol,0.01,0.0,0.045,0.03,0.2,1.2,0.0,0.0,0.0,0.0,0.0,0.0,0.0,0.0,0.0
12.70999999999998,0.022180113483662528,sqrt,dol,rank,0.01,0.015,0.045,0.03,0.16,0.6,0.2,0.0,0.0,0.0,0.0,0.0,0.0,0.0,0.0
12.709999999999999,0.015500886380868445,dol,dol,dol,0.01,0.0,0.0,0.0,0.2,0.6,0.2,0.0,0.0,0.0,0.0,0.0,0.0,0.0,0.0
12.713333333333354,0.020047172814435767,dol,dol,dol,0.01,0.015,0.085,0.0,0.16,0.6,0.2,0.0,0.0,0.0,0.0,0.0,0.0,0.0,0.0
12.716666666666635,0.02391223156864689,dol,dol,rank,0.0,0.015,0.14,0.0,0.2,1.6,0.2,0.0,0.0,0.0,0.0,0.0,0.0,0.0,0.0
12.71999999999999,0.01660582106995637,dol,dol,dol,0.0,0.0,0.045,0.03,0.2,0.0,0.0,0.0,0.0,0.0,0.0,0.0,0.011,0.0,0.0
12.71999999999999,0.0166084739214655,dol,dol,dol,0.0,0.0,0.045,0.03,0.2,0.0,0.0,0.0,0.0,0.0,1.0,0.0,0.011,0.0,0.0
12.71999999999999,0.01660582106995637,dol,dol,dol,0.0,0.0,0.045,0.03,0.2,0.0,0.004,0.0,0.0,0.0,0.0,0.0,0.011,0.0,0.0
12.71999999999999,0.0166084739214655,dol,dol,dol,0.0,0.0,0.045,0.03,0.2,0.0,0.004,0.0,0.0,0.0,1.0,0.0,0.011,0.0,0.0
12.723333333333308,0.020139831477098455,dol,dol,rank,0.01,0.0,0.045,0.01,0.16,1.2,0.2,0.0,0.0,0.0,0.0,0.0,0.0,0.0,0.0
12.726666666666663,0.025643269828192365,dol,sqrt,dol,0.01,0.015,0.0,0.0,0.16,1.2,0.0,0.0,0.0,0.0,0.0,0.0,0.0,0.0,0.0
12.7266666666667,0.02068786968070726,dol,dol,dol,-0.01,0.0,0.14,0.03,0.16,0.003,0.0,0.0,0.0,0.0,0.0,0.0,0.0,0.0,0.0
12.7266666666667,0.02068786968070726,dol,dol,dol,-0.01,0.0,0.14,0.03,0.16,0.003,0.004,0.0,0.0,0.0,0.0,0.0,0.0,0.0,0.0
12.7266666666667,0.020695448293624248,dol,dol,dol,-0.01,0.0,0.14,0.03,0.16,0.003,0.004,0.0,0.0,0.0,1.0,0.0,0.0,0.0,0.0
12.729999999999983,0.023463059193991307,sqrt,dol,rank,0.0,0.015,0.14,0.01,0.16,0.6,0.2,0.0,0.0,0.0,0.0,0.0,0.0,0.0,0.0
12.730000000000018,0.02069797947018377,dol,dol,dol,-0.01,0.0,0.14,0.03,0.16,0.003,0.0,0.0,0.0,0.0,1.0,0.0,0.0,0.0,0.0
12.736666666666656,0.025116823063731898,dol,dol,dol,-0.01,0.015,0.14,0.03,0.26,1.2,0.2,0.0,0.0,0.0,0.0,0.0,0.0,0.0,0.0
12.736666666666656,0.015524811255487712,dol,dol,rank,0.01,0.015,0.085,0.03,0.2,1.2,0.2,0.0,0.0,0.0,0.0,0.0,0.0,0.0,0.0
12.736666666666693,0.02075087100536943,dol,dol,dol,-0.01,0.0,0.14,0.03,0.16,0.0,0.0,0.0,0.0,0.0,0.0,0.0,0.0,0.0,0.0
12.736666666666693,0.020754432852695286,dol,dol,dol,-0.01,0.0,0.14,0.03,0.16,0.0,0.0,0.0,0.0,0.0,1.0,0.0,0.0,0.0,0.0
12.736666666666693,0.02075087100536943,dol,dol,dol,-0.01,0.0,0.14,0.03,0.16,0.0,0.004,0.0,0.0,0.0,0.0,0.0,0.0,0.0,0.0
12.736666666666693,0.020754432852695286,dol,dol,dol,-0.01,0.0,0.14,0.03,0.16,0.0,0.004,0.0,0.0,0.0,1.0,0.0,0.0,0.0,0.0
12.743333333333329,0.018417098579148517,dol,sqrt,rank,0.01,0.015,0.14,0.0,0.12,1.6,0.0,0.0,0.0,0.0,0.0,0.0,0.0,0.0,0.0
12.753333333333357,0.020987025799906144,sqrt,dol,dol,0.01,0.0,0.085,0.01,0.2,0.9,0.0,0.0,0.0,0.0,0.0,0.0,0.0,0.0,0.0
12.759999999999993,0.0144349881807287,dol,dol,dol,0.0,0.015,0.045,0.0,0.2,0.6,0.0,0.0,0.0,0.0,0.0,0.0,0.0,0.0,0.0
12.759999999999993,0.014590665790916517,dol,dol,rank,0.01,0.015,0.14,0.01,0.2,0.9,0.2,0.0,0.0,0.0,0.0,0.0,0.0,0.0,0.0
12.759999999999993,0.014970010987402874,dol,dol,rank,0.01,0.015,0.14,0.0,0.16,0.0,0.0,0.0,0.0,0.0,0.0,0.0,0.011,0.0,0.0
12.759999999999993,0.014970010987402874,dol,dol,rank,0.01,0.015,0.14,0.0,0.16,0.0,0.004,0.0,0.0,0.0,0.0,0.0,0.011,0.0,0.0
12.763333333333312,0.023925352524203407,dol,dol,dol,0.0,0.0,0.0,0.03,0.16,0.6,0.2,0.0,0.0,0.0,0.0,0.0,0.0,0.0,0.0
12.763333333333312,0.014969065289109712,dol,dol,rank,0.01,0.015,0.14,0.0,0.16,0.0,0.0,0.0,0.0,0.0,1.0,0.0,0.011,0.0,0.0
12.763333333333312,0.014969065289109712,dol,dol,rank,0.01,0.015,0.14,0.0,0.16,0.0,0.004,0.0,0.0,0.0,1.0,0.0,0.011,0.0,0.0
12.766666666666667,0.024720685087294508,sqrt,dol,rank,0.01,0.0,0.0,0.0,0.12,0.6,0.0,0.0,0.0,0.0,0.0,0.0,0.0,0.0,0.0
12.773333333333303,0.01759910519821328,dol,dol,rank,0.0,0.0,0.14,0.03,0.16,0.9,0.2,0.0,0.0,0.0,0.0,0.0,0.0,0.0,0.0
12.773333333333321,0.025358696792955222,dol,dol,dol,-0.01,0.0,0.085,0.01,0.12,0.9,0.2,0.0,0.0,0.0,0.0,0.0,0.0,0.0,0.0
12.776666666666658,0.01844933739852041,dol,dol,dol,0.0,0.015,0.0,0.03,0.26,1.6,0.2,0.0,0.0,0.0,0.0,0.0,0.0,0.0,0.0
12.783333333333331,0.018430653675029756,dol,dol,dol,0.0,0.0,0.045,0.03,0.26,1.2,0.0,0.0,0.0,0.0,0.0,0.0,0.0,0.0,0.0
12.783333333333331,0.02384910646823761,dol,dol,dol,0.01,0.0,0.085,0.0,0.26,1.6,0.0,0.0,0.0,0.0,0.0,0.0,0.0,0.0,0.0
12.783333333333331,0.024647146421862737,dol,sqrt,dol,0.01,0.015,0.0,0.0,0.12,1.6,0.0,0.0,0.0,0.0,0.0,0.0,0.0,0.0,0.0
12.78666666666665,0.02464799490154659,dol,dol,dol,0.01,0.015,0.045,0.0,0.26,1.6,0.2,0.0,0.0,0.0,0.0,0.0,0.0,0.0,0.0
12.78666666666665,0.01642057929911482,dol,dol,rank,0.01,0.0,0.14,0.03,0.2,1.2,0.0,0.0,0.0,0.0,0.0,0.0,0.0,0.0,0.0
12.78666666666665,0.019511963872151573,dol,sqrt,rank,-0.01,0.015,0.14,0.0,0.12,1.2,0.0,0.0,0.0,0.0,0.0,0.0,0.0,0.0,0.0
12.789999999999967,0.018590036779992696,dol,sqrt,rank,0.01,0.0,0.0,0.0,0.12,1.2,0.0,0.0,0.0,0.0,0.0,0.0,0.0,0.0,0.0
12.79333333333336,0.018662639666813863,dol,dol,dol,-0.01,0.015,0.14,0.0,0.16,1.2,0.0,0.0,0.0,0.0,0.0,0.0,0.0,0.0,0.0
12.796666666666678,0.02939177318885653,sqrt,dol,dol,0.01,0.0,0.085,0.0,0.2,1.2,0.0,0.0,0.0,0.0,0.0,0.0,0.0,0.0,0.0
12.799999999999997,0.02151881290784794,dol,dol,dol,-0.01,0.0,0.14,0.03,0.2,1.2,0.2,0.0,0.0,0.0,0.0,0.0,0.0,0.0,0.0
12.799999999999997,0.02266708687682388,dol,sqrt,rank,0.01,0.0,0.0,0.01,0.12,0.9,0.2,0.0,0.0,0.0,0.0,0.0,0.0,0.0,0.0
12.803333333333315,0.023364636432643884,dol,dol,rank,0.01,0.015,0.045,0.01,0.2,1.6,0.2,0.0,0.0,0.0,0.0,0.0,0.0,0.0,0.0
12.803333333333333,0.018617937469806636,dol,dol,dol,-0.01,0.015,0.085,0.03,0.16,1.2,0.2,0.0,0.0,0.0,0.0,0.0,0.0,0.0,0.0
12.803333333333333,0.02221227723746654,sqrt,dol,dol,-0.01,0.0,0.085,0.01,0.16,1.2,0.0,0.0,0.0,0.0,0.0,0.0,0.0,0.0,0.0
12.80666666666667,0.015345810143585228,dol,dol,rank,0.01,0.015,0.14,0.0,0.16,0.008,0.0,0.0,0.0,0.0,1.0,-300.0,0.0,0.0,0.0
12.80666666666667,0.015345810143585228,dol,dol,rank,0.01,0.015,0.14,0.0,0.16,0.008,0.004,0.0,0.0,0.0,1.0,-300.0,0.0,0.0,0.0
12.809999999999988,0.015106829681870272,dol,dol,rank,0.01,0.015,0.14,0.0,0.2,1.6,0.0,0.0,0.0,0.0,0.0,0.0,0.0,0.0,0.0
12.816666666666661,0.016210116322382895,dol,dol,dol,0.0,0.015,0.045,0.03,0.26,0.9,0.2,0.0,0.0,0.0,0.0,0.0,0.0,0.0,0.0
12.816666666666661,0.01759138469904031,dol,dol,dol,0.01,0.0,0.045,0.01,0.2,1.6,0.2,0.0,0.0,0.0,0.0,0.0,0.0,0.0,0.0
12.816666666666661,0.02301901970593496,dol,dol,rank,0.01,0.015,0.085,0.0,0.2,1.6,0.2,0.0,0.0,0.0,0.0,0.0,0.0,0.0,0.0
12.816666666666661,0.01382121533756737,dol,sqrt,dol,0.0,0.015,0.0,0.03,0.12,0.008,0.0,0.0,0.0,0.0,0.0,0.0,0.0,0.0,0.0
12.816666666666661,0.013816211146491808,dol,sqrt,dol,0.0,0.015,0.0,0.03,0.12,0.008,0.004,0.0,0.0,0.0,0.0,0.0,0.0,0.0,0.0
12.816666666666661,0.015356009756106225,dol,dol,rank,0.01,0.015,0.14,0.0,0.16,0.008,0.0,0.0,0.0,0.0,0.0,-300.0,0.0,0.0,0.0
12.816666666666661,0.015356009756106225,dol,dol,rank,0.01,0.015,0.14,0.0,0.16,0.008,0.004,0.0,0.0,0.0,0.0,-300.0,0.0,0.0,0.0
12.819999999999979,0.013812696631079034,dol,sqrt,dol,0.0,0.015,0.0,0.03,0.12,0.008,0.0,0.0,0.0,0.0,1.0,0.0,0.0,0.0,0.0
12.819999999999979,0.013812696631079034,dol,sqrt,dol,0.0,0.015,0.0,0.03,0.12,0.008,0.004,0.0,0.0,0.0,1.0,0.0,0.0,0.0,0.0
12.819999999999999,0.014157758953753685,sqrt,dol,dol,0.01,0.0,0.0,0.01,0.16,0.9,0.0,0.0,0.0,0.0,0.0,0.0,0.0,0.0,0.0
12.823333333333334,0.02045832405249846,dol,dol,rank,0.01,0.015,0.0,0.03,0.16,1.2,0.2,0.0,0.0,0.0,0.0,0.0,0.0,0.0,0.0
12.823333333333334,0.01993813140135699,sqrt,dol,dol,-0.01,0.0,0.045,0.03,0.16,0.9,0.0,0.0,0.0,0.0,0.0,0.0,0.0,0.0,0.0
12.829600000000019,0.02148427000975021,dol,sqrt,dol,-0.01,0.015,0.045,0.03,0.12,1.2,0.0,0.0,0.0,0.0,0.0,0.0,0.0,0.0,0.0
12.833333333333327,0.02636949494733978,dol,sqrt,rank,-0.01,0.015,0.14,0.0,0.12,0.9,0.2,0.0,0.0,0.0,0.0,0.0,0.0,0.0,0.0
12.836666666666662,0.02294384915719566,dol,sqrt,rank,0.0,0.015,0.085,0.0,0.12,0.9,0.2,0.0,0.0,0.0,0.0,0.0,0.0,0.0,0.0
12.84,0.020452613110236967,dol,dol,rank,0.01,0.015,0.045,0.01,0.16,1.6,0.0,0.0,0.0,0.0,0.0,0.0,0.0,0.0,0.0
12.84,0.02231911401566927,dol,sqrt,dol,0.01,0.0,0.0,0.01,0.16,0.9,0.0,0.0,0.0,0.0,0.0,0.0,0.0,0.0,0.0
12.84,0.01497107067350598,sqrt,dol,dol,0.01,0.015,0.0,0.03,0.2,1.2,0.0,0.0,0.0,0.0,0.0,0.0,0.0,0.0,0.0
12.84,0.029189306122721144,sqrt,sqrt,dol,0.01,0.0,0.0,0.01,0.12,0.6,0.0,0.0,0.0,0.0,0.0,0.0,0.0,0.0,0.0
12.84,0.026890926558696068,dol,dol,dol,-0.01,0.0,0.14,0.03,0.2,0.008,0.0,0.0,0.0,0.0,0.0,0.0,0.0,0.0,0.0
12.84,0.02689098722896109,dol,dol,dol,-0.01,0.0,0.14,0.03,0.2,0.008,0.004,0.0,0.0,0.0,0.0,0.0,0.0,0.0,0.0
12.84,0.026889335103276478,dol,dol,dol,-0.01,0.0,0.14,0.03,0.2,0.008,0.004,0.0,0.0,0.0,1.0,0.0,0.0,0.0,0.0
12.843333333333318,0.026895080592444307,dol,dol,dol,-0.01,0.0,0.14,0.03,0.2,0.008,0.0,0.0,0.0,0.0,1.0,0.0,0.0,0.0,0.0
12.843333333333355,0.01963167033326696,sqrt,dol,dol,0.0,0.015,0.0,0.03,0.2,1.2,0.0,0.0,0.0,0.0,0.0,0.0,0.0,0.0,0.0
12.84999999999999,0.01765042941666272,dol,sqrt,rank,0.01,0.015,0.0,0.01,0.12,0.6,0.2,0.0,0.0,0.0,0.0,0.0,0.0,0.0,0.0
12.853333333333328,0.02208771173534515,sqrt,dol,rank,0.0,0.0,0.14,0.03,0.16,0.6,0.2,0.0,0.0,0.0,0.0,0.0,0.0,0.0,0.0
12.853333333333346,0.01560465120832034,dol,dol,dol,0.01,0.0,0.085,0.03,0.2,1.2,0.0,0.0,0.0,0.0,0.0,0.0,0.0,0.0,0.0
12.859999999999982,0.021361544005438743,dol,sqrt,dol,0.0,0.015,0.0,0.01,0.12,0.6,0.0,0.0,0.0,0.0,0.0,0.0,0.0,0.0,0.0
12.863333333333301,0.019602614887928697,dol,dol,dol,0.01,0.015,0.0,0.01,0.26,1.6,0.2,0.0,0.0,0.0,0.0,0.0,0.0,0.0,0.0
12.866400000000011,0.02674945562755196,dol,sqrt,dol,-0.01,0.015,0.045,0.03,0.16,1.6,0.0,0.0,0.0,0.0,0.0,0.0,0.0,0.0,0.0
12.866666666666656,0.018050864144698746,dol,sqrt,rank,0.01,0.0,0.14,0.01,0.12,1.6,0.0,0.0,0.0,0.0,0.0,0.0,0.0,0.0,0.0
12.869999999999992,0.017344144792770636,dol,dol,dol,0.0,0.0,0.085,0.01,0.16,1.2,0.2,0.0,0.0,0.0,0.0,0.0,0.0,0.0,0.0
12.869999999999992,0.01764972424713769,dol,sqrt,rank,0.0,0.015,0.14,0.03,0.12,1.6,0.0,0.0,0.0,0.0,0.0,0.0,0.0,0.0,0.0
12.87333333333333,0.014946872708957464,dol,dol,dol,0.0,0.0,0.045,0.0,0.2,0.9,0.0,0.0,0.0,0.0,0.0,0.0,0.0,0.0,0.0
12.87333333333333,0.017653688358716054,dol,sqrt,rank,-0.01,0.0,0.14,0.03,0.12,0.6,0.0,0.0,0.0,0.0,0.0,0.0,0.0,0.0,0.0
12.876666666666647,0.020316917911125384,sqrt,dol,dol,0.0,0.015,0.085,0.0,0.2,0.9,0.0,0.0,0.0,0.0,0.0,0.0,0.0,0.0,0.0
12.876666666666685,0.016423202942449727,dol,dol,dol,0.01,0.0,0.085,0.01,0.16,0.6,0.0,0.0,0.0,0.0,0.0,0.0,0.0,0.0,0.0
12.879999999999965,0.02449182817760816,dol,sqrt,rank,0.0,0.0,0.045,0.01,0.12,0.9,0.2,0.0,0.0,0.0,0.0,0.0,0.0,0.0,0.0
12.88333333333332,0.02178708622097043,dol,dol,dol,-0.01,0.0,0.085,0.03,0.26,1.6,0.2,0.0,0.0,0.0,0.0,0.0,0.0,0.0,0.0
12.88333333333332,0.017103551030468837,dol,dol,rank,0.01,0.0,0.14,0.03,0.2,0.9,0.0,0.0,0.0,0.0,0.0,0.0,0.0,0.0,0.0
12.88333333333332,0.024007543970208232,dol,sqrt,rank,-0.01,0.015,0.14,0.01,0.12,0.9,0.2,0.0,0.0,0.0,0.0,0.0,0.0,0.0,0.0
12.88333333333332,0.024517521989763123,sqrt,dol,rank,-0.01,0.015,0.14,0.03,0.16,0.6,0.2,0.0,0.0,0.0,0.0,0.0,0.0,0.0,0.0
12.886666666666638,0.027020204101814327,dol,dol,dol,-0.01,0.0,0.14,0.03,0.2,0.003,0.0,0.0,0.0,0.0,0.0,0.0,0.0,0.0,0.0
12.886666666666638,0.027020204101814327,dol,dol,dol,-0.01,0.0,0.14,0.03,0.2,0.003,0.004,0.0,0.0,0.0,0.0,0.0,0.0,0.0,0.0
12.886666666666658,0.016509467992864204,sqrt,dol,dol,0.0,0.0,0.085,0.03,0.2,1.2,0.0,0.0,0.0,0.0,0.0,0.0,0.0,0.0,0.0
12.886666666666676,0.016862938720647012,dol,dol,dol,0.01,0.015,0.085,0.03,0.2,0.6,0.0,0.0,0.0,0.0,0.0,0.0,0.0,0.0,0.0
12.889999999999993,0.021186191958530543,dol,dol,dol,0.01,0.0,0.045,0.01,0.2,0.008,0.0,0.0,0.0,0.0,0.0,-300.0,0.0,0.0,0.0
12.893333333333311,0.021191018696783016,dol,dol,dol,0.01,0.0,0.045,0.01,0.2,0.008,0.004,0.0,0.0,0.0,0.0,-300.0,0.0,0.0,0.0
12.893333333333311,0.021180756869280084,dol,dol,dol,0.01,0.0,0.045,0.01,0.2,0.008,0.004,0.0,0.0,0.0,1.0,-300.0,0.0,0.0,0.0
12.893333333333311,0.015454606123885656,dol,dol,rank,0.01,0.015,0.14,0.0,0.16,0.003,0.0,0.0,0.0,0.0,1.0,-300.0,0.0,0.0,0.0
12.893333333333311,0.015448793027288568,dol,dol,rank,0.01,0.015,0.14,0.0,0.16,0.003,0.004,0.0,0.0,0.0,0.0,-300.0,0.0,0.0,0.0
12.893333333333311,0.015454606123885656,dol,dol,rank,0.01,0.015,0.14,0.0,0.16,0.003,0.004,0.0,0.0,0.0,1.0,-300.0,0.0,0.0,0.0
12.89333333333333,0.01643949611960984,dol,sqrt,rank,0.01,0.0,0.085,0.03,0.12,1.6,0.0,0.0,0.0,0.0,0.0,0.0,0.0,0.0,0.0
12.896666666666667,0.02028746252318485,dol,dol,rank,0.0,0.0,0.085,0.03,0.16,1.2,0.2,0.0,0.0,0.0,0.0,0.0,0.0,0.0,0.0
12.896666666666667,0.021188110434339765,dol,dol,dol,0.01,0.0,0.045,0.01,0.2,0.008,0.0,0.0,0.0,0.0,1.0,-300.0,0.0,0.0,0.0
12.896666666666667,0.027027191302532786,dol,dol,dol,-0.01,0.0,0.14,0.03,0.2,0.003,0.0,0.0,0.0,0.0,1.0,0.0,0.0,0.0,0.0
12.896666666666667,0.027027191302532786,dol,dol,dol,-0.01,0.0,0.14,0.03,0.2,0.003,0.004,0.0,0.0,0.0,1.0,0.0,0.0,0.0,0.0
12.896666666666667,0.01545310833169531,dol,dol,rank,0.01,0.015,0.14,0.0,0.16,0.003,0.0,0.0,0.0,0.0,0.0,-300.0,0.0,0.0,0.0
12.899999999999986,0.022388217521227046,dol,dol,dol,0.0,0.0,0.14,0.01,0.2,0.9,0.0,0.0,0.0,0.0,0.0,0.0,0.0,0.0,0.0
12.902400000000025,0.029127686245220382,dol,dol,dol,-0.01,0.015,0.14,0.0,0.16,0.008,0.0,0.0,0.0,0.0,1.0,0.0,0.0,0.0,0.0
12.902400000000025,0.029127686245220382,dol,dol,dol,-0.01,0.015,0.14,0.0,0.16,0.008,0.004,0.0,0.0,0.0,1.0,0.0,0.0,0.0,0.0
12.903333333333341,0.013964940654420322,dol,sqrt,dol,0.0,0.015,0.0,0.03,0.12,0.003,0.0,0.0,0.0,0.0,1.0,0.0,0.0,0.0,0.0
12.903333333333341,0.013964940654420322,dol,sqrt,dol,0.0,0.015,0.0,0.03,0.12,0.003,0.004,0.0,0.0,0.0,1.0,0.0,0.0,0.0,0.0
12.903600000000015,0.016498492323935625,dol,dol,dol,0.0,0.0,0.085,0.03,0.2,0.9,0.0,0.0,0.0,0.0,0.0,0.0,0.0,0.0,0.0
12.90666666666666,0.013974949946243102,dol,sqrt,dol,0.0,0.015,0.0,0.03,0.12,0.003,0.0,0.0,0.0,0.0,0.0,0.0,0.0,0.0,0.0
12.90666666666666,0.013975307857206715,dol,sqrt,dol,0.0,0.015,0.0,0.03,0.12,0.003,0.004,0.0,0.0,0.0,0.0,0.0,0.0,0.0,0.0
12.909999999999977,0.023744103877867507,sqrt,dol,rank,0.0,0.0,0.085,0.03,0.16,0.6,0.2,0.0,0.0,0.0,0.0,0.0,0.0,0.0,0.0
12.910000000000014,0.02089723262025826,dol,dol,dol,0.0,0.015,0.14,0.01,0.2,0.6,0.0,0.0,0.0,0.0,0.0,0.0,0.0,0.0,0.0
12.910000000000014,0.021036504640302812,dol,dol,dol,0.01,0.015,0.085,0.0,0.2,0.9,0.2,0.0,0.0,0.0,0.0,0.0,0.0,0.0,0.0
12.910400000000033,0.029136131522116557,dol,dol,dol,-0.01,0.015,0.14,0.0,0.16,0.008,0.0,0.0,0.0,0.0,0.0,0.0,0.0,0.0,0.0
12.910400000000033,0.029136131522116557,dol,dol,dol,-0.01,0.015,0.14,0.0,0.16,0.008,0.004,0.0,0.0,0.0,0.0,0.0,0.0,0.0,0.0
12.913333333333332,0.01538336501983013,dol,dol,dol,0.01,0.0,0.0,0.01,0.16,1.2,0.2,0.0,0.0,0.0,0.0,0.0,0.0,0.0,0.0
12.913333333333332,0.020307388932584595,dol,dol,dol,0.0,0.015,0.085,0.01,0.2,0.008,0.0,0.0,0.0,0.0,1.0,0.0,0.0,0.0,0.0
12.913333333333332,0.020307388932584595,dol,dol,dol,0.0,0.015,0.085,0.01,0.2,0.008,0.004,0.0,0.0,0.0,1.0,0.0,0.0,0.0,0.0
12.913333333333332,0.021846952446169365,dol,dol,dol,-0.01,0.0,0.14,0.03,0.16,0.008,0.0,0.0,0.0,0.0,1.0,-300.0,0.0,0.0,0.0
12.913333333333332,0.021846952446169365,dol,dol,dol,-0.01,0.0,0.14,0.03,0.16,0.008,0.004,0.0,0.0,0.0,1.0,-300.0,0.0,0.0,0.0
12.91666666666665,0.024203585992346028,dol,dol,dol,-0.01,0.0,0.14,0.01,0.2,0.9,0.2,0.0,0.0,0.0,0.0,0.0,0.0,0.0,0.0
12.91666666666665,0.015390383363453733,dol,dol,rank,0.01,0.015,0.14,0.01,0.2,0.6,0.2,0.0,0.0,0.0,0.0,0.0,0.0,0.0,0.0
12.91666666666665,0.020498358111303912,sqrt,dol,dol,-0.01,0.0,0.045,0.03,0.16,0.6,0.2,0.0,0.0,0.0,0.0,0.0,0.0,0.0,0.0
12.91666666666665,0.020318121543022555,dol,dol,dol,0.0,0.015,0.085,0.01,0.2,0.008,0.0,0.0,0.0,0.0,0.0,0.0,0.0,0.0,0.0
12.91666666666665,0.020318121543022555,dol,dol,dol,0.0,0.015,0.085,0.01,0.2,0.008,0.004,0.0,0.0,0.0,0.0,0.0,0.0,0.0,0.0
12.916666666666687,0.022012094892480266,dol,dol,dol,-0.01,0.0,0.14,0.03,0.16,0.0,0.0,0.0,0.0,0.0,1.0,-300.0,0.011,0.0,0.0
12.916666666666687,0.022012094892480266,dol,dol,dol,-0.01,0.0,0.14,0.03,0.16,0.0,0.004,0.0,0.0,0.0,1.0,-300.0,0.011,0.0,0.0
12.920000000000005,0.021856799503095572,dol,dol,dol,-0.01,0.0,0.14,0.03,0.16,0.008,0.0,0.0,0.0,0.0,0.0,-300.0,0.0,0.0,0.0
12.920000000000005,0.021856799503095572,dol,dol,dol,-0.01,0.0,0.14,0.03,0.16,0.008,0.004,0.0,0.0,0.0,0.0,-300.0,0.0,0.0,0.0
12.923333333333323,0.01403346263070549,dol,sqrt,dol,0.0,0.015,0.0,0.03,0.12,0.0,0.0,0.0,0.0,0.0,1.0,0.0,0.0,0.0,0.0
12.923333333333323,0.01403346263070549,dol,sqrt,dol,0.0,0.015,0.0,0.03,0.12,0.0,0.004,0.0,0.0,0.0,1.0,0.0,0.0,0.0,0.0
12.926666666666641,0.02313120142433879,sqrt,dol,rank,0.01,0.0,0.085,0.01,0.16,0.6,0.2,0.0,0.0,0.0,0.0,0.0,0.0,0.0,0.0
12.926666666666641,0.027094138946629383,dol,dol,dol,-0.01,0.0,0.14,0.03,0.2,0.0,0.0,0.0,0.0,0.0,0.0,0.0,0.0,0.0,0.0
12.926666666666641,0.027094138946629383,dol,dol,dol,-0.01,0.0,0.14,0.03,0.2,0.0,0.004,0.0,0.0,0.0,0.0,0.0,0.0,0.0,0.0
12.926666666666678,0.021933370906756067,dol,dol,dol,-0.01,0.0,0.14,0.03,0.16,0.003,0.0,0.0,0.0,0.0,1.0,-300.0,0.0,0.0,0.0
12.926666666666678,0.02192797004842091,dol,dol,dol,-0.01,0.0,0.14,0.03,0.16,0.003,0.004,0.0,0.0,0.0,1.0,-300.0,0.0,0.0,0.0
12.929999999999996,0.019563326141116805,dol,dol,dol,-0.01,0.015,0.085,0.0,0.2,0.9,0.2,0.0,0.0,0.0,0.0,0.0,0.0,0.0,0.0
12.929999999999996,0.016086592924728527,dol,sqrt,rank,0.01,0.015,0.14,0.03,0.16,1.2,0.0,0.0,0.0,0.0,0.0,0.0,0.0,0.0,0.0
12.929999999999996,0.027110176442449445,dol,dol,dol,-0.01,0.0,0.14,0.03,0.2,0.0,0.0,0.0,0.0,0.0,1.0,0.0,0.0,0.0,0.0
12.929999999999996,0.027110176442449445,dol,dol,dol,-0.01,0.0,0.14,0.03,0.2,0.0,0.004,0.0,0.0,0.0,1.0,0.0,0.0,0.0,0.0
12.930000000000033,0.021724584113139867,sqrt,dol,dol,0.0,0.015,0.14,0.01,0.2,0.6,0.0,0.0,0.0,0.0,0.0,0.0,0.0,0.0,0.0
12.930000000000033,0.022040190126557786,dol,dol,dol,-0.01,0.0,0.14,0.03,0.16,0.0,0.0,0.0,0.0,0.0,0.0,-300.0,0.011,0.0,0.0
12.930000000000033,0.022040190126557786,dol,dol,dol,-0.01,0.0,0.14,0.03,0.16,0.0,0.004,0.0,0.0,0.0,0.0,-300.0,0.011,0.0,0.0
12.933333333333316,0.027079764101221003,dol,dol,dol,-0.01,0.0,0.14,0.03,0.2,0.0,0.0,0.0,0.0,0.0,0.0,0.0,0.011,0.0,0.0
12.933333333333316,0.027079764101221003,dol,dol,dol,-0.01,0.0,0.14,0.03,0.2,0.0,0.004,0.0,0.0,0.0,0.0,0.0,0.011,0.0,0.0
12.936666666666634,0.019638394312804314,dol,dol,rank,0.0,0.0,0.14,0.0,0.16,1.6,0.0,0.0,0.0,0.0,0.0,0.0,0.0,0.0,0.0
12.936666666666671,0.01661813032893982,dol,dol,dol,0.0,0.0,0.14,0.03,0.2,0.9,0.0,0.0,0.0,0.0,0.0,0.0,0.0,0.0,0.0
12.936666666666671,0.027078393738947697,dol,dol,dol,-0.01,0.0,0.14,0.03,0.2,0.0,0.0,0.0,0.0,0.0,1.0,0.0,0.011,0.0,0.0
12.936666666666671,0.027078393738947697,dol,dol,dol,-0.01,0.0,0.14,0.03,0.2,0.0,0.004,0.0,0.0,0.0,1.0,0.0,0.011,0.0,0.0
12.939999999999989,0.014053848691267358,dol,sqrt,dol,0.0,0.015,0.0,0.03,0.12,0.0,0.0,0.0,0.0,0.0,0.0,0.0,0.0,0.0,0.0
12.939999999999989,0.014053848691267358,dol,sqrt,dol,0.0,0.015,0.0,0.03,0.12,0.0,0.004,0.0,0.0,0.0,0.0,0.0,0.0,0.0,0.0
12.940000000000026,0.021958328734555724,dol,dol,dol,-0.01,0.0,0.14,0.03,0.16,0.003,0.0,0.0,0.0,0.0,0.0,-300.0,0.0,0.0,0.0
12.940000000000026,0.021958328734555724,dol,dol,dol,-0.01,0.0,0.14,0.03,0.16,0.003,0.004,0.0,0.0,0.0,0.0,-300.0,0.0,0.0,0.0
12.943333333333307,0.019119990103437685,dol,dol,rank,0.01,0.0,0.14,0.0,0.16,0.9,0.0,0.0,0.0,0.0,0.0,0.0,0.0,0.0,0.0
12.94999999999998,0.015054973168727694,dol,dol,rank,0.01,0.0,0.14,0.01,0.2,0.9,0.2,0.0,0.0,0.0,0.0,0.0,0.0,0.0,0.0
12.949999999999998,0.01777474175673218,sqrt,dol,dol,0.01,0.015,0.045,0.01,0.16,0.6,0.0,0.0,0.0,0.0,0.0,0.0,0.0,0.0,0.0
12.953333333333335,0.02472492750391948,dol,dol,dol,-0.01,0.015,0.14,0.03,0.26,0.9,0.2,0.0,0.0,0.0,0.0,0.0,0.0,0.0,0.0
12.956666666666672,0.022189946724353128,sqrt,dol,rank,0.01,0.015,0.14,0.0,0.16,0.6,0.2,0.0,0.0,0.0,0.0,0.0,0.0,0.0,0.0
12.95999999999997,0.01409006161698273,dol,dol,dol,-0.01,0.015,0.085,0.0,0.16,0.9,0.0,0.0,0.0,0.0,0.0,0.0,0.0,0.0,0.0
12.95999999999997,0.021324080599346068,dol,dol,dol,0.01,0.0,0.045,0.01,0.2,0.003,0.0,0.0,0.0,0.0,0.0,-300.0,0.0,0.0,0.0
12.95999999999997,0.021324080599346068,dol,dol,dol,0.01,0.0,0.045,0.01,0.2,0.003,0.004,0.0,0.0,0.0,0.0,-300.0,0.0,0.0,0.0
12.960000000000008,0.01694675234046007,sqrt,dol,dol,0.0,0.0,0.085,0.03,0.2,0.008,0.0,0.0,0.0,0.0,0.0,0.0,0.0,0.0,0.0
12.960000000000008,0.01694894129983301,sqrt,dol,dol,0.0,0.0,0.085,0.03,0.2,0.008,0.004,0.0,0.0,0.0,0.0,0.0,0.0,0.0,0.0
12.960000000000008,0.022050556238889872,dol,dol,dol,-0.01,0.0,0.14,0.03,0.16,0.0,0.0,0.0,0.0,0.0,0.0,-300.0,0.0,0.0,0.0
12.960000000000008,0.022039354499184892,dol,dol,dol,-0.01,0.0,0.14,0.03,0.16,0.0,0.0,0.0,0.0,0.0,1.0,-300.0,0.0,0.0,0.0
12.960000000000008,0.022050556238889872,dol,dol,dol,-0.01,0.0,0.14,0.03,0.16,0.0,0.004,0.0,0.0,0.0,0.0,-300.0,0.0,0.0,0.0
12.960000000000008,0.022039354499184892,dol,dol,dol,-0.01,0.0,0.14,0.03,0.16,0.0,0.004,0.0,0.0,0.0,1.0,-300.0,0.0,0.0,0.0
12.960000000000008,0.013996591942326544,dol,sqrt,dol,0.0,0.015,0.0,0.03,0.12,0.0,0.0,0.0,0.0,0.0,1.0,0.0,0.011,0.0,0.0
12.960000000000008,0.013996591942326544,dol,sqrt,dol,0.0,0.015,0.0,0.03,0.12,0.0,0.004,0.0,0.0,0.0,1.0,0.0,0.011,0.0,0.0
12.963333333333326,0.024053203330210392,dol,sqrt,rank,0.01,0.015,0.0,0.0,0.12,0.9,0.2,0.0,0.0,0.0,0.0,0.0,0.0,0.0,0.0
12.963333333333326,0.02134138294487966,dol,dol,dol,0.01,0.0,0.045,0.01,0.2,0.003,0.0,0.0,0.0,0.0,1.0,-300.0,0.0,0.0,0.0
12.963333333333326,0.02134138294487966,dol,dol,dol,0.01,0.0,0.045,0.01,0.2,0.003,0.004,0.0,0.0,0.0,1.0,-300.0,0.0,0.0,0.0
12.963333333333326,0.016943143770115823,sqrt,dol,dol,0.0,0.0,0.085,0.03,0.2,0.008,0.0,0.0,0.0,0.0,1.0,0.0,0.0,0.0,0.0
12.963333333333326,0.016943143770115823,sqrt,dol,dol,0.0,0.0,0.085,0.03,0.2,0.008,0.004,0.0,0.0,0.0,1.0,0.0,0.0,0.0,0.0
12.966666666666645,0.014015349233898806,dol,sqrt,dol,0.0,0.015,0.0,0.03,0.12,0.0,0.0,0.0,0.0,0.0,0.0,0.0,0.011,0.0,0.0
12.966666666666645,0.014015349233898806,dol,sqrt,dol,0.0,0.015,0.0,0.03,0.12,0.0,0.004,0.0,0.0,0.0,0.0,0.0,0.011,0.0,0.0
12.966666666666645,0.015530116502866042,dol,dol,rank,0.01,0.015,0.14,0.0,0.16,0.0,0.0,0.0,0.0,0.0,0.0,-300.0,0.0,0.0,0.0
12.966666666666645,0.015530116502866042,dol,dol,rank,0.01,0.015,0.14,0.0,0.16,0.0,0.004,0.0,0.0,0.0,0.0,-300.0,0.0,0.0,0.0
12.97,0.023241565974842646,dol,dol,dol,-0.01,0.0,0.14,0.0,0.2,0.9,0.0,0.0,0.0,0.0,0.0,0.0,0.0,0.0,0.0
12.97,0.02509891350902134,sqrt,dol,dol,-0.01,0.015,0.14,0.01,0.2,0.9,0.0,0.0,0.0,0.0,0.0,0.0,0.0,0.0,0.0
12.97,0.015532477160477032,dol,dol,rank,0.01,0.015,0.14,0.0,0.16,0.0,0.0,0.0,0.0,0.0,1.0,-300.0,0.0,0.0,0.0
12.97,0.015532477160477032,dol,dol,rank,0.01,0.015,0.14,0.0,0.16,0.0,0.004,0.0,0.0,0.0,1.0,-300.0,0.0,0.0,0.0
12.970400000000026,0.029244957705306836,dol,dol,dol,-0.01,0.015,0.14,0.0,0.16,0.003,0.0,0.0,0.0,0.0,0.0,0.0,0.0,0.0,0.0
12.970400000000026,0.029248278101897313,dol,dol,dol,-0.01,0.015,0.14,0.0,0.16,0.003,0.0,0.0,0.0,0.0,1.0,0.0,0.0,0.0,0.0
12.970400000000026,0.029244957705306836,dol,dol,dol,-0.01,0.015,0.14,0.0,0.16,0.003,0.004,0.0,0.0,0.0,0.0,0.0,0.0,0.0,0.0
12.970400000000026,0.029248278101897313,dol,dol,dol,-0.01,0.015,0.14,0.0,0.16,0.003,0.004,0.0,0.0,0.0,1.0,0.0,0.0,0.0,0.0
12.973333333333319,0.022017021178069383,dol,dol,rank,0.0,0.0,0.14,0.03,0.16,1.2,0.0,0.0,0.0,0.0,0.0,0.0,0.0,0.0,0.0
12.973333333333319,0.01696076503122556,dol,sqrt,rank,0.0,0.0,0.085,0.01,0.12,0.9,0.0,0.0,0.0,0.0,0.0,0.0,0.0,0.0,0.0
12.976666666666674,0.021024778980650083,sqrt,dol,dol,0.0,0.0,0.085,0.01,0.2,1.2,0.0,0.0,0.0,0.0,0.0,0.0,0.0,0.0,0.0
12.979999999999992,0.020448130533041307,dol,dol,dol,0.0,0.015,0.085,0.01,0.2,0.003,0.0,0.0,0.0,0.0,1.0,0.0,0.0,0.0,0.0
12.979999999999992,0.020448130533041307,dol,dol,dol,0.0,0.015,0.085,0.01,0.2,0.003,0.004,0.0,0.0,0.0,1.0,0.0,0.0,0.0,0.0
12.983333333333347,0.02045213364039177,dol,dol,dol,0.0,0.015,0.085,0.01,0.2,0.003,0.0,0.0,0.0,0.0,0.0,0.0,0.0,0.0,0.0
12.983333333333347,0.02045213364039177,dol,dol,dol,0.0,0.015,0.085,0.01,0.2,0.003,0.004,0.0,0.0,0.0,0.0,0.0,0.0,0.0,0.0
12.986666666666647,0.022400276686452555,sqrt,dol,dol,0.0,0.015,0.0,0.01,0.16,1.2,0.0,0.0,0.0,0.0,0.0,0.0,0.0,0.0,0.0
12.986666666666665,0.01783669584291308,dol,dol,dol,0.0,0.0,0.085,0.03,0.2,1.6,0.2,0.0,0.0,0.0,0.0,0.0,0.0,0.0,0.0
12.986666666666665,0.017972930553103086,dol,dol,rank,0.01,0.0,0.085,0.03,0.16,0.6,0.2,0.0,0.0,0.0,0.0,0.0,0.0,0.0,0.0
12.990000000000002,0.020226518129169684,sqrt,dol,dol,0.0,0.015,0.0,0.03,0.16,0.9,0.0,0.0,0.0,0.0,0.0,0.0,0.0,0.0,0.0
12.99000000000002,0.024086974013169678,dol,dol,dol,-0.01,0.0,0.085,0.0,0.16,1.2,0.2,0.0,0.0,0.0,0.0,0.0,0.0,0.0,0.0
12.993333333333338,0.014471197808059978,sqrt,dol,dol,0.0,0.0,0.045,0.01,0.16,0.6,0.2,0.0,0.0,0.0,0.0,0.0,0.0,0.0,0.0
12.999600000000022,0.02221673191788366,dol,dol,dol,0.0,0.015,0.045,0.03,0.2,1.6,0.0,0.0,0.0,0.0,0.0,0.0,0.0,0.0,0.0
12.999999999999993,0.015780782830415636,sqrt,dol,dol,-0.01,0.0,0.085,0.03,0.16,0.9,0.0,0.0,0.0,0.0,0.0,0.0,0.0,0.0,0.0
13.00000000000001,0.023354429353860146,dol,dol,dol,0.0,0.0,0.14,0.03,0.26,0.9,0.0,0.0,0.0,0.0,0.0,0.0,0.0,0.0,0.0
13.00000000000001,0.015591277597141007,dol,dol,rank,0.01,0.015,0.14,0.0,0.16,0.0,0.0,0.0,0.0,0.0,0.0,-300.0,0.011,0.0,0.0
13.00000000000001,0.015591277597141007,dol,dol,rank,0.01,0.015,0.14,0.0,0.16,0.0,0.004,0.0,0.0,0.0,0.0,-300.0,0.011,0.0,0.0
13.00333333333333,0.015597768147564747,dol,dol,rank,0.01,0.015,0.14,0.0,0.16,0.0,0.0,0.0,0.0,0.0,1.0,-300.0,0.011,0.0,0.0
13.00333333333333,0.015597768147564747,dol,dol,rank,0.01,0.015,0.14,0.0,0.16,0.0,0.004,0.0,0.0,0.0,1.0,-300.0,0.011,0.0,0.0
13.006666666666648,0.016630451188730286,dol,sqrt,rank,0.0,0.015,0.045,0.03,0.12,0.6,0.2,0.0,0.0,0.0,0.0,0.0,0.0,0.0,0.0
13.006666666666648,0.021416090802461103,dol,dol,dol,0.01,0.0,0.045,0.01,0.2,0.0,0.0,0.0,0.0,0.0,0.0,-300.0,0.0,0.0,0.0
13.006666666666648,0.021416090802461103,dol,dol,dol,0.01,0.0,0.045,0.01,0.2,0.0,0.004,0.0,0.0,0.0,0.0,-300.0,0.0,0.0,0.0
13.010000000000003,0.021009383020186206,dol,dol,dol,0.01,0.0,0.085,0.03,0.26,0.9,0.2,0.0,0.0,0.0,0.0,0.0,0.0,0.0,0.0
13.010000000000003,0.022593670075520735,dol,dol,rank,0.0,0.015,0.14,0.03,0.16,1.2,0.0,0.0,0.0,0.0,0.0,0.0,0.0,0.0,0.0
13.010000000000003,0.020504672766451543,dol,dol,dol,0.0,0.015,0.085,0.01,0.2,0.0,0.0,0.0,0.0,0.0,0.0,0.0,0.0,0.0,0.0
13.010000000000003,0.020504672766451543,dol,dol,dol,0.0,0.015,0.085,0.01,0.2,0.0,0.004,0.0,0.0,0.0,0.0,0.0,0.0,0.0,0.0
13.013333333333321,0.020517653611066347,dol,dol,dol,0.0,0.015,0.085,0.01,0.2,0.0,0.0,0.0,0.0,0.0,1.0,0.0,0.0,0.0,0.0
13.013333333333321,0.020517653611066347,dol,dol,dol,0.0,0.015,0.085,0.01,0.2,0.0,0.004,0.0,0.0,0.0,1.0,0.0,0.0,0.0,0.0
13.013333333333321,0.02142821207349476,dol,dol,dol,0.01,0.0,0.045,0.01,0.2,0.0,0.0,0.0,0.0,0.0,1.0,-300.0,0.0,0.0,0.0
13.013333333333321,0.02142821207349476,dol,dol,dol,0.01,0.0,0.045,0.01,0.2,0.0,0.004,0.0,0.0,0.0,1.0,-300.0,0.0,0.0,0.0
13.013333333333321,0.017024214739055698,sqrt,dol,dol,0.0,0.0,0.085,0.03,0.2,0.003,0.0,0.0,0.0,0.0,1.0,0.0,0.0,0.0,0.0
13.013333333333321,0.017018517781566097,sqrt,dol,dol,0.0,0.0,0.085,0.03,0.2,0.003,0.004,0.0,0.0,0.0,0.0,0.0,0.0,0.0,0.0
13.013333333333321,0.017024214739055698,sqrt,dol,dol,0.0,0.0,0.085,0.03,0.2,0.003,0.004,0.0,0.0,0.0,1.0,0.0,0.0,0.0,0.0
13.016666666666676,0.01830322270955462,dol,dol,dol,0.01,0.015,0.085,0.0,0.16,0.9,0.0,0.0,0.0,0.0,0.0,0.0,0.0,0.0,0.0
13.016666666666676,0.017022112396657605,sqrt,dol,dol,0.0,0.0,0.085,0.03,0.2,0.003,0.0,0.0,0.0,0.0,0.0,0.0,0.0,0.0,0.0
13.022400000000012,0.029357708800245307,dol,dol,dol,-0.01,0.015,0.14,0.0,0.16,0.0,0.0,0.0,0.0,0.0,1.0,0.0,0.0,0.0,0.0
13.022400000000012,0.029357708800245307,dol,dol,dol,-0.01,0.015,0.14,0.0,0.16,0.0,0.004,0.0,0.0,0.0,1.0,0.0,0.0,0.0,0.0
13.023333333333312,0.013982943554360935,dol,dol,dol,-0.01,0.0,0.085,0.01,0.2,1.2,0.0,0.0,0.0,0.0,0.0,0.0,0.0,0.0,0.0
13.023333333333312,0.02468949517357384,dol,dol,rank,0.0,0.0,0.14,0.0,0.2,1.6,0.2,0.0,0.0,0.0,0.0,0.0,0.0,0.0,0.0
13.023333333333312,0.023925371936425487,sqrt,dol,rank,0.01,0.015,0.0,0.03,0.16,0.6,0.2,0.0,0.0,0.0,0.0,0.0,0.0,0.0,0.0
13.023333333333312,0.020510620322164805,dol,dol,dol,0.0,0.015,0.085,0.01,0.2,0.0,0.0,0.0,0.0,0.0,0.0,0.0,0.011,0.0,0.0
13.023333333333312,0.020510620322164805,dol,dol,dol,0.0,0.015,0.085,0.01,0.2,0.0,0.004,0.0,0.0,0.0,0.0,0.0,0.011,0.0,0.0
13.026399999999994,0.029361940609748036,dol,dol,dol,-0.01,0.015,0.14,0.0,0.16,0.0,0.0,0.0,0.0,0.0,0.0,0.0,0.0,0.0,0.0
13.026399999999994,0.029361940609748036,dol,dol,dol,-0.01,0.015,0.14,0.0,0.16,0.0,0.004,0.0,0.0,0.0,0.0,0.0,0.0,0.0,0.0
13.026666666666667,0.015743936707095754,dol,dol,dol,-0.01,0.015,0.045,0.03,0.2,0.9,0.2,0.0,0.0,0.0,0.0,0.0,0.0,0.0,0.0
13.026666666666667,0.020529746441760144,dol,dol,dol,0.0,0.015,0.085,0.01,0.2,0.0,0.0,0.0,0.0,0.0,1.0,0.0,0.011,0.0,0.0
13.026666666666667,0.020529746441760144,dol,dol,dol,0.0,0.015,0.085,0.01,0.2,0.0,0.004,0.0,0.0,0.0,1.0,0.0,0.011,0.0,0.0
13.026666666666667,0.01576464579719794,dol,dol,dol,0.0,0.0,0.045,0.0,0.16,0.008,0.0,0.0,0.0,0.0,0.0,0.0,0.0,0.0,0.0
13.026666666666667,0.01576464579719794,dol,dol,dol,0.0,0.0,0.045,0.0,0.16,0.008,0.004,0.0,0.0,0.0,0.0,0.0,0.0,0.0,0.0
13.029999999999985,0.021725058975328043,dol,dol,rank,0.0,0.015,0.085,0.03,0.2,1.6,0.2,0.0,0.0,0.0,0.0,0.0,0.0,0.0,0.0
13.033333333333323,0.020042150991606923,sqrt,dol,dol,0.0,0.0,0.045,0.0,0.16,1.2,0.0,0.0,0.0,0.0,0.0,0.0,0.0,0.0,0.0
13.03333333333334,0.017942940386227207,dol,dol,dol,0.01,0.0,0.0,0.03,0.26,0.9,0.2,0.0,0.0,0.0,0.0,0.0,0.0,0.0,0.0
13.03333333333334,0.01576493516684464,dol,dol,dol,0.0,0.0,0.045,0.0,0.16,0.008,0.0,0.0,0.0,0.0,1.0,0.0,0.0,0.0,0.0
13.03333333333334,0.01576493516684464,dol,dol,dol,0.0,0.0,0.045,0.0,0.16,0.008,0.004,0.0,0.0,0.0,1.0,0.0,0.0,0.0,0.0
13.03666666666666,0.013266050183889752,dol,dol,dol,0.0,0.015,0.045,0.03,0.2,1.6,0.2,0.0,0.0,0.0,0.0,0.0,0.0,0.0,0.0
13.03666666666666,0.023021405274544268,dol,sqrt,rank,-0.01,0.015,0.085,0.03,0.12,0.9,0.2,0.0,0.0,0.0,0.0,0.0,0.0,0.0,0.0
13.039999999999996,0.017118070960461865,dol,sqrt,rank,0.01,0.015,0.085,0.03,0.12,1.6,0.0,0.0,0.0,0.0,0.0,0.0,0.0,0.0,0.0
13.039999999999996,0.01740916251096915,sqrt,dol,dol,0.0,0.0,0.085,0.03,0.16,0.6,0.0,0.0,0.0,0.0,0.0,0.0,0.0,0.0,0.0
13.043333333333333,0.021054412559419027,dol,dol,dol,0.01,0.0,0.045,0.01,0.26,1.2,0.2,0.0,0.0,0.0,0.0,0.0,0.0,0.0,0.0
13.04666666666665,0.02227164811377244,dol,dol,dol,-0.01,0.0,0.14,0.0,0.16,0.6,0.2,0.0,0.0,0.0,0.0,0.0,0.0,0.0,0.0
13.04666666666665,0.017067124323290862,sqrt,dol,dol,0.0,0.0,0.085,0.03,0.2,0.0,0.0,0.0,0.0,0.0,1.0,0.0,0.0,0.0,0.0
13.04666666666665,0.017067124323290862,sqrt,dol,dol,0.0,0.0,0.085,0.03,0.2,0.0,0.004,0.0,0.0,0.0,1.0,0.0,0.0,0.0,0.0
13.051600000000008,0.017632129261558153,dol,dol,dol,0.0,0.0,0.045,0.03,0.2,0.9,0.2,0.0,0.0,0.0,0.0,0.0,0.0,0.0,0.0
13.053333333333324,0.016782747095576277,dol,dol,rank,0.01,0.015,0.085,0.01,0.16,0.9,0.2,0.0,0.0,0.0,0.0,0.0,0.0,0.0,0.0
13.053333333333324,0.026039908944768833,dol,sqrt,rank,0.01,0.015,0.14,0.03,0.16,1.2,0.2,0.0,0.0,0.0,0.0,0.0,0.0,0.0,0.0
13.056666666666642,0.02400048530527847,dol,dol,dol,0.0,0.015,0.0,0.03,0.2,1.2,0.0,0.0,0.0,0.0,0.0,0.0,0.0,0.0,0.0
13.056666666666642,0.021422500772163216,dol,dol,dol,0.01,0.0,0.045,0.01,0.2,0.0,0.0,0.0,0.0,0.0,1.0,-300.0,0.011,0.0,0.0
13.056666666666642,0.021422500772163216,dol,dol,dol,0.01,0.0,0.045,0.01,0.2,0.0,0.004,0.0,0.0,0.0,1.0,-300.0,0.011,0.0,0.0
13.056666666666661,0.016028667075656106,dol,sqrt,dol,0.0,0.015,0.0,0.01,0.12,0.9,0.2,0.0,0.0,0.0,0.0,0.0,0.0,0.0,0.0
13.056666666666679,0.017077520465783647,sqrt,dol,dol,0.0,0.0,0.085,0.03,0.2,0.0,0.0,0.0,0.0,0.0,0.0,0.0,0.0,0.0,0.0
13.056666666666679,0.017077520465783647,sqrt,dol,dol,0.0,0.0,0.085,0.03,0.2,0.0,0.004,0.0,0.0,0.0,0.0,0.0,0.0,0.0,0.0
13.059999999999997,0.01601090954688453,dol,dol,rank,0.01,0.0,0.085,0.03,0.2,1.2,0.2,0.0,0.0,0.0,0.0,0.0,0.0,0.0,0.0
13.059999999999997,0.023961561766635664,dol,sqrt,rank,-0.01,0.0,0.085,0.03,0.12,0.9,0.2,0.0,0.0,0.0,0.0,0.0,0.0,0.0,0.0
13.059999999999997,0.021432449836637897,dol,dol,dol,0.01,0.0,0.045,0.01,0.2,0.0,0.0,0.0,0.0,0.0,0.0,-300.0,0.011,0.0,0.0
13.059999999999997,0.021432449836637897,dol,dol,dol,0.01,0.0,0.045,0.01,0.2,0.0,0.004,0.0,0.0,0.0,0.0,-300.0,0.011,0.0,0.0
13.063333333333315,0.015199587058230908,dol,dol,rank,0.01,0.0,0.14,0.0,0.2,1.6,0.0,0.0,0.0,0.0,0.0,0.0,0.0,0.0,0.0
13.063333333333315,0.02045516823400584,sqrt,dol,dol,0.0,0.0,0.085,0.01,0.2,0.6,0.2,0.0,0.0,0.0,0.0,0.0,0.0,0.0,0.0
13.06666666666667,0.017878505636036185,dol,dol,dol,0.01,0.0,0.085,0.03,0.2,0.9,0.2,0.0,0.0,0.0,0.0,0.0,0.0,0.0,0.0
13.06999999999999,0.018651788338446856,dol,dol,dol,-0.01,0.0,0.085,0.0,0.16,0.9,0.2,0.0,0.0,0.0,0.0,0.0,0.0,0.0,0.0
13.06999999999999,0.015055441666645894,dol,dol,dol,0.01,0.0,0.0,0.0,0.2,0.6,0.0,0.0,0.0,0.0,0.0,0.0,0.0,0.0,0.0
13.073333333333345,0.019310474304165912,dol,sqrt,rank,0.0,0.0,0.14,0.03,0.16,1.6,0.0,0.0,0.0,0.0,0.0,0.0,0.0,0.0,0.0
13.073333333333345,0.017043249887880557,sqrt,dol,dol,0.0,0.0,0.085,0.03,0.2,0.0,0.0,0.0,0.0,0.0,0.0,0.0,0.011,0.0,0.0
13.073333333333345,0.0170456062352128,sqrt,dol,dol,0.0,0.0,0.085,0.03,0.2,0.0,0.0,0.0,0.0,0.0,1.0,0.0,0.011,0.0,0.0
13.073333333333345,0.017043249887880557,sqrt,dol,dol,0.0,0.0,0.085,0.03,0.2,0.0,0.004,0.0,0.0,0.0,0.0,0.0,0.011,0.0,0.0
13.073333333333345,0.0170456062352128,sqrt,dol,dol,0.0,0.0,0.085,0.03,0.2,0.0,0.004,0.0,0.0,0.0,1.0,0.0,0.011,0.0,0.0
13.074399999999997,0.029425260565258102,dol,dol,dol,-0.01,0.015,0.14,0.0,0.16,0.0,0.0,0.0,0.0,0.0,0.0,0.0,0.011,0.0,0.0
13.074399999999997,0.029425260565258102,dol,dol,dol,-0.01,0.015,0.14,0.0,0.16,0.0,0.004,0.0,0.0,0.0,0.0,0.0,0.011,0.0,0.0
13.07999999999998,0.024174263772925177,dol,dol,rank,0.01,0.0,0.045,0.01,0.2,1.6,0.2,0.0,0.0,0.0,0.0,0.0,0.0,0.0,0.0
13.082400000000005,0.029440367513557525,dol,dol,dol,-0.01,0.015,0.14,0.0,0.16,0.0,0.0,0.0,0.0,0.0,1.0,0.0,0.011,0.0,0.0
13.082400000000005,0.029440367513557525,dol,dol,dol,-0.01,0.015,0.14,0.0,0.16,0.0,0.004,0.0,0.0,0.0,1.0,0.0,0.011,0.0,0.0
13.083333333333298,0.015042490536994038,dol,dol,dol,-0.01,0.015,0.085,0.0,0.2,1.6,0.0,0.0,0.0,0.0,0.0,0.0,0.0,0.0,0.0
13.083333333333336,0.02180651122774861,dol,sqrt,rank,0.0,0.0,0.085,0.01,0.12,0.9,0.2,0.0,0.0,0.0,0.0,0.0,0.0,0.0,0.0
13.086666666666654,0.016751661478680138,sqrt,dol,dol,0.0,0.0,0.085,0.03,0.2,0.008,0.004,0.0,0.0,0.0,0.0,-300.0,0.0,0.0,0.0
13.089999999999971,0.02244677296117128,dol,dol,rank,0.01,0.0,0.085,0.03,0.16,0.6,0.0,0.0,0.0,0.0,0.0,0.0,0.0,0.0,0.0
13.090000000000009,0.016756684771115034,sqrt,dol,dol,0.0,0.0,0.085,0.03,0.2,0.008,0.0,0.0,0.0,0.0,0.0,-300.0,0.0,0.0,0.0
13.090000000000009,0.016750411274110616,sqrt,dol,dol,0.0,0.0,0.085,0.03,0.2,0.008,0.0,0.0,0.0,0.0,1.0,-300.0,0.0,0.0,0.0
13.090000000000009,0.016750411274110616,sqrt,dol,dol,0.0,0.0,0.085,0.03,0.2,0.008,0.004,0.0,0.0,0.0,1.0,-300.0,0.0,0.0,0.0
13.093333333333327,0.017126422754631807,dol,sqrt,rank,0.01,0.015,0.0,0.01,0.12,0.9,0.0,0.0,0.0,0.0,0.0,0.0,0.0,0.0,0.0
13.093333333333327,0.01853352508094254,dol,sqrt,rank,0.01,0.015,0.14,0.01,0.12,1.6,0.0,0.0,0.0,0.0,0.0,0.0,0.0,0.0,0.0
13.096666666666644,0.015871349218009152,dol,dol,dol,0.0,0.0,0.045,0.0,0.16,0.003,0.0,0.0,0.0,0.0,0.0,0.0,0.0,0.0,0.0
13.096666666666644,0.015871349218009152,dol,dol,dol,0.0,0.0,0.045,0.0,0.16,0.003,0.004,0.0,0.0,0.0,0.0,0.0,0.0,0.0,0.0
13.096666666666644,0.015876451910274505,dol,dol,dol,0.0,0.0,0.045,0.0,0.16,0.003,0.004,0.0,0.0,0.0,1.0,0.0,0.0,0.0,0.0
13.096666666666682,0.026694415300250032,sqrt,dol,dol,-0.01,0.0,0.14,0.03,0.2,1.2,0.0,0.0,0.0,0.0,0.0,0.0,0.0,0.0,0.0
13.1,0.023872708749470336,dol,dol,rank,0.01,0.0,0.085,0.0,0.2,1.6,0.2,0.0,0.0,0.0,0.0,0.0,0.0,0.0,0.0
13.1,0.02204009205633797,dol,sqrt,rank,0.01,0.0,0.045,0.0,0.12,0.9,0.2,0.0,0.0,0.0,0.0,0.0,0.0,0.0,0.0
13.1,0.015882684797299554,dol,dol,dol,0.0,0.0,0.045,0.0,0.16,0.003,0.0,0.0,0.0,0.0,1.0,0.0,0.0,0.0,0.0
13.10333333333332,0.020643491470051147,dol,dol,rank,0.01,0.015,0.045,0.0,0.16,1.2,0.2,0.0,0.0,0.0,0.0,0.0,0.0,0.0,0.0
13.103333333333337,0.021861848149653737,sqrt,dol,rank,0.0,0.015,0.14,0.03,0.16,0.6,0.2,0.0,0.0,0.0,0.0,0.0,0.0,0.0,0.0
13.116666666666665,0.021218238417822426,dol,dol,dol,0.01,0.0,0.085,0.01,0.26,1.2,0.0,0.0,0.0,0.0,0.0,0.0,0.0,0.0,0.0
13.116666666666665,0.014478289342884958,dol,sqrt,dol,0.0,0.015,0.0,0.03,0.16,0.9,0.0,0.0,0.0,0.0,0.0,0.0,0.0,0.0,0.0
13.116666666666665,0.019860595532080316,sqrt,dol,dol,-0.01,0.015,0.045,0.03,0.16,0.6,0.2,0.0,0.0,0.0,0.0,0.0,0.0,0.0,0.0
13.119999999999983,0.022481644316757293,dol,sqrt,dol,0.0,0.015,0.0,0.0,0.12,1.6,0.0,0.0,0.0,0.0,0.0,0.0,0.0,0.0,0.0
13.123333333333301,0.01594756359192582,dol,dol,rank,0.01,0.015,0.085,0.03,0.2,0.6,0.2,0.0,0.0,0.0,0.0,0.0,0.0,0.0,0.0
13.123333333333301,0.018933881116880068,dol,sqrt,rank,0.0,0.015,0.045,0.03,0.12,0.9,0.0,0.0,0.0,0.0,0.0,0.0,0.0,0.0,0.0
13.123333333333338,0.02424453803475165,dol,dol,dol,-0.01,0.0,0.14,0.03,0.16,1.6,0.0,0.0,0.0,0.0,0.0,0.0,0.0,0.0,0.0
13.123333333333338,0.021027366614503606,dol,dol,dol,0.0,0.015,0.085,0.01,0.2,0.008,0.004,0.0,0.0,0.0,0.0,-300.0,0.0,0.0,0.0
13.123333333333338,0.021031609404611646,dol,dol,dol,0.0,0.015,0.085,0.01,0.2,0.008,0.004,0.0,0.0,0.0,1.0,-300.0,0.0,0.0,0.0
13.123333333333338,0.015907952777009217,dol,dol,dol,0.0,0.0,0.045,0.0,0.16,0.0,0.0,0.0,0.0,0.0,0.0,0.0,0.0,0.0,0.0
13.123333333333338,0.015907952777009217,dol,dol,dol,0.0,0.0,0.045,0.0,0.16,0.0,0.004,0.0,0.0,0.0,0.0,0.0,0.0,0.0,0.0
13.123333333333338,0.015453116576468511,dol,dol,rank,0.01,0.0,0.14,0.0,0.16,0.008,0.004,0.0,0.0,0.0,0.0,0.0,0.0,0.0,0.0
13.126666666666656,0.021035792110203577,dol,dol,dol,0.0,0.015,0.085,0.01,0.2,0.008,0.0,0.0,0.0,0.0,0.0,-300.0,0.0,0.0,0.0
13.126666666666656,0.021039393934025544,dol,dol,dol,0.0,0.015,0.085,0.01,0.2,0.008,0.0,0.0,0.0,0.0,1.0,-300.0,0.0,0.0,0.0
13.126666666666656,0.015456661038026433,dol,dol,rank,0.01,0.0,0.14,0.0,0.16,0.008,0.0,0.0,0.0,0.0,0.0,0.0,0.0,0.0,0.0
13.130000000000011,0.015460628014171763,dol,dol,rank,0.01,0.0,0.14,0.0,0.16,0.008,0.0,0.0,0.0,0.0,1.0,0.0,0.0,0.0,0.0
13.130000000000011,0.015460628014171763,dol,dol,rank,0.01,0.0,0.14,0.0,0.16,0.008,0.004,0.0,0.0,0.0,1.0,0.0,0.0,0.0,0.0
13.13333333333333,0.01565469400909894,dol,dol,rank,0.01,0.015,0.14,0.0,0.2,0.9,0.2,0.0,0.0,0.0,0.0,0.0,0.0,0.0,0.0
13.136666666666649,0.016912888819542973,dol,dol,dol,0.0,0.015,0.085,0.01,0.26,1.2,0.0,0.0,0.0,0.0,0.0,0.0,0.0,0.0,0.0
13.136666666666649,0.015925837639462426,dol,dol,dol,0.0,0.0,0.045,0.0,0.16,0.0,0.0,0.0,0.0,0.0,1.0,0.0,0.0,0.0,0.0
13.136666666666649,0.015925837639462426,dol,dol,dol,0.0,0.0,0.045,0.0,0.16,0.0,0.004,0.0,0.0,0.0,1.0,0.0,0.0,0.0,0.0
13.140000000000004,0.022827552148907932,dol,dol,dol,0.01,0.015,0.085,0.03,0.26,1.6,0.2,0.0,0.0,0.0,0.0,0.0,0.0,0.0,0.0
13.140000000000004,0.016319442644349782,dol,dol,dol,0.0,0.0,0.045,0.0,0.16,0.008,0.004,0.0,0.0,0.0,0.0,-300.0,0.0,0.0,0.0
13.140000000000004,0.016320618341136378,dol,dol,dol,0.0,0.0,0.045,0.0,0.16,0.008,0.004,0.0,0.0,0.0,1.0,-300.0,0.0,0.0,0.0
13.143333333333322,0.02331003100082149,dol,dol,rank,0.01,0.015,0.085,0.03,0.16,0.9,0.0,0.0,0.0,0.0,0.0,0.0,0.0,0.0,0.0
13.143333333333322,0.016323764115206058,dol,dol,dol,0.0,0.0,0.045,0.0,0.16,0.008,0.0,0.0,0.0,0.0,0.0,-300.0,0.0,0.0,0.0
13.143333333333322,0.016321762252803376,dol,dol,dol,0.0,0.0,0.045,0.0,0.16,0.008,0.0,0.0,0.0,0.0,1.0,-300.0,0.0,0.0,0.0
13.146666666666677,0.02649201554207383,dol,dol,rank,0.01,0.0,0.0,0.0,0.12,0.9,0.2,0.0,0.0,0.0,0.0,0.0,0.0,0.0,0.0
13.149999999999995,0.023191461584911904,dol,dol,rank,0.01,0.015,0.085,0.03,0.16,0.6,0.0,0.0,0.0,0.0,0.0,0.0,0.0,0.0,0.0
13.149999999999995,0.027907266491669115,dol,dol,dol,-0.01,0.0,0.14,0.03,0.2,0.008,0.004,0.0,0.0,0.0,0.0,-300.0,0.0,0.0,0.0
13.153333333333313,0.021000424971008635,dol,dol,dol,0.0,0.015,0.085,0.01,0.26,1.2,0.2,0.0,0.0,0.0,0.0,0.0,0.0,0.0,0.0
13.153333333333313,0.0206747031525109,dol,dol,rank,0.01,0.015,0.085,0.01,0.16,1.2,0.0,0.0,0.0,0.0,0.0,0.0,0.0,0.0,0.0
13.153333333333313,0.02790695832650054,dol,dol,dol,-0.01,0.0,0.14,0.03,0.2,0.008,0.0,0.0,0.0,0.0,0.0,-300.0,0.0,0.0,0.0
13.153333333333313,0.02791329006577864,dol,dol,dol,-0.01,0.0,0.14,0.03,0.2,0.008,0.004,0.0,0.0,0.0,1.0,-300.0,0.0,0.0,0.0
13.15333333333333,0.021415621904477947,dol,sqrt,rank,0.01,0.015,0.0,0.01,0.12,0.9,0.2,0.0,0.0,0.0,0.0,0.0,0.0,0.0,0.0
13.15333333333335,0.026420606171025762,sqrt,sqrt,dol,0.0,0.0,0.0,0.03,0.12,0.6,0.0,0.0,0.0,0.0,0.0,0.0,0.0,0.0,0.0
13.156666666666668,0.01859909538023188,dol,dol,rank,0.01,0.0,0.14,0.03,0.16,1.2,0.2,0.0,0.0,0.0,0.0,0.0,0.0,0.0,0.0
13.156666666666668,0.02792076968985765,dol,dol,dol,-0.01,0.0,0.14,0.03,0.2,0.008,0.0,0.0,0.0,0.0,1.0,-300.0,0.0,0.0,0.0
13.159999999999986,0.020557654879585566,dol,sqrt,dol,-0.01,0.015,0.045,0.01,0.12,0.9,0.0,0.0,0.0,0.0,0.0,0.0,0.0,0.0,0.0
13.159999999999986,0.016875687664452316,sqrt,dol,dol,0.0,0.0,0.085,0.03,0.2,0.003,0.0,0.0,0.0,0.0,0.0,-300.0,0.0,0.0,0.0
13.159999999999986,0.016875687664452316,sqrt,dol,dol,0.0,0.0,0.085,0.03,0.2,0.003,0.004,0.0,0.0,0.0,0.0,-300.0,0.0,0.0,0.0
13.163333333333341,0.016808875766050467,dol,dol,dol,0.01,0.015,0.085,0.03,0.2,0.6,0.2,0.0,0.0,0.0,0.0,0.0,0.0,0.0,0.0
13.163333333333341,0.01272972508795123,dol,sqrt,dol,0.0,0.015,0.045,0.03,0.12,0.6,0.0,0.0,0.0,0.0,0.0,0.0,0.0,0.0,0.0
13.163333333333341,0.022205643061568324,sqrt,dol,dol,0.01,0.015,0.045,0.03,0.26,1.2,0.0,0.0,0.0,0.0,0.0,0.0,0.0,0.0,0.0
13.163333333333341,0.016879348879402692,sqrt,dol,dol,0.0,0.0,0.085,0.03,0.2,0.003,0.004,0.0,0.0,0.0,1.0,-300.0,0.0,0.0,0.0
13.166666666666659,0.01955279936574394,dol,sqrt,rank,0.01,0.015,0.045,0.03,0.16,1.6,0.0,0.0,0.0,0.0,0.0,0.0,0.0,0.0,0.0
13.166666666666659,0.016883771171244972,sqrt,dol,dol,0.0,0.0,0.085,0.03,0.2,0.003,0.0,0.0,0.0,0.0,1.0,-300.0,0.0,0.0,0.0
13.169999999999979,0.02115119497718658,dol,dol,dol,0.0,0.015,0.085,0.01,0.2,0.003,0.004,0.0,0.0,0.0,1.0,-300.0,0.0,0.0,0.0
13.170000000000014,0.01884721549529069,sqrt,dol,dol,0.0,0.015,0.045,0.01,0.16,0.6,0.0,0.0,0.0,0.0,0.0,0.0,0.0,0.0,0.0
13.173333333333334,0.01900134588020699,dol,sqrt,dol,0.0,0.0,0.0,0.03,0.12,0.9,0.2,0.0,0.0,0.0,0.0,0.0,0.0,0.0,0.0
13.173333333333334,0.021163455453699916,dol,dol,dol,0.0,0.015,0.085,0.01,0.2,0.003,0.0,0.0,0.0,0.0,0.0,-300.0,0.0,0.0,0.0
13.173333333333334,0.021153282489346045,dol,dol,dol,0.0,0.015,0.085,0.01,0.2,0.003,0.0,0.0,0.0,0.0,1.0,-300.0,0.0,0.0,0.0
13.173333333333334,0.021163455453699916,dol,dol,dol,0.0,0.015,0.085,0.01,0.2,0.003,0.004,0.0,0.0,0.0,0.0,-300.0,0.0,0.0,0.0
13.180000000000007,0.01600401010163807,dol,dol,dol,0.0,0.0,0.045,0.0,0.16,0.0,0.0,0.0,0.0,0.0,0.0,0.0,0.011,0.0,0.0
13.180000000000007,0.01600401010163807,dol,dol,dol,0.0,0.0,0.045,0.0,0.16,0.0,0.004,0.0,0.0,0.0,0.0,0.0,0.011,0.0,0.0
13.183333333333325,0.023089801887092594,dol,dol,rank,0.01,0.015,0.14,0.03,0.16,0.9,0.0,0.0,0.0,0.0,0.0,0.0,0.0,0.0,0.0
13.18666666666666,0.017498552344355458,dol,dol,dol,0.01,0.015,0.045,0.01,0.2,1.6,0.2,0.0,0.0,0.0,0.0,0.0,0.0,0.0,0.0
13.18666666666668,0.01602271919633009,dol,dol,dol,0.0,0.0,0.045,0.0,0.16,0.0,0.0,0.0,0.0,0.0,1.0,0.0,0.011,0.0,0.0
13.18666666666668,0.01602271919633009,dol,dol,dol,0.0,0.0,0.045,0.0,0.16,0.0,0.004,0.0,0.0,0.0,1.0,0.0,0.011,0.0,0.0
13.189999999999998,0.015834156729467263,sqrt,dol,dol,0.0,0.015,0.085,0.0,0.16,0.9,0.0,0.0,0.0,0.0,0.0,0.0,0.0,0.0,0.0
13.189999999999998,0.018787436643396264,sqrt,dol,dol,0.01,0.015,0.0,0.03,0.2,0.6,0.0,0.0,0.0,0.0,0.0,0.0,0.0,0.0,0.0
13.193333333333316,0.015546628385220626,dol,dol,rank,0.01,0.0,0.14,0.0,0.16,0.003,0.0,0.0,0.0,0.0,0.0,0.0,0.0,0.0,0.0
13.193333333333316,0.015546628385220626,dol,dol,rank,0.01,0.0,0.14,0.0,0.16,0.003,0.004,0.0,0.0,0.0,0.0,0.0,0.0,0.0,0.0
13.196666666666633,0.01931746111107194,dol,dol,dol,-0.01,0.0,0.045,0.03,0.2,0.6,0.0,0.0,0.0,0.0,0.0,0.0,0.0,0.0,0.0
13.19666666666667,0.016943384071010655,sqrt,dol,dol,0.0,0.0,0.085,0.03,0.2,0.0,0.0,0.0,0.0,0.0,0.0,-300.0,0.0,0.0,0.0
13.19666666666667,0.016943384071010655,sqrt,dol,dol,0.0,0.0,0.085,0.03,0.2,0.0,0.004,0.0,0.0,0.0,0.0,-300.0,0.0,0.0,0.0
13.199999999999989,0.016943624084330682,sqrt,dol,dol,0.0,0.0,0.085,0.03,0.2,0.0,0.0,0.0,0.0,0.0,1.0,-300.0,0.0,0.0,0.0
13.199999999999989,0.016943624084330682,sqrt,dol,dol,0.0,0.0,0.085,0.03,0.2,0.0,0.004,0.0,0.0,0.0,1.0,-300.0,0.0,0.0,0.0
13.200000000000008,0.021359115880232152,sqrt,dol,rank,0.01,0.0,0.085,0.03,0.16,0.6,0.2,0.0,0.0,0.0,0.0,0.0,0.0,0.0,0.0
13.203333333333308,0.02801442189566203,dol,dol,dol,-0.01,0.0,0.14,0.03,0.2,0.003,0.004,0.0,0.0,0.0,0.0,-300.0,0.0,0.0,0.0
13.203333333333344,0.02676065355316632,dol,dol,rank,0.01,0.015,0.0,0.0,0.12,0.9,0.2,0.0,0.0,0.0,0.0,0.0,0.0,0.0,0.0
13.203333333333344,0.015553599252382191,dol,dol,rank,0.01,0.0,0.14,0.0,0.16,0.003,0.004,0.0,0.0,0.0,1.0,0.0,0.0,0.0,0.0
13.206666666666663,0.028014849053341003,dol,dol,dol,-0.01,0.0,0.14,0.03,0.2,0.003,0.0,0.0,0.0,0.0,0.0,-300.0,0.0,0.0,0.0
13.206666666666663,0.0164416236492088,dol,dol,dol,0.0,0.0,0.045,0.0,0.16,0.003,0.0,0.0,0.0,0.0,1.0,-300.0,0.0,0.0,0.0
13.206666666666663,0.0164416236492088,dol,dol,dol,0.0,0.0,0.045,0.0,0.16,0.003,0.004,0.0,0.0,0.0,1.0,-300.0,0.0,0.0,0.0
13.206666666666663,0.015556425541544868,dol,dol,rank,0.01,0.0,0.14,0.0,0.16,0.003,0.0,0.0,0.0,0.0,1.0,0.0,0.0,0.0,0.0
13.209999999999981,0.01644061770264256,dol,dol,dol,0.0,0.0,0.045,0.0,0.16,0.003,0.0,0.0,0.0,0.0,0.0,-300.0,0.0,0.0,0.0
13.209999999999981,0.01644061770264256,dol,dol,dol,0.0,0.0,0.045,0.0,0.16,0.003,0.004,0.0,0.0,0.0,0.0,-300.0,0.0,0.0,0.0
13.213333333333336,0.018922410290055154,dol,dol,dol,0.01,0.015,0.085,0.03,0.26,0.6,0.0,0.0,0.0,0.0,0.0,0.0,0.0,0.0,0.0
13.216666666666654,0.028049094843783387,dol,dol,dol,-0.01,0.0,0.14,0.03,0.2,0.003,0.0,0.0,0.0,0.0,1.0,-300.0,0.0,0.0,0.0
13.216666666666654,0.028049094843783387,dol,dol,dol,-0.01,0.0,0.14,0.03,0.2,0.003,0.004,0.0,0.0,0.0,1.0,-300.0,0.0,0.0,0.0
13.21999999999999,0.014995211732045965,sqrt,dol,dol,0.01,0.015,0.0,0.0,0.16,0.6,0.2,0.0,0.0,0.0,0.0,0.0,0.0,0.0,0.0
13.21999999999999,0.02178679408197475,sqrt,dol,rank,0.01,0.0,0.14,0.01,0.16,0.6,0.2,0.0,0.0,0.0,0.0,0.0,0.0,0.0,0.0
13.22000000000001,0.01764669103595681,dol,dol,dol,-0.01,0.015,0.085,0.03,0.26,1.2,0.2,0.0,0.0,0.0,0.0,0.0,0.0,0.0,0.0
13.22000000000001,0.02124531199007338,dol,dol,dol,0.0,0.015,0.085,0.01,0.2,0.0,0.0,0.0,0.0,0.0,0.0,-300.0,0.0,0.0,0.0
13.22000000000001,0.02124531199007338,dol,dol,dol,0.0,0.015,0.085,0.01,0.2,0.0,0.004,0.0,0.0,0.0,0.0,-300.0,0.0,0.0,0.0
13.223333333333327,0.02125815118786029,dol,dol,dol,0.0,0.015,0.085,0.01,0.2,0.0,0.0,0.0,0.0,0.0,1.0,-300.0,0.0,0.0,0.0
13.223333333333327,0.02125815118786029,dol,dol,dol,0.0,0.015,0.085,0.01,0.2,0.0,0.004,0.0,0.0,0.0,1.0,-300.0,0.0,0.0,0.0
13.226666666666645,0.02006970139658654,dol,dol,rank,0.01,0.0,0.045,0.01,0.16,1.6,0.0,0.0,0.0,0.0,0.0,0.0,0.0,0.0,0.0
13.23,0.014373452924157199,dol,sqrt,dol,0.0,0.0,0.045,0.03,0.12,0.9,0.0,0.0,0.0,0.0,0.0,0.0,0.0,0.0,0.0
13.23,0.016951528350193295,sqrt,dol,dol,0.0,0.0,0.085,0.03,0.2,0.0,0.0,0.0,0.0,0.0,0.0,-300.0,0.011,0.0,0.0
13.23,0.016951528350193295,sqrt,dol,dol,0.0,0.0,0.085,0.03,0.2,0.0,0.004,0.0,0.0,0.0,0.0,-300.0,0.011,0.0,0.0
13.23,0.015584356213607048,dol,dol,rank,0.01,0.0,0.14,0.0,0.16,0.0,0.0,0.0,0.0,0.0,0.0,0.0,0.0,0.0,0.0
13.23,0.015584356213607048,dol,dol,rank,0.01,0.0,0.14,0.0,0.16,0.0,0.004,0.0,0.0,0.0,0.0,0.0,0.0,0.0,0.0
13.233333333333318,0.022750558871442318,dol,dol,dol,0.0,0.015,0.0,0.03,0.16,0.9,0.2,0.0,0.0,0.0,0.0,0.0,0.0,0.0,0.0
13.236666666666638,0.015430231248117118,dol,dol,dol,-0.01,0.0,0.085,0.0,0.16,1.2,0.0,0.0,0.0,0.0,0.0,0.0,0.0,0.0,0.0
13.236666666666673,0.020024375555067135,dol,sqrt,rank,0.01,0.0,0.14,0.01,0.16,1.6,0.0,0.0,0.0,0.0,0.0,0.0,0.0,0.0,0.0
13.236666666666673,0.015595205842157366,dol,dol,rank,0.01,0.0,0.14,0.0,0.16,0.0,0.0,0.0,0.0,0.0,1.0,0.0,0.0,0.0,0.0
13.236666666666673,0.015595205842157366,dol,dol,rank,0.01,0.0,0.14,0.0,0.16,0.0,0.004,0.0,0.0,0.0,1.0,0.0,0.0,0.0,0.0
13.239999999999993,0.019055983819612494,dol,sqrt,rank,0.0,0.015,0.085,0.0,0.12,0.6,0.2,0.0,0.0,0.0,0.0,0.0,0.0,0.0,0.0
13.239999999999993,0.021278067095799227,dol,dol,dol,0.0,0.015,0.085,0.01,0.2,0.0,0.0,0.0,0.0,0.0,0.0,-300.0,0.011,0.0,0.0
13.239999999999993,0.021278067095799227,dol,dol,dol,0.0,0.015,0.085,0.01,0.2,0.0,0.004,0.0,0.0,0.0,0.0,-300.0,0.011,0.0,0.0
13.243333333333311,0.016570774252681532,dol,dol,rank,0.01,0.015,0.085,0.03,0.2,1.6,0.0,0.0,0.0,0.0,0.0,0.0,0.0,0.0,0.0
13.243333333333311,0.021269400104723554,dol,dol,dol,0.0,0.015,0.085,0.01,0.2,0.0,0.0,0.0,0.0,0.0,1.0,-300.0,0.011,0.0,0.0
13.243333333333311,0.021269400104723554,dol,dol,dol,0.0,0.015,0.085,0.01,0.2,0.0,0.004,0.0,0.0,0.0,1.0,-300.0,0.011,0.0,0.0
13.243333333333311,0.02811079431661637,dol,dol,dol,-0.01,0.0,0.14,0.03,0.2,0.0,0.0,0.0,0.0,0.0,1.0,-300.0,0.0,0.0,0.0
13.243333333333311,0.02811079431661637,dol,dol,dol,-0.01,0.0,0.14,0.03,0.2,0.0,0.004,0.0,0.0,0.0,1.0,-300.0,0.0,0.0,0.0
13.243333333333348,0.023312436723774706,dol,dol,rank,0.01,0.015,0.14,0.03,0.16,0.6,0.0,0.0,0.0,0.0,0.0,0.0,0.0,0.0,0.0
13.245600000000035,0.023330926147259762,sqrt,dol,dol,-0.01,0.0,0.085,0.0,0.12,0.6,0.0,0.0,0.0,0.0,0.0,0.0,0.0,0.0,0.0
13.249999999999984,0.028125315064572737,dol,dol,dol,-0.01,0.0,0.14,0.03,0.2,0.0,0.0,0.0,0.0,0.0,0.0,-300.0,0.0,0.0,0.0
13.249999999999984,0.028125315064572737,dol,dol,dol,-0.01,0.0,0.14,0.03,0.2,0.0,0.004,0.0,0.0,0.0,0.0,-300.0,0.0,0.0,0.0
13.249999999999984,0.01696252016784193,sqrt,dol,dol,0.0,0.0,0.085,0.03,0.2,0.0,0.0,0.0,0.0,0.0,1.0,-300.0,0.011,0.0,0.0
13.249999999999984,0.01696252016784193,sqrt,dol,dol,0.0,0.0,0.085,0.03,0.2,0.0,0.004,0.0,0.0,0.0,1.0,-300.0,0.011,0.0,0.0
13.250000000000002,0.02249574252888589,sqrt,dol,dol,0.01,0.015,0.0,0.03,0.16,0.6,0.0,0.0,0.0,0.0,0.0,0.0,0.0,0.0,0.0
13.250000000000021,0.02291510129764828,sqrt,dol,rank,0.01,0.0,0.085,0.0,0.16,0.9,0.0,0.0,0.0,0.0,0.0,0.0,0.0,0.0,0.0
13.256666666666657,0.018875314215682372,dol,dol,rank,0.01,0.015,0.14,0.03,0.16,1.2,0.2,0.0,0.0,0.0,0.0,0.0,0.0,0.0,0.0
13.260000000000012,0.023062947453854614,dol,sqrt,dol,0.01,0.0,0.0,0.03,0.16,0.6,0.2,0.0,0.0,0.0,0.0,0.0,0.0,0.0,0.0
13.26333333333333,0.014077446425110347,dol,dol,dol,0.01,0.0,0.0,0.03,0.2,1.6,0.2,0.0,0.0,0.0,0.0,0.0,0.0,0.0,0.0
13.26333333333333,0.021866358908742122,dol,sqrt,dol,0.0,0.015,0.045,0.0,0.12,0.9,0.2,0.0,0.0,0.0,0.0,0.0,0.0,0.0,0.0
13.266666666666648,0.02197512341178004,sqrt,dol,dol,-0.01,0.015,0.045,0.03,0.2,1.2,0.0,0.0,0.0,0.0,0.0,0.0,0.0,0.0,0.0
13.266666666666648,0.023080847424907354,dol,sqrt,dol,0.0,0.015,0.045,0.01,0.12,0.008,0.0,0.0,0.0,0.0,0.0,-300.0,0.0,0.0,0.0
13.266666666666648,0.023081528819960496,dol,sqrt,dol,0.0,0.015,0.045,0.01,0.12,0.008,0.004,0.0,0.0,0.0,0.0,-300.0,0.0,0.0,0.0
13.266666666666648,0.02307859492641997,dol,sqrt,dol,0.0,0.015,0.045,0.01,0.12,0.008,0.004,0.0,0.0,0.0,1.0,-300.0,0.0,0.0,0.0
13.266666666666685,0.020679564525467244,dol,dol,dol,-0.01,0.0,0.14,0.0,0.16,1.2,0.0,0.0,0.0,0.0,0.0,0.0,0.0,0.0,0.0
13.270000000000003,0.01716014663884511,dol,dol,dol,0.0,0.0,0.14,0.03,0.2,0.6,0.0,0.0,0.0,0.0,0.0,0.0,0.0,0.0,0.0
13.270000000000003,0.023086122624898533,dol,sqrt,dol,0.0,0.015,0.045,0.01,0.12,0.008,0.0,0.0,0.0,0.0,1.0,-300.0,0.0,0.0,0.0
13.270000000000003,0.028113958179497224,dol,dol,dol,-0.01,0.0,0.14,0.03,0.2,0.0,0.0,0.0,0.0,0.0,1.0,-300.0,0.011,0.0,0.0
13.270000000000003,0.028113958179497224,dol,dol,dol,-0.01,0.0,0.14,0.03,0.2,0.0,0.004,0.0,0.0,0.0,1.0,-300.0,0.011,0.0,0.0
13.273333333333323,0.0205811220062716,dol,dol,rank,0.01,0.0,0.0,0.03,0.16,1.2,0.2,0.0,0.0,0.0,0.0,0.0,0.0,0.0,0.0
13.273333333333323,0.016548342830762373,dol,dol,dol,0.0,0.0,0.045,0.0,0.16,0.0,0.0,0.0,0.0,0.0,0.0,-300.0,0.0,0.0,0.0
13.273333333333323,0.016561379507311128,dol,dol,dol,0.0,0.0,0.045,0.0,0.16,0.0,0.0,0.0,0.0,0.0,1.0,-300.0,0.0,0.0,0.0
13.273333333333323,0.016548342830762373,dol,dol,dol,0.0,0.0,0.045,0.0,0.16,0.0,0.004,0.0,0.0,0.0,0.0,-300.0,0.0,0.0,0.0
13.273333333333323,0.016561379507311128,dol,dol,dol,0.0,0.0,0.045,0.0,0.16,0.0,0.004,0.0,0.0,0.0,1.0,-300.0,0.0,0.0,0.0
13.27666666666664,0.02811961822221212,dol,dol,dol,-0.01,0.0,0.14,0.03,0.2,0.0,0.0,0.0,0.0,0.0,0.0,-300.0,0.011,0.0,0.0
13.27666666666664,0.02811961822221212,dol,dol,dol,-0.01,0.0,0.14,0.03,0.2,0.0,0.004,0.0,0.0,0.0,0.0,-300.0,0.011,0.0,0.0
13.276666666666678,0.022492883748717798,dol,dol,dol,-0.01,0.0,0.085,0.01,0.12,0.9,0.0,0.0,0.0,0.0,0.0,0.0,0.0,0.0,0.0
13.286666666666669,0.026021408609066488,dol,dol,rank,0.01,0.0,0.045,0.0,0.12,0.9,0.2,0.0,0.0,0.0,0.0,0.0,0.0,0.0,0.0
13.286666666666669,0.025598040536989032,sqrt,dol,dol,-0.01,0.015,0.14,0.03,0.2,1.2,0.0,0.0,0.0,0.0,0.0,0.0,0.0,0.0,0.0
13.289999999999987,0.01567435395561571,dol,dol,rank,0.01,0.0,0.14,0.0,0.16,0.0,0.0,0.0,0.0,0.0,0.0,0.0,0.011,0.0,0.0
13.289999999999987,0.01567435395561571,dol,dol,rank,0.01,0.0,0.14,0.0,0.16,0.0,0.004,0.0,0.0,0.0,0.0,0.0,0.011,0.0,0.0
13.290000000000024,0.018914681934060287,sqrt,dol,dol,0.0,0.015,0.045,0.03,0.2,0.6,0.0,0.0,0.0,0.0,0.0,0.0,0.0,0.0,0.0
13.293333333333342,0.015683278547548665,dol,dol,rank,0.01,0.0,0.14,0.0,0.16,0.0,0.0,0.0,0.0,0.0,1.0,0.0,0.011,0.0,0.0
13.293333333333342,0.015683278547548665,dol,dol,rank,0.01,0.0,0.14,0.0,0.16,0.0,0.004,0.0,0.0,0.0,1.0,0.0,0.011,0.0,0.0
13.303333333333333,0.02693097286273434,dol,dol,rank,0.0,0.015,0.085,0.0,0.12,0.9,0.2,0.0,0.0,0.0,0.0,0.0,0.0,0.0,0.0
13.303333333333333,0.019255282297862334,dol,sqrt,rank,-0.01,0.015,0.14,0.01,0.12,0.6,0.2,0.0,0.0,0.0,0.0,0.0,0.0,0.0,0.0
13.306666666666652,0.01973206300528264,dol,dol,dol,0.0,0.0,0.085,0.03,0.26,0.6,0.2,0.0,0.0,0.0,0.0,0.0,0.0,0.0,0.0
13.306666666666652,0.02804493279773781,sqrt,dol,dol,0.0,0.0,0.14,0.0,0.2,0.6,0.0,0.0,0.0,0.0,0.0,0.0,0.0,0.0,0.0
13.306666666666652,0.01615059666596459,dol,dol,rank,0.01,0.0,0.14,0.0,0.16,0.008,0.0,0.0,0.0,0.0,0.0,-300.0,0.0,0.0,0.0
13.306666666666652,0.01615715780148916,dol,dol,rank,0.01,0.0,0.14,0.0,0.16,0.008,0.0,0.0,0.0,0.0,1.0,-300.0,0.0,0.0,0.0
13.306666666666652,0.01615059666596459,dol,dol,rank,0.01,0.0,0.14,0.0,0.16,0.008,0.004,0.0,0.0,0.0,0.0,-300.0,0.0,0.0,0.0
13.306666666666652,0.01615715780148916,dol,dol,rank,0.01,0.0,0.14,0.0,0.16,0.008,0.004,0.0,0.0,0.0,1.0,-300.0,0.0,0.0,0.0
13.30999999999997,0.02274935577598235,dol,dol,rank,0.01,0.015,0.0,0.03,0.2,1.6,0.2,0.0,0.0,0.0,0.0,0.0,0.0,0.0,0.0
13.310000000000008,0.021515445117231295,sqrt,dol,dol,0.0,0.015,0.0,0.01,0.16,0.9,0.0,0.0,0.0,0.0,0.0,0.0,0.0,0.0,0.0
13.31666666666668,0.01429792730640562,dol,dol,dol,0.0,0.0,0.085,0.01,0.16,1.6,0.0,0.0,0.0,0.0,0.0,0.0,0.0,0.0,0.0
13.323333333333334,0.01875932015470356,dol,dol,dol,0.0,0.015,0.085,0.01,0.16,1.2,0.2,0.0,0.0,0.0,0.0,0.0,0.0,0.0,0.0
13.326666666666634,0.022600742549256588,dol,dol,rank,0.01,0.0,0.085,0.03,0.16,0.9,0.0,0.0,0.0,0.0,0.0,0.0,0.0,0.0,0.0
13.326666666666634,0.016314700916657935,dol,dol,rank,0.01,0.0,0.085,0.03,0.2,0.6,0.2,0.0,0.0,0.0,0.0,0.0,0.0,0.0,0.0
13.326666666666672,0.026845251488512488,dol,dol,dol,-0.01,0.015,0.085,0.01,0.12,0.9,0.2,0.0,0.0,0.0,0.0,0.0,0.0,0.0,0.0
13.326666666666672,0.021320221736391223,sqrt,dol,dol,-0.01,0.0,0.085,0.0,0.16,0.6,0.0,0.0,0.0,0.0,0.0,0.0,0.0,0.0,0.0
13.32999999999999,0.016639753205523838,dol,dol,dol,0.0,0.0,0.045,0.0,0.16,0.0,0.0,0.0,0.0,0.0,1.0,-300.0,0.011,0.0,0.0
13.32999999999999,0.016639753205523838,dol,dol,dol,0.0,0.0,0.045,0.0,0.16,0.0,0.004,0.0,0.0,0.0,1.0,-300.0,0.011,0.0,0.0
13.333333333333307,0.01625846268756559,dol,dol,rank,0.01,0.0,0.14,0.0,0.2,0.9,0.2,0.0,0.0,0.0,0.0,0.0,0.0,0.0,0.0
13.333333333333345,0.024393239228812452,sqrt,dol,rank,0.01,0.0,0.045,0.0,0.12,0.6,0.0,0.0,0.0,0.0,0.0,0.0,0.0,0.0,0.0
13.336666666666662,0.015202391456609711,dol,dol,dol,-0.01,0.0,0.085,0.0,0.16,0.6,0.2,0.0,0.0,0.0,0.0,0.0,0.0,0.0,0.0
13.339999999999982,0.017127085784846202,dol,dol,dol,-0.01,0.0,0.045,0.03,0.2,0.6,0.2,0.0,0.0,0.0,0.0,0.0,0.0,0.0,0.0
13.340000000000018,0.024723888389796448,dol,dol,dol,-0.01,0.0,0.14,0.0,0.2,1.6,0.0,0.0,0.0,0.0,0.0,0.0,0.0,0.0,0.0
13.3433333333333,0.01879968360844877,dol,sqrt,rank,0.01,0.0,0.0,0.01,0.12,0.6,0.2,0.0,0.0,0.0,0.0,0.0,0.0,0.0,0.0
13.343333333333337,0.026627190059118976,dol,dol,rank,0.0,0.0,0.085,0.0,0.12,0.9,0.2,0.0,0.0,0.0,0.0,0.0,0.0,0.0,0.0
13.343333333333337,0.016645671600660543,dol,dol,dol,0.0,0.0,0.045,0.0,0.16,0.0,0.0,0.0,0.0,0.0,0.0,-300.0,0.011,0.0,0.0
13.343333333333337,0.016645671600660543,dol,dol,dol,0.0,0.0,0.045,0.0,0.16,0.0,0.004,0.0,0.0,0.0,0.0,-300.0,0.011,0.0,0.0
13.346666666666655,0.02333464152047099,sqrt,dol,rank,0.01,0.0,0.045,0.01,0.16,0.9,0.0,0.0,0.0,0.0,0.0,0.0,0.0,0.0,0.0
13.346666666666692,0.024150126417888575,sqrt,dol,dol,0.01,0.0,0.085,0.03,0.26,0.9,0.0,0.0,0.0,0.0,0.0,0.0,0.0,0.0,0.0
13.34999999999999,0.014753786584893812,sqrt,dol,dol,0.01,0.015,0.045,0.03,0.2,0.6,0.2,0.0,0.0,0.0,0.0,0.0,0.0,0.0,0.0
13.353333333333328,0.016588169191056344,dol,dol,rank,0.01,0.0,0.085,0.01,0.16,0.9,0.2,0.0,0.0,0.0,0.0,0.0,0.0,0.0,0.0
13.353333333333365,0.023242286671145418,dol,dol,dol,-0.01,0.015,0.085,0.0,0.12,0.9,0.0,0.0,0.0,0.0,0.0,0.0,0.0,0.0,0.0
13.353333333333365,0.020501847687284015,dol,sqrt,dol,0.0,0.0,0.045,0.03,0.16,1.6,0.0,0.0,0.0,0.0,0.0,0.0,0.0,0.0,0.0
13.356666666666646,0.0231980382328302,dol,sqrt,rank,0.0,0.015,0.0,0.03,0.12,0.9,0.2,0.0,0.0,0.0,0.0,0.0,0.0,0.0,0.0
13.360000000000001,0.023076105986094813,dol,dol,dol,0.0,0.0,0.0,0.03,0.2,0.9,0.0,0.0,0.0,0.0,0.0,0.0,0.0,0.0,0.0
13.366666666666637,0.02026950539512404,dol,sqrt,rank,-0.01,0.0,0.14,0.0,0.12,1.2,0.0,0.0,0.0,0.0,0.0,0.0,0.0,0.0,0.0
13.366666666666674,0.023335372166480416,dol,sqrt,dol,0.0,0.015,0.045,0.01,0.12,0.003,0.004,0.0,0.0,0.0,0.0,-300.0,0.0,0.0,0.0
13.369999999999992,0.023348050296902026,dol,sqrt,dol,0.0,0.015,0.045,0.01,0.12,0.003,0.0,0.0,0.0,0.0,0.0,-300.0,0.0,0.0,0.0
13.369999999999992,0.023342313289468626,dol,sqrt,dol,0.0,0.015,0.045,0.01,0.12,0.003,0.0,0.0,0.0,0.0,1.0,-300.0,0.0,0.0,0.0
13.369999999999992,0.023342313289468626,dol,sqrt,dol,0.0,0.015,0.045,0.01,0.12,0.003,0.004,0.0,0.0,0.0,1.0,-300.0,0.0,0.0,0.0
13.376666666666667,0.020367121491557217,dol,sqrt,rank,0.0,0.0,0.045,0.03,0.12,0.9,0.2,0.0,0.0,0.0,0.0,0.0,0.0,0.0,0.0
13.376666666666667,0.02318870794956826,dol,sqrt,rank,0.0,0.0,0.14,0.0,0.12,0.9,0.2,0.0,0.0,0.0,0.0,0.0,0.0,0.0,0.0
13.376666666666667,0.018668737446647328,dol,sqrt,rank,0.01,0.0,0.14,0.03,0.12,1.6,0.0,0.0,0.0,0.0,0.0,0.0,0.0,0.0,0.0
13.376666666666667,0.02400692534496075,sqrt,dol,rank,0.0,0.0,0.14,0.01,0.16,0.6,0.2,0.0,0.0,0.0,0.0,0.0,0.0,0.0,0.0
13.379999999999985,0.013624406615688967,dol,dol,dol,-0.01,0.0,0.085,0.0,0.16,0.6,0.0,0.0,0.0,0.0,0.0,0.0,0.0,0.0,0.0
13.380000000000022,0.018807236532781744,dol,dol,dol,0.01,0.015,0.085,0.0,0.2,0.6,0.2,0.0,0.0,0.0,0.0,0.0,0.0,0.0,0.0
13.38333333333332,0.02133254736572994,sqrt,dol,dol,0.0,0.015,0.0,0.03,0.2,1.6,0.0,0.0,0.0,0.0,0.0,0.0,0.0,0.0,0.0
13.386666666666658,0.021774273693716834,dol,dol,rank,0.01,0.015,0.0,0.03,0.16,1.6,0.0,0.0,0.0,0.0,0.0,0.0,0.0,0.0,0.0
13.389999999999976,0.018040486958607948,dol,dol,rank,0.01,0.015,0.045,0.03,0.16,0.9,0.2,0.0,0.0,0.0,0.0,0.0,0.0,0.0,0.0
13.389999999999993,0.025583310243927328,sqrt,dol,rank,0.0,0.0,0.085,0.03,0.16,1.2,0.0,0.0,0.0,0.0,0.0,0.0,0.0,0.0,0.0
13.39333333333333,0.01626915946518762,dol,dol,rank,0.01,0.0,0.14,0.0,0.16,0.003,0.0,0.0,0.0,0.0,0.0,-300.0,0.0,0.0,0.0
13.39333333333333,0.01626810267113281,dol,dol,rank,0.01,0.0,0.14,0.0,0.16,0.003,0.004,0.0,0.0,0.0,0.0,-300.0,0.0,0.0,0.0
13.396666666666649,0.01627104372121769,dol,dol,rank,0.01,0.0,0.14,0.0,0.16,0.003,0.0,0.0,0.0,0.0,1.0,-300.0,0.0,0.0,0.0
13.396666666666649,0.01627104372121769,dol,dol,rank,0.01,0.0,0.14,0.0,0.16,0.003,0.004,0.0,0.0,0.0,1.0,-300.0,0.0,0.0,0.0
13.399999999999967,0.02261486148695308,dol,dol,rank,0.0,0.0,0.085,0.03,0.2,1.6,0.2,0.0,0.0,0.0,0.0,0.0,0.0,0.0,0.0
13.413333333333314,0.017076283447236686,dol,dol,dol,-0.01,0.0,0.085,0.01,0.2,0.6,0.2,0.0,0.0,0.0,0.0,0.0,0.0,0.0,0.0
13.413333333333314,0.015900789314207468,dol,dol,rank,0.01,0.0,0.14,0.01,0.2,0.6,0.2,0.0,0.0,0.0,0.0,0.0,0.0,0.0,0.0
13.416666666666632,0.021167370943663895,dol,dol,rank,-0.01,0.015,0.14,0.03,0.16,1.2,0.2,0.0,0.0,0.0,0.0,0.0,0.0,0.0,0.0
13.419999999999987,0.023412244218214823,dol,dol,dol,0.0,0.0,0.14,0.01,0.2,0.6,0.0,0.0,0.0,0.0,0.0,0.0,0.0,0.0,0.0
13.423333333333323,0.020869476649634268,dol,sqrt,rank,0.0,0.015,0.085,0.01,0.12,0.9,0.2,0.0,0.0,0.0,0.0,0.0,0.0,0.0,0.0
13.423333333333343,0.023799344950524878,sqrt,dol,rank,0.01,0.015,0.085,0.0,0.16,0.6,0.2,0.0,0.0,0.0,0.0,0.0,0.0,0.0,0.0
13.426666666666643,0.02622190341284539,sqrt,dol,rank,-0.01,0.015,0.14,0.03,0.16,1.2,0.0,0.0,0.0,0.0,0.0,0.0,0.0,0.0,0.0
13.429999999999978,0.023482086507394122,dol,sqrt,dol,0.0,0.015,0.045,0.01,0.12,0.0,0.0,0.0,0.0,0.0,1.0,-300.0,0.0,0.0,0.0
13.429999999999978,0.023482086507394122,dol,sqrt,dol,0.0,0.015,0.045,0.01,0.12,0.0,0.004,0.0,0.0,0.0,1.0,-300.0,0.0,0.0,0.0
13.429999999999998,0.02151184151250793,sqrt,dol,rank,0.01,0.015,0.14,0.01,0.16,0.6,0.2,0.0,0.0,0.0,0.0,0.0,0.0,0.0,0.0
13.433333333333334,0.018741426940811566,dol,dol,dol,0.01,0.0,0.045,0.01,0.16,0.9,0.0,0.0,0.0,0.0,0.0,0.0,0.0,0.0,0.0
13.433333333333334,0.02077089951688998,sqrt,dol,dol,0.01,0.0,0.045,0.0,0.2,0.9,0.0,0.0,0.0,0.0,0.0,0.0,0.0,0.0,0.0
13.433333333333334,0.023490683292649358,dol,sqrt,dol,0.0,0.015,0.045,0.01,0.12,0.0,0.0,0.0,0.0,0.0,0.0,-300.0,0.0,0.0,0.0
13.433333333333334,0.023490683292649358,dol,sqrt,dol,0.0,0.015,0.045,0.01,0.12,0.0,0.004,0.0,0.0,0.0,0.0,-300.0,0.0,0.0,0.0
13.436666666666671,0.018837270642512387,sqrt,dol,dol,0.0,0.0,0.0,0.03,0.16,0.6,0.2,0.0,0.0,0.0,0.0,0.0,0.0,0.0,0.0
13.436666666666671,0.01799438282930003,sqrt,dol,dol,0.0,0.0,0.085,0.0,0.16,0.6,0.2,0.0,0.0,0.0,0.0,0.0,0.0,0.0,0.0
13.437600000000005,0.024187354365146792,sqrt,dol,dol,-0.01,0.015,0.085,0.0,0.12,0.6,0.0,0.0,0.0,0.0,0.0,0.0,0.0,0.0,0.0
13.439999999999971,0.019687087573105132,dol,dol,dol,0.01,0.0,0.045,0.0,0.26,1.6,0.0,0.0,0.0,0.0,0.0,0.0,0.0,0.0,0.0
13.440000000000007,0.023645734406645722,sqrt,dol,rank,0.0,0.0,0.14,0.0,0.16,0.9,0.0,0.0,0.0,0.0,0.0,0.0,0.0,0.0,0.0
13.443333333333307,0.02268821611419559,sqrt,dol,dol,0.01,0.015,0.0,0.01,0.2,1.6,0.0,0.0,0.0,0.0,0.0,0.0,0.0,0.0,0.0
13.443333333333326,0.01813015446196792,dol,dol,dol,0.0,0.015,0.085,0.03,0.2,1.6,0.2,0.0,0.0,0.0,0.0,0.0,0.0,0.0,0.0
13.443333333333326,0.020856628417914604,dol,sqrt,rank,0.01,0.015,0.045,0.0,0.12,0.9,0.2,0.0,0.0,0.0,0.0,0.0,0.0,0.0,0.0
13.446666666666644,0.018081579783898336,dol,dol,dol,0.01,0.015,0.045,0.01,0.26,0.9,0.0,0.0,0.0,0.0,0.0,0.0,0.0,0.0,0.0
13.446666666666644,0.016345614750004213,dol,dol,rank,0.01,0.0,0.14,0.0,0.16,0.0,0.0,0.0,0.0,0.0,0.0,-300.0,0.0,0.0,0.0
13.446666666666644,0.016345614750004213,dol,dol,rank,0.01,0.0,0.14,0.0,0.16,0.0,0.004,0.0,0.0,0.0,0.0,-300.0,0.0,0.0,0.0
13.45,0.02256813796451061,dol,dol,rank,0.01,0.015,0.045,0.03,0.16,1.2,0.0,0.0,0.0,0.0,0.0,0.0,0.0,0.0,0.0
13.45999999999999,0.02674794038592297,dol,dol,rank,0.01,0.0,0.0,0.01,0.12,0.9,0.2,0.0,0.0,0.0,0.0,0.0,0.0,0.0,0.0
13.45999999999999,0.016383975190320473,dol,dol,rank,0.01,0.0,0.14,0.0,0.16,0.0,0.0,0.0,0.0,0.0,0.0,-300.0,0.011,0.0,0.0
13.45999999999999,0.016383975190320473,dol,dol,rank,0.01,0.0,0.14,0.0,0.16,0.0,0.004,0.0,0.0,0.0,0.0,-300.0,0.011,0.0,0.0
13.460000000000027,0.019895163810258958,dol,dol,dol,-0.01,0.015,0.14,0.03,0.16,0.008,0.004,0.0,0.0,0.0,0.0,0.0,0.0,0.0,0.0
13.463333333333345,0.019896710655002488,dol,dol,dol,-0.01,0.015,0.14,0.03,0.16,0.008,0.0,0.0,0.0,0.0,0.0,0.0,0.0,0.0,0.0
13.463333333333345,0.016369018095396183,dol,dol,rank,0.01,0.0,0.14,0.0,0.16,0.0,0.0,0.0,0.0,0.0,1.0,-300.0,0.0,0.0,0.0
13.463333333333345,0.016369018095396183,dol,dol,rank,0.01,0.0,0.14,0.0,0.16,0.0,0.004,0.0,0.0,0.0,1.0,-300.0,0.0,0.0,0.0
13.466666666666645,0.021192139355063814,sqrt,dol,rank,0.01,0.015,0.085,0.03,0.16,0.6,0.2,0.0,0.0,0.0,0.0,0.0,0.0,0.0,0.0
13.4666666666667,0.019910667457234913,dol,dol,dol,-0.01,0.015,0.14,0.03,0.16,0.008,0.0,0.0,0.0,0.0,1.0,0.0,0.0,0.0,0.0
13.4666666666667,0.019910667457234913,dol,dol,dol,-0.01,0.015,0.14,0.03,0.16,0.008,0.004,0.0,0.0,0.0,1.0,0.0,0.0,0.0,0.0
13.469999999999981,0.024930531216577404,sqrt,dol,rank,-0.01,0.0,0.14,0.03,0.16,0.6,0.2,0.0,0.0,0.0,0.0,0.0,0.0,0.0,0.0
13.469999999999981,0.016390591363927624,dol,dol,rank,0.01,0.0,0.14,0.0,0.16,0.0,0.0,0.0,0.0,0.0,1.0,-300.0,0.011,0.0,0.0
13.469999999999981,0.016390591363927624,dol,dol,rank,0.01,0.0,0.14,0.0,0.16,0.0,0.004,0.0,0.0,0.0,1.0,-300.0,0.011,0.0,0.0
13.470000000000018,0.022202394417086,dol,dol,dol,0.0,0.015,0.045,0.01,0.16,1.6,0.0,0.0,0.0,0.0,0.0,0.0,0.0,0.0,0.0
13.470000000000018,0.01952795089096653,dol,dol,dol,0.01,0.0,0.045,0.0,0.16,1.2,0.2,0.0,0.0,0.0,0.0,0.0,0.0,0.0,0.0
13.476666666666656,0.022702174004233994,dol,dol,dol,0.0,0.0,0.0,0.03,0.2,1.2,0.0,0.0,0.0,0.0,0.0,0.0,0.0,0.0,0.0
13.476666666666656,0.026416597884242728,dol,dol,rank,0.01,0.015,0.045,0.0,0.12,0.9,0.2,0.0,0.0,0.0,0.0,0.0,0.0,0.0,0.0
13.480000000000011,0.027219776199858266,dol,dol,rank,0.0,0.015,0.085,0.01,0.12,0.9,0.2,0.0,0.0,0.0,0.0,0.0,0.0,0.0,0.0
13.480000000000011,0.01594089102718981,dol,dol,dol,-0.01,0.015,0.085,0.03,0.2,0.008,0.0,0.0,0.0,0.0,1.0,0.0,0.0,0.0,0.0
13.480000000000011,0.01593962077480027,dol,dol,dol,-0.01,0.015,0.085,0.03,0.2,0.008,0.004,0.0,0.0,0.0,1.0,0.0,0.0,0.0,0.0
13.483333333333366,0.019268111885434713,dol,dol,dol,0.01,0.0,0.085,0.01,0.16,0.6,0.2,0.0,0.0,0.0,0.0,0.0,0.0,0.0,0.0
13.486666666666647,0.023327139957409967,sqrt,dol,dol,-0.01,0.0,0.085,0.03,0.2,1.6,0.0,0.0,0.0,0.0,0.0,0.0,0.0,0.0,0.0
13.486666666666647,0.025739382393522955,sqrt,dol,rank,0.01,0.015,0.0,0.03,0.16,1.2,0.0,0.0,0.0,0.0,0.0,0.0,0.0,0.0,0.0
13.486666666666684,0.020066727576504087,dol,dol,dol,-0.01,0.015,0.14,0.03,0.16,0.0,0.0,0.0,0.0,0.0,0.0,0.0,0.011,0.0,0.0
13.486666666666684,0.020066727576504087,dol,dol,dol,-0.01,0.015,0.14,0.03,0.16,0.0,0.004,0.0,0.0,0.0,0.0,0.0,0.011,0.0,0.0
13.487600000000022,0.023934965235295723,dol,dol,dol,0.0,0.0,0.045,0.01,0.16,0.9,0.0,0.0,0.0,0.0,0.0,0.0,0.0,0.0,0.0
13.490000000000002,0.015952484494759903,dol,dol,dol,-0.01,0.015,0.085,0.03,0.2,0.008,0.0,0.0,0.0,0.0,0.0,0.0,0.0,0.0,0.0
13.490000000000002,0.015949783676693953,dol,dol,dol,-0.01,0.015,0.085,0.03,0.2,0.008,0.004,0.0,0.0,0.0,0.0,0.0,0.0,0.0,0.0
13.490000000000002,0.02007813114919924,dol,dol,dol,-0.01,0.015,0.14,0.03,0.16,0.0,0.0,0.0,0.0,0.0,1.0,0.0,0.011,0.0,0.0
13.490000000000002,0.02007813114919924,dol,dol,dol,-0.01,0.015,0.14,0.03,0.16,0.0,0.004,0.0,0.0,0.0,1.0,0.0,0.011,0.0,0.0
13.493333333333338,0.03053081649136869,dol,sqrt,dol,0.01,0.0,0.0,0.0,0.12,0.9,0.2,0.0,0.0,0.0,0.0,0.0,0.0,0.0,0.0
13.496666666666675,0.02350009100218787,dol,sqrt,dol,0.0,0.015,0.045,0.01,0.12,0.0,0.0,0.0,0.0,0.0,1.0,-300.0,0.011,0.0,0.0
13.496666666666675,0.02350009100218787,dol,sqrt,dol,0.0,0.015,0.045,0.01,0.12,0.0,0.004,0.0,0.0,0.0,1.0,-300.0,0.011,0.0,0.0
13.499999999999993,0.020013932260266053,sqrt,dol,dol,0.0,0.015,0.045,0.01,0.2,1.2,0.0,0.0,0.0,0.0,0.0,0.0,0.0,0.0,0.0
13.503333333333348,0.020062207092127422,dol,dol,dol,-0.01,0.015,0.14,0.03,0.16,0.003,0.0,0.0,0.0,0.0,0.0,0.0,0.0,0.0,0.0
13.503333333333348,0.020062207092127422,dol,dol,dol,-0.01,0.015,0.14,0.03,0.16,0.003,0.004,0.0,0.0,0.0,0.0,0.0,0.0,0.0,0.0
13.504399999999972,0.024177675547680123,sqrt,sqrt,dol,0.0,0.015,0.0,0.03,0.12,0.6,0.0,0.0,0.0,0.0,0.0,0.0,0.0,0.0,0.0
13.506666666666666,0.021843695439289667,dol,dol,rank,0.0,0.0,0.085,0.03,0.16,1.6,0.0,0.0,0.0,0.0,0.0,0.0,0.0,0.0,0.0
13.506666666666666,0.027163663257292008,dol,dol,rank,0.01,0.015,0.0,0.01,0.12,0.9,0.2,0.0,0.0,0.0,0.0,0.0,0.0,0.0,0.0
13.506666666666666,0.023508648622880775,dol,sqrt,dol,0.0,0.015,0.045,0.01,0.12,0.0,0.0,0.0,0.0,0.0,0.0,-300.0,0.011,0.0,0.0
13.506666666666666,0.023508648622880775,dol,sqrt,dol,0.0,0.015,0.045,0.01,0.12,0.0,0.004,0.0,0.0,0.0,0.0,-300.0,0.011,0.0,0.0
13.506666666666666,0.020045051575555178,dol,dol,dol,-0.01,0.015,0.14,0.03,0.16,0.003,0.0,0.0,0.0,0.0,1.0,0.0,0.0,0.0,0.0
13.506666666666666,0.020045051575555178,dol,dol,dol,-0.01,0.015,0.14,0.03,0.16,0.003,0.004,0.0,0.0,0.0,1.0,0.0,0.0,0.0,0.0
13.509999999999986,0.022338612959692968,dol,dol,dol,0.0,0.015,0.0,0.03,0.2,1.6,0.0,0.0,0.0,0.0,0.0,0.0,0.0,0.0,0.0
13.509999999999986,0.02095881010016587,dol,dol,rank,0.01,0.0,0.045,0.0,0.16,1.2,0.2,0.0,0.0,0.0,0.0,0.0,0.0,0.0,0.0
13.513333333333303,0.013750373950470492,dol,dol,dol,0.0,0.0,0.045,0.0,0.2,1.2,0.0,0.0,0.0,0.0,0.0,0.0,0.0,0.0,0.0
13.513333333333303,0.02009897419715188,dol,dol,rank,0.01,0.0,0.085,0.01,0.16,1.2,0.0,0.0,0.0,0.0,0.0,0.0,0.0,0.0,0.0
13.51333333333334,0.021095216626489485,dol,dol,dol,0.0,0.0,0.0,0.03,0.16,0.9,0.2,0.0,0.0,0.0,0.0,0.0,0.0,0.0,0.0
13.516666666666659,0.015915519844665004,dol,dol,dol,-0.01,0.015,0.085,0.0,0.2,0.9,0.0,0.0,0.0,0.0,0.0,0.0,0.0,0.0,0.0
13.516666666666659,0.018514953738152467,dol,dol,rank,0.0,0.015,0.14,0.03,0.16,0.6,0.2,0.0,0.0,0.0,0.0,0.0,0.0,0.0,0.0
13.51960000000001,0.023435284241533773,dol,dol,dol,0.0,0.0,0.045,0.03,0.16,0.6,0.2,0.0,0.0,0.0,0.0,0.0,0.0,0.0,0.0
13.519999999999976,0.026885671594942748,dol,dol,rank,0.0,0.0,0.085,0.01,0.12,0.9,0.2,0.0,0.0,0.0,0.0,0.0,0.0,0.0,0.0
13.519999999999976,0.022294441959741798,dol,dol,rank,0.0,0.015,0.085,0.03,0.16,1.6,0.0,0.0,0.0,0.0,0.0,0.0,0.0,0.0,0.0
13.520000000000014,0.016052514885467252,dol,dol,dol,0.01,0.015,0.0,0.01,0.26,1.6,0.0,0.0,0.0,0.0,0.0,0.0,0.0,0.0,0.0
13.520000000000014,0.017636374640056955,dol,dol,rank,0.01,0.015,0.085,0.03,0.2,0.6,0.0,0.0,0.0,0.0,0.0,0.0,0.0,0.0,0.0
13.520000000000014,0.02127568344378155,sqrt,dol,dol,-0.01,0.015,0.14,0.03,0.2,0.008,0.0,0.0,0.0,0.0,0.0,0.0,0.0,0.0,0.0
13.520000000000014,0.02127568344378155,sqrt,dol,dol,-0.01,0.015,0.14,0.03,0.2,0.008,0.004,0.0,0.0,0.0,0.0,0.0,0.0,0.0,0.0
13.520000000000014,0.02010712635968763,dol,dol,dol,-0.01,0.015,0.14,0.03,0.16,0.0,0.0,0.0,0.0,0.0,0.0,0.0,0.0,0.0,0.0
13.520000000000014,0.02010712635968763,dol,dol,dol,-0.01,0.015,0.14,0.03,0.16,0.0,0.004,0.0,0.0,0.0,0.0,0.0,0.0,0.0,0.0
13.52666666666665,0.02128301446032772,sqrt,dol,dol,-0.01,0.015,0.14,0.03,0.2,0.008,0.0,0.0,0.0,0.0,1.0,0.0,0.0,0.0,0.0
13.52666666666665,0.02128301446032772,sqrt,dol,dol,-0.01,0.015,0.14,0.03,0.2,0.008,0.004,0.0,0.0,0.0,1.0,0.0,0.0,0.0,0.0
13.526666666666687,0.020109816749630128,dol,dol,dol,-0.01,0.015,0.14,0.03,0.16,0.0,0.0,0.0,0.0,0.0,1.0,0.0,0.0,0.0,0.0
13.526666666666687,0.020109816749630128,dol,dol,dol,-0.01,0.015,0.14,0.03,0.16,0.0,0.004,0.0,0.0,0.0,1.0,0.0,0.0,0.0,0.0
13.530000000000005,0.020791258848817176,dol,dol,dol,0.0,0.0,0.14,0.03,0.2,0.6,0.2,0.0,0.0,0.0,0.0,0.0,0.0,0.0,0.0
13.533333333333323,0.018709202273312013,dol,sqrt,rank,0.0,0.015,0.045,0.01,0.12,1.2,0.0,0.0,0.0,0.0,0.0,0.0,0.0,0.0,0.0
13.53666666666664,0.0174161124866644,dol,sqrt,rank,0.0,0.015,0.085,0.0,0.12,0.9,0.0,0.0,0.0,0.0,0.0,0.0,0.0,0.0,0.0
13.540000000000033,0.027831984665927893,sqrt,dol,dol,0.01,0.015,0.085,0.0,0.2,1.2,0.0,0.0,0.0,0.0,0.0,0.0,0.0,0.0,0.0
13.54333333333335,0.01789694861432262,dol,dol,dol,0.01,0.015,0.085,0.01,0.16,0.6,0.0,0.0,0.0,0.0,0.0,0.0,0.0,0.0,0.0
13.546666666666633,0.01644224797868564,dol,dol,rank,0.01,0.0,0.085,0.03,0.2,1.6,0.0,0.0,0.0,0.0,0.0,0.0,0.0,0.0,0.0
13.54666666666667,0.023967672024965126,dol,dol,rank,0.0,0.0,0.14,0.0,0.12,0.6,0.2,0.0,0.0,0.0,0.0,0.0,0.0,0.0,0.0
13.54666666666667,0.016269500848269818,dol,sqrt,dol,0.01,0.015,0.0,0.03,0.16,1.2,0.0,0.0,0.0,0.0,0.0,0.0,0.0,0.0,0.0
13.553333333333343,0.021302404352213034,sqrt,dol,dol,-0.01,0.015,0.045,0.03,0.2,0.9,0.0,0.0,0.0,0.0,0.0,0.0,0.0,0.0,0.0
13.556666666666661,0.017275113208612268,dol,dol,dol,-0.01,0.0,0.045,0.03,0.2,1.2,0.2,0.0,0.0,0.0,0.0,0.0,0.0,0.0,0.0
13.55999999999998,0.02586369563550279,dol,sqrt,rank,0.0,0.015,0.045,0.0,0.12,0.9,0.2,0.0,0.0,0.0,0.0,0.0,0.0,0.0,0.0
13.563333333333334,0.023706060408133486,dol,dol,dol,0.0,0.0,0.14,0.01,0.2,1.2,0.0,0.0,0.0,0.0,0.0,0.0,0.0,0.0,0.0
13.563333333333334,0.023480747970609013,dol,dol,dol,0.01,0.0,0.085,0.01,0.2,1.2,0.2,0.0,0.0,0.0,0.0,0.0,0.0,0.0,0.0
13.563333333333334,0.016988586475762023,dol,sqrt,rank,0.01,0.0,0.14,0.03,0.16,1.2,0.0,0.0,0.0,0.0,0.0,0.0,0.0,0.0,0.0
13.563333333333334,0.025684683057763787,sqrt,dol,rank,-0.01,0.0,0.14,0.0,0.12,0.6,0.0,0.0,0.0,0.0,0.0,0.0,0.0,0.0,0.0
13.563333333333334,0.016070425357941998,dol,dol,dol,-0.01,0.015,0.085,0.03,0.2,0.003,0.004,0.0,0.0,0.0,1.0,0.0,0.0,0.0,0.0
13.566666666666652,0.0211319096979303,dol,dol,dol,-0.01,0.015,0.045,0.03,0.2,0.9,0.0,0.0,0.0,0.0,0.0,0.0,0.0,0.0,0.0
13.566666666666652,0.016073220657239054,dol,dol,dol,-0.01,0.015,0.085,0.03,0.2,0.003,0.0,0.0,0.0,0.0,1.0,0.0,0.0,0.0,0.0
13.570000000000007,0.016073891646600925,dol,dol,dol,-0.01,0.015,0.085,0.03,0.2,0.003,0.0,0.0,0.0,0.0,0.0,0.0,0.0,0.0,0.0
13.570000000000007,0.016073891646600925,dol,dol,dol,-0.01,0.015,0.085,0.03,0.2,0.003,0.004,0.0,0.0,0.0,0.0,0.0,0.0,0.0,0.0
13.573333333333325,0.023552811739043278,dol,dol,rank,0.01,0.0,0.14,0.0,0.12,0.6,0.2,0.0,0.0,0.0,0.0,0.0,0.0,0.0,0.0
13.573333333333325,0.018013391522646357,dol,sqrt,rank,0.0,0.015,0.085,0.01,0.12,0.6,0.0,0.0,0.0,0.0,0.0,0.0,0.0,0.0,0.0
13.573333333333325,0.02564594745402897,dol,sqrt,rank,0.01,0.0,0.0,0.0,0.12,0.9,0.2,0.0,0.0,0.0,0.0,0.0,0.0,0.0,0.0
13.583333333333318,0.017159207119297866,dol,sqrt,rank,0.0,0.0,0.045,0.03,0.12,0.6,0.2,0.0,0.0,0.0,0.0,0.0,0.0,0.0,0.0
13.586666666666654,0.01929220477963208,dol,sqrt,rank,0.01,0.015,0.14,0.03,0.12,1.6,0.0,0.0,0.0,0.0,0.0,0.0,0.0,0.0,0.0
13.586666666666673,0.01614141237337699,dol,dol,dol,0.0,0.015,0.14,0.03,0.2,0.9,0.0,0.0,0.0,0.0,0.0,0.0,0.0,0.0,0.0
13.586666666666673,0.02144760299306542,sqrt,dol,dol,-0.01,0.015,0.14,0.03,0.2,0.003,0.0,0.0,0.0,0.0,0.0,0.0,0.0,0.0,0.0
13.586666666666673,0.02144760299306542,sqrt,dol,dol,-0.01,0.015,0.14,0.03,0.2,0.003,0.004,0.0,0.0,0.0,0.0,0.0,0.0,0.0,0.0
13.589999999999991,0.024991943621895447,sqrt,dol,rank,0.0,0.0,0.14,0.0,0.12,0.6,0.0,0.0,0.0,0.0,0.0,0.0,0.0,0.0,0.0
13.589999999999991,0.021439991727126646,sqrt,dol,dol,-0.01,0.015,0.14,0.03,0.2,0.003,0.0,0.0,0.0,0.0,1.0,0.0,0.0,0.0,0.0
13.589999999999991,0.021439991727126646,sqrt,dol,dol,-0.01,0.015,0.14,0.03,0.2,0.003,0.004,0.0,0.0,0.0,1.0,0.0,0.0,0.0,0.0
13.591599999999993,0.026655995824718448,dol,dol,dol,0.0,0.015,0.045,0.01,0.16,0.9,0.0,0.0,0.0,0.0,0.0,0.0,0.0,0.0,0.0
13.593333333333327,0.015294421207553895,sqrt,dol,dol,0.0,0.0,0.085,0.01,0.16,0.9,0.0,0.0,0.0,0.0,0.0,0.0,0.0,0.0,0.0
13.597600000000032,0.025417121920877292,sqrt,dol,dol,-0.01,0.015,0.085,0.0,0.16,1.2,0.0,0.0,0.0,0.0,0.0,0.0,0.0,0.0,0.0
13.600000000000001,0.021731010119523095,dol,sqrt,rank,-0.01,0.0,0.14,0.03,0.12,0.9,0.2,0.0,0.0,0.0,0.0,0.0,0.0,0.0,0.0
13.60000000000002,0.024480999587737737,dol,dol,dol,0.01,0.015,0.0,0.03,0.16,0.6,0.2,0.0,0.0,0.0,0.0,0.0,0.0,0.0,0.0
13.606666666666655,0.02068251286939265,dol,dol,dol,0.01,0.0,0.085,0.03,0.26,0.6,0.0,0.0,0.0,0.0,0.0,0.0,0.0,0.0,0.0
13.606666666666655,0.019395695763445756,dol,sqrt,dol,0.0,0.015,0.0,0.01,0.16,1.6,0.0,0.0,0.0,0.0,0.0,0.0,0.0,0.0,0.0
13.609999999999975,0.0165780954117619,dol,dol,rank,0.01,0.015,0.14,0.01,0.2,0.9,0.0,0.0,0.0,0.0,0.0,0.0,0.0,0.0,0.0
13.609999999999975,0.017323985109496995,dol,sqrt,rank,0.01,0.0,0.0,0.01,0.12,0.9,0.0,0.0,0.0,0.0,0.0,0.0,0.0,0.0,0.0
13.609999999999992,0.02313917231945927,sqrt,dol,dol,-0.01,0.0,0.085,0.01,0.12,0.6,0.0,0.0,0.0,0.0,0.0,0.0,0.0,0.0,0.0
13.61000000000001,0.025439262977036414,dol,dol,dol,0.0,0.0,0.14,0.0,0.16,0.6,0.0,0.0,0.0,0.0,0.0,0.0,0.0,0.0,0.0
13.61000000000001,0.016148897453478455,dol,dol,dol,-0.01,0.015,0.085,0.03,0.2,0.0,0.0,0.0,0.0,0.0,1.0,0.0,0.0,0.0,0.0
13.61000000000001,0.016148897453478455,dol,dol,dol,-0.01,0.015,0.085,0.03,0.2,0.0,0.004,0.0,0.0,0.0,1.0,0.0,0.0,0.0,0.0
13.61333333333333,0.025019510417982914,dol,dol,rank,0.01,0.015,0.045,0.0,0.2,1.6,0.2,0.0,0.0,0.0,0.0,0.0,0.0,0.0,0.0
13.616666666666665,0.0162024463424966,sqrt,dol,dol,0.0,0.015,0.085,0.03,0.2,1.2,0.0,0.0,0.0,0.0,0.0,0.0,0.0,0.0,0.0
13.616666666666665,0.0251794438072894,sqrt,dol,rank,0.0,0.015,0.085,0.03,0.16,1.2,0.0,0.0,0.0,0.0,0.0,0.0,0.0,0.0,0.0
13.620000000000003,0.03171375823764121,sqrt,dol,dol,0.0,0.0,0.14,0.01,0.2,0.6,0.2,0.0,0.0,0.0,0.0,0.0,0.0,0.0,0.0
13.620000000000003,0.016161193944251265,dol,dol,dol,-0.01,0.015,0.085,0.03,0.2,0.0,0.0,0.0,0.0,0.0,0.0,0.0,0.0,0.0,0.0
13.620000000000003,0.016161193944251265,dol,dol,dol,-0.01,0.015,0.085,0.03,0.2,0.0,0.004,0.0,0.0,0.0,0.0,0.0,0.0,0.0,0.0
13.62333333333332,0.02360269918807938,dol,dol,rank,0.01,0.0,0.0,0.03,0.2,1.6,0.2,0.0,0.0,0.0,0.0,0.0,0.0,0.0,0.0
13.62333333333332,0.016601018601055544,dol,dol,rank,0.01,0.015,0.14,0.01,0.2,0.6,0.0,0.0,0.0,0.0,0.0,0.0,0.0,0.0,0.0
13.62333333333332,0.019134608554096894,sqrt,dol,dol,0.0,0.015,0.045,0.01,0.2,0.9,0.0,0.0,0.0,0.0,0.0,0.0,0.0,0.0,0.0
13.62333333333332,0.021558633968612025,sqrt,dol,dol,-0.01,0.015,0.14,0.03,0.2,0.0,0.0,0.0,0.0,0.0,0.0,0.0,0.0,0.0,0.0
13.62333333333332,0.021558633968612025,sqrt,dol,dol,-0.01,0.015,0.14,0.03,0.2,0.0,0.004,0.0,0.0,0.0,0.0,0.0,0.0,0.0,0.0
13.623333333333338,0.026406958049109093,dol,dol,rank,0.01,0.0,0.045,0.01,0.12,0.9,0.2,0.0,0.0,0.0,0.0,0.0,0.0,0.0,0.0
13.623333333333358,0.025182915933006842,dol,dol,dol,-0.01,0.015,0.14,0.03,0.16,1.6,0.0,0.0,0.0,0.0,0.0,0.0,0.0,0.0,0.0
13.626666666666639,0.016374990055976618,dol,dol,rank,0.0,0.015,0.14,0.03,0.2,1.2,0.2,0.0,0.0,0.0,0.0,0.0,0.0,0.0,0.0
13.626666666666676,0.021544748970972534,sqrt,dol,dol,-0.01,0.015,0.14,0.03,0.2,0.0,0.0,0.0,0.0,0.0,1.0,0.0,0.0,0.0,0.0
13.626666666666676,0.021544748970972534,sqrt,dol,dol,-0.01,0.015,0.14,0.03,0.2,0.0,0.004,0.0,0.0,0.0,1.0,0.0,0.0,0.0,0.0
13.629999999999994,0.01616358383206819,dol,dol,dol,-0.01,0.015,0.085,0.03,0.2,0.0,0.0,0.0,0.0,0.0,0.0,0.0,0.011,0.0,0.0
13.629999999999994,0.01616358383206819,dol,dol,dol,-0.01,0.015,0.085,0.03,0.2,0.0,0.004,0.0,0.0,0.0,0.0,0.0,0.011,0.0,0.0
13.633333333333312,0.016168592281654265,dol,dol,dol,-0.01,0.015,0.085,0.03,0.2,0.0,0.0,0.0,0.0,0.0,1.0,0.0,0.011,0.0,0.0
13.633333333333312,0.016168592281654265,dol,dol,dol,-0.01,0.015,0.085,0.03,0.2,0.0,0.004,0.0,0.0,0.0,1.0,0.0,0.011,0.0,0.0
13.636666666666667,0.02514426262663189,sqrt,dol,rank,0.01,0.015,0.0,0.0,0.12,0.6,0.0,0.0,0.0,0.0,0.0,0.0,0.0,0.0,0.0
13.639999999999985,0.019015751523408165,sqrt,dol,dol,0.01,0.0,0.045,0.0,0.2,0.6,0.0,0.0,0.0,0.0,0.0,0.0,0.0,0.0,0.0
13.640000000000004,0.01900015107347347,dol,sqrt,dol,0.0,0.0,0.045,0.01,0.12,0.9,0.2,0.0,0.0,0.0,0.0,0.0,0.0,0.0,0.0
13.64666666666666,0.018079074072898015,dol,sqrt,rank,-0.01,0.015,0.14,0.01,0.12,0.9,0.0,0.0,0.0,0.0,0.0,0.0,0.0,0.0,0.0
13.649999999999977,0.0258413207021164,sqrt,dol,rank,0.0,0.0,0.14,0.01,0.16,1.2,0.0,0.0,0.0,0.0,0.0,0.0,0.0,0.0,0.0
13.650000000000015,0.022241428096634847,dol,dol,dol,-0.01,0.015,0.14,0.01,0.16,0.9,0.2,0.0,0.0,0.0,0.0,0.0,0.0,0.0,0.0
13.650000000000015,0.021299369145587384,dol,dol,dol,0.0,0.015,0.045,0.03,0.16,0.9,0.2,0.0,0.0,0.0,0.0,0.0,0.0,0.0,0.0
13.653333333333332,0.01767123477837901,dol,dol,dol,0.0,0.015,0.045,0.03,0.26,0.9,0.0,0.0,0.0,0.0,0.0,0.0,0.0,0.0,0.0
13.653333333333332,0.023659985975701056,dol,dol,rank,0.01,0.0,0.085,0.0,0.12,0.6,0.2,0.0,0.0,0.0,0.0,0.0,0.0,0.0,0.0
13.656666666666688,0.024252655144448732,sqrt,dol,rank,0.0,0.0,0.045,0.03,0.16,0.9,0.0,0.0,0.0,0.0,0.0,0.0,0.0,0.0,0.0
13.657600000000025,0.0265701024001707,dol,dol,dol,-0.01,0.015,0.085,0.0,0.12,0.9,0.2,0.0,0.0,0.0,0.0,0.0,0.0,0.0,0.0
13.659999999999986,0.025489167707958695,sqrt,dol,rank,0.0,0.015,0.14,0.01,0.16,1.2,0.0,0.0,0.0,0.0,0.0,0.0,0.0,0.0,0.0
13.660000000000005,0.02445883818294031,sqrt,dol,rank,0.01,0.0,0.0,0.03,0.16,0.6,0.2,0.0,0.0,0.0,0.0,0.0,0.0,0.0,0.0
13.660000000000005,0.021138971559482102,dol,dol,dol,-0.01,0.015,0.14,0.03,0.16,0.0,0.0,0.0,0.0,0.0,0.0,-300.0,0.011,0.0,0.0
13.660000000000005,0.021138971559482102,dol,dol,dol,-0.01,0.015,0.14,0.03,0.16,0.0,0.004,0.0,0.0,0.0,0.0,-300.0,0.011,0.0,0.0
13.663333333333323,0.01592804673105482,dol,dol,dol,-0.01,0.015,0.085,0.03,0.26,1.2,0.0,0.0,0.0,0.0,0.0,0.0,0.0,0.0,0.0
13.66333333333336,0.021144796384646242,dol,dol,dol,-0.01,0.015,0.14,0.03,0.16,0.0,0.0,0.0,0.0,0.0,1.0,-300.0,0.011,0.0,0.0
13.66333333333336,0.021144796384646242,dol,dol,dol,-0.01,0.015,0.14,0.03,0.16,0.0,0.004,0.0,0.0,0.0,1.0,-300.0,0.011,0.0,0.0
13.669999999999996,0.020079030615157808,dol,dol,rank,0.01,0.015,0.045,0.0,0.16,1.6,0.0,0.0,0.0,0.0,0.0,0.0,0.0,0.0,0.0
13.676666666666652,0.025228027375505595,sqrt,dol,rank,0.01,0.0,0.085,0.01,0.16,1.2,0.0,0.0,0.0,0.0,0.0,0.0,0.0,0.0,0.0
13.67666666666667,0.026552601129470183,dol,dol,dol,-0.01,0.015,0.14,0.0,0.2,0.6,0.2,0.0,0.0,0.0,0.0,0.0,0.0,0.0,0.0
13.679999999999989,0.027269306162654616,dol,dol,rank,0.01,0.0,0.0,0.03,0.12,0.9,0.2,0.0,0.0,0.0,0.0,0.0,0.0,0.0,0.0
13.679999999999989,0.02155849826591551,sqrt,dol,dol,-0.01,0.015,0.14,0.03,0.2,0.0,0.0,0.0,0.0,0.0,0.0,0.0,0.011,0.0,0.0
13.679999999999989,0.021542694526949995,sqrt,dol,dol,-0.01,0.015,0.14,0.03,0.2,0.0,0.0,0.0,0.0,0.0,1.0,0.0,0.011,0.0,0.0
13.679999999999989,0.02155849826591551,sqrt,dol,dol,-0.01,0.015,0.14,0.03,0.2,0.0,0.004,0.0,0.0,0.0,0.0,0.0,0.011,0.0,0.0
13.679999999999989,0.021542694526949995,sqrt,dol,dol,-0.01,0.015,0.14,0.03,0.2,0.0,0.004,0.0,0.0,0.0,1.0,0.0,0.011,0.0,0.0
13.680000000000025,0.02099631396398126,dol,dol,dol,-0.01,0.015,0.14,0.03,0.16,0.008,0.0,0.0,0.0,0.0,0.0,-300.0,0.0,0.0,0.0
13.680000000000025,0.02099631396398126,dol,dol,dol,-0.01,0.015,0.14,0.03,0.16,0.008,0.004,0.0,0.0,0.0,0.0,-300.0,0.0,0.0,0.0
13.683333333333307,0.020353693232979156,dol,sqrt,rank,0.0,0.0,0.085,0.0,0.12,0.6,0.2,0.0,0.0,0.0,0.0,0.0,0.0,0.0,0.0
13.683333333333344,0.02099111182452302,dol,dol,dol,-0.01,0.015,0.14,0.03,0.16,0.008,0.0,0.0,0.0,0.0,1.0,-300.0,0.0,0.0,0.0
13.683333333333344,0.02099111182452302,dol,dol,dol,-0.01,0.015,0.14,0.03,0.16,0.008,0.004,0.0,0.0,0.0,1.0,-300.0,0.0,0.0,0.0
13.686666666666662,0.020305291284494,dol,dol,dol,0.01,0.015,0.085,0.03,0.26,0.6,0.2,0.0,0.0,0.0,0.0,0.0,0.0,0.0,0.0
13.686666666666662,0.02572263408981511,sqrt,dol,rank,0.01,0.015,0.085,0.0,0.16,1.2,0.0,0.0,0.0,0.0,0.0,0.0,0.0,0.0,0.0
13.689999999999998,0.01968025383944996,dol,sqrt,rank,0.0,0.015,0.045,0.03,0.12,0.9,0.2,0.0,0.0,0.0,0.0,0.0,0.0,0.0,0.0
13.690000000000017,0.027976849769712056,dol,dol,dol,-0.01,0.015,0.14,0.03,0.26,1.6,0.2,0.0,0.0,0.0,0.0,0.0,0.0,0.0,0.0
13.690000000000017,0.023974372012784975,dol,sqrt,dol,0.01,0.015,0.0,0.03,0.16,0.9,0.2,0.0,0.0,0.0,0.0,0.0,0.0,0.0,0.0
13.693333333333335,0.01975175296674347,dol,sqrt,rank,0.01,0.0,0.045,0.01,0.12,0.9,0.2,0.0,0.0,0.0,0.0,0.0,0.0,0.0,0.0
13.693333333333335,0.025006329822370683,sqrt,dol,rank,0.0,0.015,0.045,0.03,0.16,0.6,0.2,0.0,0.0,0.0,0.0,0.0,0.0,0.0,0.0
13.696666666666653,0.01656345513472355,dol,dol,dol,0.0,0.0,0.085,0.03,0.16,0.9,0.2,0.0,0.0,0.0,0.0,0.0,0.0,0.0,0.0
13.69999999999997,0.02318049734391199,dol,sqrt,rank,-0.01,0.015,0.085,0.01,0.12,1.6,0.0,0.0,0.0,0.0,0.0,0.0,0.0,0.0,0.0
13.700000000000008,0.01983033815105493,dol,dol,dol,0.0,0.015,0.085,0.0,0.26,1.6,0.0,0.0,0.0,0.0,0.0,0.0,0.0,0.0,0.0
13.700000000000008,0.024085782545203188,sqrt,dol,rank,0.0,0.015,0.085,0.01,0.16,0.9,0.0,0.0,0.0,0.0,0.0,0.0,0.0,0.0,0.0
13.700000000000008,0.021085017431201586,dol,dol,dol,-0.01,0.015,0.14,0.03,0.16,0.003,0.0,0.0,0.0,0.0,1.0,-300.0,0.0,0.0,0.0
13.700000000000008,0.021085017431201586,dol,dol,dol,-0.01,0.015,0.14,0.03,0.16,0.003,0.004,0.0,0.0,0.0,1.0,-300.0,0.0,0.0,0.0
13.703333333333326,0.023058902612737298,dol,dol,rank,0.0,0.015,0.14,0.03,0.16,0.6,0.0,0.0,0.0,0.0,0.0,0.0,0.0,0.0,0.0
13.703333333333363,0.02114306348208339,dol,dol,dol,-0.01,0.015,0.14,0.03,0.16,0.0,0.0,0.0,0.0,0.0,1.0,-300.0,0.0,0.0,0.0
13.703333333333363,0.02114306348208339,dol,dol,dol,-0.01,0.015,0.14,0.03,0.16,0.0,0.004,0.0,0.0,0.0,1.0,-300.0,0.0,0.0,0.0
13.703333333333363,0.021102394687702065,dol,dol,dol,-0.01,0.015,0.14,0.03,0.16,0.003,0.0,0.0,0.0,0.0,0.0,-300.0,0.0,0.0,0.0
13.703333333333363,0.021102394687702065,dol,dol,dol,-0.01,0.015,0.14,0.03,0.16,0.003,0.004,0.0,0.0,0.0,0.0,-300.0,0.0,0.0,0.0
13.706666666666644,0.01862388643650942,dol,sqrt,rank,0.0,0.0,0.045,0.03,0.12,0.9,0.0,0.0,0.0,0.0,0.0,0.0,0.0,0.0,0.0
13.706666666666644,0.022760655219039704,sqrt,dol,dol,0.0,0.015,0.0,0.03,0.2,0.9,0.2,0.0,0.0,0.0,0.0,0.0,0.0,0.0,0.0
13.706666666666644,0.022935115403951916,sqrt,dol,dol,-0.01,0.015,0.14,0.03,0.2,0.008,0.0,0.0,0.0,0.0,1.0,-300.0,0.0,0.0,0.0
13.706666666666644,0.022935115403951916,sqrt,dol,dol,-0.01,0.015,0.14,0.03,0.2,0.008,0.004,0.0,0.0,0.0,1.0,-300.0,0.0,0.0,0.0
13.706666666666681,0.02381955530417999,dol,dol,rank,0.01,0.0,0.045,0.0,0.12,0.6,0.2,0.0,0.0,0.0,0.0,0.0,0.0,0.0,0.0
13.706666666666681,0.025067714400384803,sqrt,dol,rank,0.0,0.0,0.085,0.0,0.12,0.6,0.0,0.0,0.0,0.0,0.0,0.0,0.0,0.0,0.0
13.706666666666681,0.0211505439050981,dol,dol,dol,-0.01,0.015,0.14,0.03,0.16,0.0,0.0,0.0,0.0,0.0,0.0,-300.0,0.0,0.0,0.0
13.706666666666681,0.0211505439050981,dol,dol,dol,-0.01,0.015,0.14,0.03,0.16,0.0,0.004,0.0,0.0,0.0,0.0,-300.0,0.0,0.0,0.0
13.709999999999999,0.022921692896888304,sqrt,dol,dol,-0.01,0.015,0.14,0.03,0.2,0.008,0.0,0.0,0.0,0.0,0.0,-300.0,0.0,0.0,0.0
13.713333333333319,0.022925085921725975,sqrt,dol,dol,-0.01,0.015,0.14,0.03,0.2,0.008,0.004,0.0,0.0,0.0,0.0,-300.0,0.0,0.0,0.0
13.713333333333336,0.017095513058716354,sqrt,dol,dol,-0.01,0.015,0.085,0.03,0.16,0.9,0.0,0.0,0.0,0.0,0.0,0.0,0.0,0.0,0.0
13.713333333333354,0.02488051114605343,dol,dol,dol,-0.01,0.015,0.14,0.01,0.2,1.2,0.2,0.0,0.0,0.0,0.0,0.0,0.0,0.0,0.0
13.716666666666654,0.015761334078241148,sqrt,dol,dol,0.01,0.015,0.0,0.01,0.16,0.9,0.0,0.0,0.0,0.0,0.0,0.0,0.0,0.0,0.0
13.720000000000029,0.016545600670738913,dol,dol,dol,0.01,0.015,0.085,0.03,0.2,1.2,0.0,0.0,0.0,0.0,0.0,0.0,0.0,0.0,0.0
13.72333333333331,0.015174137820403234,dol,dol,rank,0.01,0.015,0.085,0.03,0.2,0.9,0.2,0.0,0.0,0.0,0.0,0.0,0.0,0.0,0.0
13.726666666666665,0.017795028063416415,dol,dol,dol,0.0,0.0,0.085,0.03,0.16,0.9,0.0,0.0,0.0,0.0,0.0,0.0,0.0,0.0,0.0
13.729999999999983,0.01591761312136595,dol,dol,rank,0.01,0.015,0.14,0.01,0.2,1.2,0.0,0.0,0.0,0.0,0.0,0.0,0.0,0.0,0.0
13.73,0.022240257011238107,dol,sqrt,rank,0.0,0.015,0.14,0.0,0.12,0.9,0.2,0.0,0.0,0.0,0.0,0.0,0.0,0.0,0.0
13.7333333333333,0.01991039538830202,dol,sqrt,rank,-0.01,0.015,0.085,0.03,0.12,1.2,0.0,0.0,0.0,0.0,0.0,0.0,0.0,0.0,0.0
13.733333333333338,0.023207588990257936,dol,dol,dol,-0.01,0.015,0.14,0.03,0.16,0.9,0.2,0.0,0.0,0.0,0.0,0.0,0.0,0.0,0.0
13.733333333333338,0.02373145543600543,sqrt,dol,dol,0.0,0.015,0.085,0.0,0.2,1.2,0.0,0.0,0.0,0.0,0.0,0.0,0.0,0.0,0.0
13.733333333333338,0.023962050507386014,sqrt,dol,dol,0.01,0.0,0.085,0.03,0.26,0.6,0.0,0.0,0.0,0.0,0.0,0.0,0.0,0.0,0.0
13.736666666666656,0.016283970580047474,dol,dol,dol,-0.01,0.015,0.085,0.03,0.2,0.008,0.0,0.0,0.0,0.0,0.0,-300.0,0.0,0.0,0.0
13.736666666666656,0.016276839171270544,dol,dol,dol,-0.01,0.015,0.085,0.03,0.2,0.008,0.0,0.0,0.0,0.0,1.0,-300.0,0.0,0.0,0.0
13.736666666666656,0.016282450268333096,dol,dol,dol,-0.01,0.015,0.085,0.03,0.2,0.008,0.004,0.0,0.0,0.0,0.0,-300.0,0.0,0.0,0.0
13.736666666666656,0.016274877961652022,dol,dol,dol,-0.01,0.015,0.085,0.03,0.2,0.008,0.004,0.0,0.0,0.0,1.0,-300.0,0.0,0.0,0.0
13.739999999999993,0.02100483724006166,sqrt,dol,dol,-0.01,0.015,0.085,0.03,0.2,0.9,0.2,0.0,0.0,0.0,0.0,0.0,0.0,0.0,0.0
13.739999999999993,0.020812325249627846,sqrt,dol,dol,-0.01,0.015,0.085,0.03,0.2,1.6,0.0,0.0,0.0,0.0,0.0,0.0,0.0,0.0,0.0
13.74000000000001,0.02124720124663047,dol,dol,dol,0.01,0.0,0.085,0.0,0.16,1.2,0.0,0.0,0.0,0.0,0.0,0.0,0.0,0.0,0.0
13.743333333333329,0.01505277149576462,dol,dol,dol,0.01,0.015,0.0,0.03,0.2,1.6,0.2,0.0,0.0,0.0,0.0,0.0,0.0,0.0,0.0
13.746666666666648,0.024341621801472587,sqrt,dol,rank,0.01,0.015,0.045,0.01,0.16,0.6,0.2,0.0,0.0,0.0,0.0,0.0,0.0,0.0,0.0
13.749600000000006,0.026345438962904918,dol,dol,dol,-0.01,0.0,0.085,0.0,0.12,0.9,0.2,0.0,0.0,0.0,0.0,0.0,0.0,0.0,0.0
13.750000000000004,0.025947037468801868,dol,dol,dol,0.01,0.0,0.085,0.0,0.16,0.9,0.2,0.0,0.0,0.0,0.0,0.0,0.0,0.0,0.0
13.750000000000004,0.0263384108902231,dol,dol,rank,0.0,0.0,0.14,0.0,0.12,0.9,0.2,0.0,0.0,0.0,0.0,0.0,0.0,0.0,0.0
13.753333333333359,0.023310959052040874,sqrt,dol,rank,0.0,0.015,0.14,0.0,0.16,0.9,0.0,0.0,0.0,0.0,0.0,0.0,0.0,0.0,0.0
13.75666666666664,0.021096109156798434,dol,dol,dol,0.0,0.0,0.0,0.03,0.2,1.6,0.0,0.0,0.0,0.0,0.0,0.0,0.0,0.0,0.0
13.763333333333312,0.01775699503482124,dol,dol,rank,0.01,0.0,0.045,0.03,0.16,0.9,0.2,0.0,0.0,0.0,0.0,0.0,0.0,0.0,0.0
13.76333333333335,0.01809744729492513,dol,dol,dol,0.01,0.015,0.085,0.03,0.2,0.9,0.2,0.0,0.0,0.0,0.0,0.0,0.0,0.0,0.0
13.76333333333335,0.025156615448323233,sqrt,dol,rank,0.01,0.0,0.0,0.01,0.12,0.6,0.0,0.0,0.0,0.0,0.0,0.0,0.0,0.0,0.0
13.766666666666667,0.029610690800852726,dol,sqrt,dol,0.01,0.015,0.0,0.01,0.16,1.2,0.2,0.0,0.0,0.0,0.0,0.0,0.0,0.0,0.0
13.770000000000023,0.023311437283492886,sqrt,dol,rank,0.01,0.0,0.0,0.03,0.16,0.9,0.0,0.0,0.0,0.0,0.0,0.0,0.0,0.0,0.0
13.773333333333303,0.021397633671524065,dol,dol,rank,0.01,0.0,0.0,0.03,0.16,1.6,0.0,0.0,0.0,0.0,0.0,0.0,0.0,0.0,0.0
13.773333333333323,0.026774041285184066,dol,dol,rank,0.01,0.015,0.045,0.01,0.12,0.9,0.2,0.0,0.0,0.0,0.0,0.0,0.0,0.0,0.0
13.776666666666658,0.02218352744050647,sqrt,dol,dol,-0.01,0.015,0.14,0.0,0.16,0.6,0.0,0.0,0.0,0.0,0.0,0.0,0.0,0.0,0.0
13.780000000000014,0.027409141866389257,dol,dol,dol,-0.01,0.015,0.14,0.0,0.2,0.9,0.2,0.0,0.0,0.0,0.0,0.0,0.0,0.0,0.0
13.783333333333333,0.020195169739688146,sqrt,dol,dol,0.0,0.015,0.085,0.03,0.16,0.6,0.0,0.0,0.0,0.0,0.0,0.0,0.0,0.0,0.0
13.783333333333333,0.024937433235406772,sqrt,dol,rank,-0.01,0.015,0.14,0.01,0.16,0.9,0.0,0.0,0.0,0.0,0.0,0.0,0.0,0.0,0.0
13.783333333333333,0.017263135548415392,dol,sqrt,dol,0.0,0.015,0.0,0.03,0.12,0.008,0.004,0.0,0.0,0.0,0.0,-300.0,0.0,0.0,0.0
13.786666666666651,0.023892802869545527,sqrt,dol,rank,0.01,0.015,0.045,0.0,0.16,0.9,0.0,0.0,0.0,0.0,0.0,0.0,0.0,0.0,0.0
13.786666666666651,0.0172691270254817,dol,sqrt,dol,0.0,0.015,0.0,0.03,0.12,0.008,0.0,0.0,0.0,0.0,0.0,-300.0,0.0,0.0,0.0
13.786666666666669,0.021076055504520526,dol,sqrt,rank,0.01,0.0,0.085,0.0,0.12,0.9,0.2,0.0,0.0,0.0,0.0,0.0,0.0,0.0,0.0
13.786666666666688,0.025368310402284714,sqrt,dol,rank,-0.01,0.015,0.085,0.03,0.16,0.9,0.0,0.0,0.0,0.0,0.0,0.0,0.0,0.0,0.0
13.790000000000006,0.021566515852125955,sqrt,dol,rank,0.01,0.0,0.14,0.0,0.16,0.9,0.0,0.0,0.0,0.0,0.0,0.0,0.0,0.0,0.0
13.790000000000006,0.017266781769243133,dol,sqrt,dol,0.0,0.015,0.0,0.03,0.12,0.008,0.0,0.0,0.0,0.0,1.0,-300.0,0.0,0.0,0.0
13.790000000000006,0.017266781769243133,dol,sqrt,dol,0.0,0.015,0.0,0.03,0.12,0.008,0.004,0.0,0.0,0.0,1.0,-300.0,0.0,0.0,0.0
13.796666666666642,0.02556895251406804,sqrt,dol,rank,0.0,0.0,0.045,0.0,0.12,0.6,0.0,0.0,0.0,0.0,0.0,0.0,0.0,0.0,0.0
13.79666666666666,0.018614635104510485,dol,sqrt,dol,0.0,0.015,0.0,0.03,0.12,0.9,0.2,0.0,0.0,0.0,0.0,0.0,0.0,0.0,0.0
13.79666666666668,0.02101605155677529,dol,dol,dol,-0.01,0.015,0.045,0.03,0.16,1.2,0.2,0.0,0.0,0.0,0.0,0.0,0.0,0.0,0.0
13.79666666666668,0.018086847955433354,dol,sqrt,dol,0.01,0.015,0.0,0.01,0.12,1.2,0.0,0.0,0.0,0.0,0.0,0.0,0.0,0.0,0.0
13.79666666666668,0.016404988471216336,dol,dol,dol,-0.01,0.015,0.085,0.03,0.2,0.003,0.0,0.0,0.0,0.0,0.0,-300.0,0.0,0.0,0.0
13.79666666666668,0.016410320399968727,dol,dol,dol,-0.01,0.015,0.085,0.03,0.2,0.003,0.0,0.0,0.0,0.0,1.0,-300.0,0.0,0.0,0.0
13.79666666666668,0.016404988471216336,dol,dol,dol,-0.01,0.015,0.085,0.03,0.2,0.003,0.004,0.0,0.0,0.0,0.0,-300.0,0.0,0.0,0.0
13.79666666666668,0.01641401479089001,dol,dol,dol,-0.01,0.015,0.085,0.03,0.2,0.003,0.004,0.0,0.0,0.0,1.0,-300.0,0.0,0.0,0.0
13.799999999999997,0.016689733950346043,dol,dol,rank,0.01,0.015,0.085,0.0,0.16,0.9,0.2,0.0,0.0,0.0,0.0,0.0,0.0,0.0,0.0
13.799999999999997,0.020036572285771905,sqrt,dol,dol,-0.01,0.015,0.085,0.01,0.16,1.2,0.0,0.0,0.0,0.0,0.0,0.0,0.0,0.0,0.0
13.803333333333315,0.02334464375238838,dol,dol,rank,0.0,0.015,0.14,0.03,0.16,0.9,0.0,0.0,0.0,0.0,0.0,0.0,0.0,0.0,0.0
13.809999999999988,0.023182229913832227,sqrt,dol,dol,-0.01,0.015,0.14,0.03,0.2,0.003,0.0,0.0,0.0,0.0,0.0,-300.0,0.0,0.0,0.0
13.809999999999988,0.023173871191494957,sqrt,dol,dol,-0.01,0.015,0.14,0.03,0.2,0.003,0.0,0.0,0.0,0.0,1.0,-300.0,0.0,0.0,0.0
13.809999999999988,0.023182229913832227,sqrt,dol,dol,-0.01,0.015,0.14,0.03,0.2,0.003,0.004,0.0,0.0,0.0,0.0,-300.0,0.0,0.0,0.0
13.809999999999988,0.023173871191494957,sqrt,dol,dol,-0.01,0.015,0.14,0.03,0.2,0.003,0.004,0.0,0.0,0.0,1.0,-300.0,0.0,0.0,0.0
13.813333333333308,0.01650767776700463,dol,dol,rank,0.0,0.015,0.14,0.03,0.2,0.6,0.2,0.0,0.0,0.0,0.0,0.0,0.0,0.0,0.0
13.816666666666663,0.019020528366302896,dol,dol,dol,0.0,0.0,0.085,0.03,0.26,0.6,0.0,0.0,0.0,0.0,0.0,0.0,0.0,0.0,0.0
13.816666666666663,0.02151381120737714,dol,sqrt,rank,0.01,0.015,0.14,0.0,0.16,1.6,0.0,0.0,0.0,0.0,0.0,0.0,0.0,0.0,0.0
13.816666666666698,0.02486974240882849,dol,dol,rank,0.0,0.0,0.14,0.01,0.12,0.6,0.2,0.0,0.0,0.0,0.0,0.0,0.0,0.0,0.0
13.819999999999999,0.017758938158530732,sqrt,dol,dol,0.0,0.015,0.045,0.0,0.16,1.2,0.0,0.0,0.0,0.0,0.0,0.0,0.0,0.0,0.0
13.819999999999999,0.016713600562948076,sqrt,dol,dol,0.01,0.0,0.045,0.0,0.16,0.9,0.0,0.0,0.0,0.0,0.0,0.0,0.0,0.0,0.0
13.820000000000018,0.02453993341323333,dol,dol,rank,0.01,0.0,0.085,0.01,0.12,0.6,0.2,0.0,0.0,0.0,0.0,0.0,0.0,0.0,0.0
13.820000000000018,0.01982506232954565,sqrt,dol,dol,0.0,0.015,0.0,0.03,0.2,0.9,0.0,0.0,0.0,0.0,0.0,0.0,0.0,0.0,0.0
13.820000000000018,0.02945650545138387,sqrt,dol,dol,0.0,0.015,0.14,0.01,0.2,0.6,0.2,0.0,0.0,0.0,0.0,0.0,0.0,0.0,0.0
13.823333333333299,0.022740379782815116,sqrt,dol,rank,0.01,0.0,0.045,0.0,0.16,0.6,0.0,0.0,0.0,0.0,0.0,0.0,0.0,0.0,0.0
13.826666666666654,0.01648776837537451,dol,dol,dol,-0.01,0.015,0.085,0.03,0.2,0.0,0.0,0.0,0.0,0.0,0.0,-300.0,0.0,0.0,0.0
13.826666666666654,0.01648776837537451,dol,dol,dol,-0.01,0.015,0.085,0.03,0.2,0.0,0.004,0.0,0.0,0.0,0.0,-300.0,0.0,0.0,0.0
13.826666666666691,0.018055413963889273,dol,dol,dol,0.01,0.0,0.085,0.01,0.16,0.9,0.0,0.0,0.0,0.0,0.0,0.0,0.0,0.0,0.0
13.82999999999999,0.02457391204931375,sqrt,dol,rank,0.01,0.0,0.045,0.03,0.16,1.2,0.0,0.0,0.0,0.0,0.0,0.0,0.0,0.0,0.0
13.830000000000009,0.016488190882949918,dol,dol,dol,-0.01,0.015,0.085,0.03,0.2,0.0,0.0,0.0,0.0,0.0,1.0,-300.0,0.0,0.0,0.0
13.830000000000009,0.016488190882949918,dol,dol,dol,-0.01,0.015,0.085,0.03,0.2,0.0,0.004,0.0,0.0,0.0,1.0,-300.0,0.0,0.0,0.0
13.833333333333364,0.02999602826918801,dol,sqrt,dol,0.0,0.015,0.045,0.03,0.16,1.2,0.2,0.0,0.0,0.0,0.0,0.0,0.0,0.0,0.0
13.836666666666664,0.02480200605835179,sqrt,dol,rank,0.01,0.015,0.085,0.01,0.16,1.2,0.0,0.0,0.0,0.0,0.0,0.0,0.0,0.0,0.0
13.838399999999984,0.022447895060933136,dol,dol,dol,0.01,0.0,0.0,0.01,0.16,0.6,0.0,0.0,0.0,0.0,0.0,0.0,0.0,0.0,0.0
13.839600000000019,0.02147011894427884,dol,dol,dol,0.0,0.0,0.045,0.03,0.2,1.6,0.0,0.0,0.0,0.0,0.0,0.0,0.0,0.0,0.0
13.84,0.018038304923648402,dol,dol,rank,0.0,0.0,0.14,0.03,0.16,0.6,0.2,0.0,0.0,0.0,0.0,0.0,0.0,0.0,0.0
13.84,0.01653417612323256,dol,dol,rank,0.01,0.0,0.14,0.01,0.2,0.9,0.0,0.0,0.0,0.0,0.0,0.0,0.0,0.0,0.0
13.843333333333318,0.023262039512826405,sqrt,dol,dol,-0.01,0.015,0.14,0.03,0.2,0.0,0.0,0.0,0.0,0.0,1.0,-300.0,0.0,0.0,0.0
13.843333333333318,0.023262039512826405,sqrt,dol,dol,-0.01,0.015,0.14,0.03,0.2,0.0,0.004,0.0,0.0,0.0,1.0,-300.0,0.0,0.0,0.0
13.843333333333337,0.021100327592682513,dol,sqrt,rank,-0.01,0.015,0.14,0.03,0.12,0.9,0.2,0.0,0.0,0.0,0.0,0.0,0.0,0.0,0.0
13.843333333333337,0.022062081213735974,sqrt,dol,dol,-0.01,0.0,0.045,0.03,0.16,1.2,0.0,0.0,0.0,0.0,0.0,0.0,0.0,0.0,0.0
13.846666666666655,0.020461323100841675,sqrt,dol,dol,0.0,0.0,0.045,0.0,0.12,0.6,0.0,0.0,0.0,0.0,0.0,0.0,0.0,0.0,0.0
13.846666666666673,0.022635644311735578,dol,dol,dol,0.01,0.015,0.085,0.0,0.26,1.2,0.0,0.0,0.0,0.0,0.0,0.0,0.0,0.0,0.0
13.849999999999993,0.02021036659370263,dol,sqrt,rank,0.01,0.015,0.0,0.0,0.12,0.6,0.2,0.0,0.0,0.0,0.0,0.0,0.0,0.0,0.0
13.849999999999993,0.024612750596508425,sqrt,dol,rank,0.0,0.015,0.14,0.0,0.16,0.6,0.2,0.0,0.0,0.0,0.0,0.0,0.0,0.0,0.0
13.849999999999993,0.023271298728659715,sqrt,dol,dol,-0.01,0.015,0.14,0.03,0.2,0.0,0.0,0.0,0.0,0.0,0.0,-300.0,0.0,0.0,0.0
13.849999999999993,0.023271298728659715,sqrt,dol,dol,-0.01,0.015,0.14,0.03,0.2,0.0,0.004,0.0,0.0,0.0,0.0,-300.0,0.0,0.0,0.0
13.85333333333331,0.025004851116000138,sqrt,dol,dol,0.01,0.015,0.045,0.03,0.26,1.6,0.0,0.0,0.0,0.0,0.0,0.0,0.0,0.0,0.0
13.853333333333328,0.01881258680501691,dol,sqrt,rank,0.01,0.0,0.0,0.03,0.12,0.9,0.2,0.0,0.0,0.0,0.0,0.0,0.0,0.0,0.0
13.856666666666666,0.026718884611616735,dol,dol,dol,0.0,0.0,0.14,0.0,0.16,0.9,0.0,0.0,0.0,0.0,0.0,0.0,0.0,0.0,0.0
13.856666666666666,0.023230843690933686,sqrt,dol,dol,-0.01,0.015,0.14,0.03,0.2,0.0,0.0,0.0,0.0,0.0,0.0,-300.0,0.011,0.0,0.0
13.856666666666666,0.023230843690933686,sqrt,dol,dol,-0.01,0.015,0.14,0.03,0.2,0.0,0.004,0.0,0.0,0.0,0.0,-300.0,0.011,0.0,0.0
13.859999999999983,0.026566832163153833,sqrt,dol,rank,-0.01,0.0,0.14,0.03,0.16,1.2,0.0,0.0,0.0,0.0,0.0,0.0,0.0,0.0,0.0
13.859999999999983,0.02323001128967695,sqrt,dol,dol,-0.01,0.015,0.14,0.03,0.2,0.0,0.0,0.0,0.0,0.0,1.0,-300.0,0.011,0.0,0.0
13.859999999999983,0.02323001128967695,sqrt,dol,dol,-0.01,0.015,0.14,0.03,0.2,0.0,0.004,0.0,0.0,0.0,1.0,-300.0,0.011,0.0,0.0
13.863333333333339,0.016413434224349183,dol,dol,dol,0.0,0.015,0.14,0.03,0.2,0.6,0.0,0.0,0.0,0.0,0.0,0.0,0.0,0.0,0.0
13.866666666666694,0.020043653084279904,sqrt,dol,dol,0.01,0.015,0.085,0.01,0.2,0.9,0.0,0.0,0.0,0.0,0.0,0.0,0.0,0.0,0.0
13.869999999999994,0.02767575746362121,dol,dol,rank,0.01,0.015,0.0,0.03,0.12,0.9,0.2,0.0,0.0,0.0,0.0,0.0,0.0,0.0,0.0
13.869999999999994,0.01462247600505873,sqrt,dol,dol,0.0,0.015,0.045,0.01,0.16,0.6,0.2,0.0,0.0,0.0,0.0,0.0,0.0,0.0,0.0
13.870000000000012,0.02469831489378561,dol,sqrt,dol,0.01,0.015,0.0,0.03,0.2,1.2,0.0,0.0,0.0,0.0,0.0,0.0,0.0,0.0,0.0
