maxerr_scaled,rmse,maxerr,a6,a8,a9,a10,y,L,kap,s19,s20,rw,rf4,bn,p2,imp
2.9233333333333147,0.005882470323861472,0.008769999999999945,0.0,0.02,0.085,0.0,0.2,1.275,0.0,0.0,150.0,0.0,0.0,0.0,0.0,0
2.9233333333333147,0.005882470323861472,0.008769999999999945,0.0,0.02,0.085,0.0,0.2,1.275,0.0,0.0,150.0,0.0,0.0,0.0,0.0,0
2.9366666666666617,0.005887167217928479,0.008809999999999985,0.0,0.02,0.085,0.0,0.2,1.275,0.0,0.0,150.0,0.0,0.0,0.0,-150.0,0
2.9366666666666617,0.005887167217928479,0.008809999999999985,0.0,0.02,0.085,0.0,0.2,1.275,0.0,0.0,150.0,0.0,0.0,0.0,-150.0,0
3.103333333333347,0.006129134377889106,0.00931000000000004,0.0,0.02,0.085,0.0,0.2,1.15,0.0,0.0,0.0,0.0,0.0,0.0,-600.0,0
3.103333333333347,0.006129134377889106,0.00931000000000004,0.0,0.02,0.085,0.0,0.2,1.15,0.0,0.0,0.0,0.0,0.0,0.0,-600.0,0
3.2566666666666486,0.006184039917699709,0.009769999999999945,0.0,0.0,0.085,0.0,0.17099999999999999,0.85,0.0,100.0,0.0,0.0,0.0,0.0,-150.0,0
3.2566666666666486,0.006184039917699709,0.009769999999999945,0.0,0.0,0.085,0.0,0.17099999999999999,0.85,0.0,100.0,0.0,0.0,0.0,0.0,-150.0,0
3.306666666666643,0.005990302107017068,0.009919999999999929,0.0,0.0,0.085,0.0,0.17099999999999999,0.85,0.0,0.0,150.0,0.0,0.0,0.0,-600.0,0
3.306666666666643,0.005990302107017068,0.009919999999999929,0.0,0.0,0.085,0.0,0.17099999999999999,0.85,0.0,0.0,150.0,0.0,0.0,0.0,-600.0,0
3.3166666666666345,0.006247531725943166,0.009949999999999903,0.0,0.0,0.085,0.0,0.17099999999999999,0.85,0.0,100.0,0.0,0.0,0.0,0.0,0.0,0
3.3166666666666345,0.006247531725943166,0.009949999999999903,0.0,0.0,0.085,0.0,0.17099999999999999,0.85,0.0,100.0,0.0,0.0,0.0,0.0,0.0,0
3.323333333333345,0.006121534551014089,0.009970000000000034,0.0,0.02,0.085,0.0,0.2,1.15,0.0,0.0,150.0,0.0,0.0,0.0,-600.0,0
3.323333333333345,0.006121534551014089,0.009970000000000034,0.0,0.02,0.085,0.0,0.2,1.15,0.0,0.0,150.0,0.0,0.0,0.0,-600.0,0
3.3366666666666545,0.0053903770293476155,0.010009999999999963,0.0,0.02,0.085,0.0,0.185,1.025,0.0,100.0,0.0,0.0,0.0,0.0,-600.0,0
3.3366666666666545,0.0053903770293476155,0.010009999999999963,0.0,0.02,0.085,0.0,0.185,1.025,0.0,100.0,0.0,0.0,0.0,0.0,-600.0,0
3.3466666666666645,0.0058282576711639455,0.010039999999999993,0.0,0.0,0.085,0.0,0.17099999999999999,0.975,0.0,100.0,0.0,0.0,0.0,0.0,0.0,0
3.3466666666666645,0.0058282576711639455,0.010039999999999993,0.0,0.0,0.085,0.0,0.17099999999999999,0.975,0.0,100.0,0.0,0.0,0.0,0.0,0.0,0
3.366666666666666,0.005693849579769117,0.010099999999999998,0.0,0.02,0.085,0.0,0.185,1.025,0.0,100.0,0.0,0.0,0.0,0.0,0.0,0
3.366666666666666,0.005693849579769117,0.010099999999999998,0.0,0.02,0.085,0.0,0.185,1.025,0.0,100.0,0.0,0.0,0.0,0.0,0.0,0
3.379600000000016,0.006417763317542936,0.009019999999999917,0.0,0.02,0.085,0.0,0.2,1.15,0.0,0.0,150.0,0.0,0.0,0.0,-150.0,0
3.379600000000016,0.006417763317542936,0.009019999999999917,0.0,0.02,0.085,0.0,0.2,1.15,0.0,0.0,150.0,0.0,0.0,0.0,-150.0,0
3.386666666666686,0.005655000612371831,0.010160000000000058,0.0,0.02,0.085,0.0,0.185,1.025,0.0,100.0,0.0,0.0,0.0,0.0,-150.0,0
3.386666666666686,0.005655000612371831,0.010160000000000058,0.0,0.02,0.085,0.0,0.185,1.025,0.0,100.0,0.0,0.0,0.0,0.0,-150.0,0
3.4356000000000275,0.006522423720150734,0.009679999999999911,0.0,0.02,0.085,0.0,0.2,1.15,0.0,0.0,150.0,0.0,0.0,0.0,0.0,0
3.4356000000000275,0.006522423720150734,0.009679999999999911,0.0,0.02,0.085,0.0,0.2,1.15,0.0,0.0,150.0,0.0,0.0,0.0,0.0,0
3.44999999999999,0.005711162241448583,0.01034999999999997,0.0,0.02,0.085,0.0,0.2,1.275,0.0,0.0,0.0,0.0,0.0,0.0,-600.0,0
3.44999999999999,0.005711162241448583,0.01034999999999997,0.0,0.02,0.085,0.0,0.2,1.275,0.0,0.0,0.0,0.0,0.0,0.0,-600.0,0
3.506666666666658,0.005772498727202582,0.010519999999999974,0.0,0.0,0.085,0.0,0.17099999999999999,0.975,0.0,100.0,0.0,0.0,0.0,0.0,-150.0,0
3.506666666666658,0.005772498727202582,0.010519999999999974,0.0,0.0,0.085,0.0,0.17099999999999999,0.975,0.0,100.0,0.0,0.0,0.0,0.0,-150.0,0
3.5200000000000045,0.005814985436751279,0.010560000000000014,0.0,0.02,0.085,0.0,0.2,1.275,0.0,0.0,150.0,0.0,0.0,0.0,-600.0,0
3.5200000000000045,0.005814985436751279,0.010560000000000014,0.0,0.02,0.085,0.0,0.2,1.275,0.0,0.0,150.0,0.0,0.0,0.0,-600.0,0
3.5200000000000045,0.006277901282954228,0.010560000000000014,0.0,0.02,0.085,0.0,0.2,1.275,0.0,100.0,0.0,0.0,0.0,0.0,-150.0,0
3.5200000000000045,0.006277901282954228,0.010560000000000014,0.0,0.02,0.085,0.0,0.2,1.275,0.0,100.0,0.0,0.0,0.0,0.0,-150.0,0
3.533333333333314,0.005738335163132624,0.010599999999999943,0.0,0.0,0.085,0.0,0.17099999999999999,0.975,0.0,0.0,150.0,0.0,0.0,0.0,-600.0,0
3.533333333333314,0.005738335163132624,0.010599999999999943,0.0,0.0,0.085,0.0,0.17099999999999999,0.975,0.0,0.0,150.0,0.0,0.0,0.0,-600.0,0
3.5366666666666693,0.0063379987553029765,0.010610000000000008,0.01,0.0,0.02,0.0,0.17099999999999999,0.975,0.0,0.0,400.0,0.0,0.0,0.0,-600.0,0
3.5366666666666693,0.0063379987553029765,0.010610000000000008,0.01,0.0,0.02,0.0,0.17099999999999999,0.975,0.0,0.0,400.0,0.0,0.0,0.0,-600.0,0
3.569999999999999,0.006092427546340403,0.010709999999999997,0.0,0.02,0.095,0.0,0.185,1.025,0.0,0.0,150.0,0.0,0.0,0.0,0.0,0
3.569999999999999,0.006092427546340403,0.010709999999999997,0.0,0.02,0.095,0.0,0.185,1.025,0.0,0.0,150.0,0.0,0.0,0.0,0.0,0
3.5833333333333455,0.006413032512002402,0.010750000000000037,0.0,0.02,0.085,0.0,0.2,1.275,0.0,100.0,0.0,0.0,0.0,0.0,0.0,0
3.5833333333333455,0.006413032512002402,0.010750000000000037,0.0,0.02,0.085,0.0,0.2,1.275,0.0,100.0,0.0,0.0,0.0,0.0,0.0,0
3.58360000000002,0.006043234668557823,0.00895900000000005,0.0,0.01,0.085,0.0,0.185,1.025,0.0,0.0,0.0,0.0,0.0,0.0,-600.0,0
3.58360000000002,0.006043234668557823,0.00895900000000005,0.0,0.01,0.085,0.0,0.185,1.025,0.0,0.0,0.0,0.0,0.0,0.0,-600.0,0
3.589999999999982,0.006185361817615422,0.010769999999999946,0.0,0.0,0.085,0.0,0.17099999999999999,0.85,0.0,100.0,0.0,0.0,0.0,0.0,-600.0,0
3.589999999999982,0.006185361817615422,0.010769999999999946,0.0,0.0,0.085,0.0,0.17099999999999999,0.85,0.0,100.0,0.0,0.0,0.0,0.0,-600.0,0
3.639999999999995,0.00568026375887337,0.010919999999999985,0.0,0.01,0.085,0.0,0.185,1.15,0.0,0.0,0.0,0.0,0.0,0.0,-600.0,0
3.639999999999995,0.00568026375887337,0.010919999999999985,0.0,0.01,0.085,0.0,0.185,1.15,0.0,0.0,0.0,0.0,0.0,0.0,-600.0,0
3.6400000000000134,0.0061215554244664645,0.01092000000000004,0.0,0.02,0.095,0.0,0.185,1.025,0.0,0.0,150.0,0.0,0.0,0.0,-150.0,0
3.6400000000000134,0.0061215554244664645,0.01092000000000004,0.0,0.02,0.095,0.0,0.185,1.025,0.0,0.0,150.0,0.0,0.0,0.0,-150.0,0
3.683600000000009,0.006200806703790867,0.009209000000000023,0.0,0.02,0.085,0.0,0.2,1.275,0.0,0.0,0.0,0.0,0.0,0.0,0.0,0
3.683600000000009,0.006200806703790867,0.009209000000000023,0.0,0.02,0.085,0.0,0.2,1.275,0.0,0.0,0.0,0.0,0.0,0.0,0.0,0
3.687599999999991,0.006193050412148055,0.009569999999999967,0.0,0.02,0.085,0.0,0.2,1.275,0.0,0.0,0.0,0.0,0.0,0.0,-150.0,0
3.687599999999991,0.006193050412148055,0.009569999999999967,0.0,0.02,0.085,0.0,0.2,1.275,0.0,0.0,0.0,0.0,0.0,0.0,-150.0,0
3.6966666666666814,0.006917504158132298,0.011090000000000044,0.0,0.02,0.085,0.0,0.2,1.025,0.0,0.0,0.0,0.0,0.0,0.0,-600.0,0
3.6966666666666814,0.006917504158132298,0.011090000000000044,0.0,0.02,0.085,0.0,0.2,1.025,0.0,0.0,0.0,0.0,0.0,0.0,-600.0,0
3.699600000000025,0.006536181527693584,0.009770000000000001,0.0,0.02,0.095,0.0,0.185,1.025,0.0,0.0,0.0,0.0,0.0,0.0,-150.0,0
3.699600000000025,0.006536181527693584,0.009770000000000001,0.0,0.02,0.095,0.0,0.185,1.025,0.0,0.0,0.0,0.0,0.0,0.0,-150.0,0
3.6999999999999993,0.006447059111345665,0.011099999999999999,0.0,0.02,0.095,0.0,0.185,1.025,0.0,0.0,0.0,0.0,0.0,0.0,-600.0,0
3.6999999999999993,0.006447059111345665,0.011099999999999999,0.0,0.02,0.095,0.0,0.185,1.025,0.0,0.0,0.0,0.0,0.0,0.0,-600.0,0
3.7033333333333545,0.0066821441502293525,0.011110000000000064,0.01,0.02,0.03,0.0,0.2,1.15,0.0,100.0,0.0,0.0,0.0,0.0,-600.0,0
3.7033333333333545,0.0066821441502293525,0.011110000000000064,0.01,0.02,0.03,0.0,0.2,1.15,0.0,100.0,0.0,0.0,0.0,0.0,-600.0,0
3.7199999999999824,0.006023588883467801,0.011159999999999948,0.0,0.02,0.095,0.0,0.185,1.15,0.0,0.0,150.0,0.0,0.0,0.0,0.0,0
3.7199999999999824,0.006023588883467801,0.011159999999999948,0.0,0.02,0.095,0.0,0.185,1.15,0.0,0.0,150.0,0.0,0.0,0.0,0.0,0
3.7396000000000207,0.006053103893106457,0.009580000000000033,0.0,0.0,0.085,0.01,0.185,1.025,0.0,100.0,150.0,0.0,0.0,0.0,-150.0,0
3.7396000000000207,0.006053103893106457,0.009580000000000033,0.0,0.0,0.085,0.01,0.185,1.025,0.0,100.0,150.0,0.0,0.0,0.0,-150.0,0
3.7533333333333307,0.005654837856666192,0.011259999999999992,0.0,0.0,0.085,0.01,0.185,1.15,0.0,100.0,150.0,0.0,0.0,0.0,0.0,0
3.7533333333333307,0.005654837856666192,0.011259999999999992,0.0,0.0,0.085,0.01,0.185,1.15,0.0,100.0,150.0,0.0,0.0,0.0,0.0,0
3.753333333333349,0.0058728873017672625,0.011260000000000048,0.0,0.02,0.085,0.0,0.185,1.025,0.0,0.0,150.0,0.0,0.0,0.0,-600.0,0
3.753333333333349,0.0058728873017672625,0.011260000000000048,0.0,0.02,0.085,0.0,0.185,1.025,0.0,0.0,150.0,0.0,0.0,0.0,-600.0,0
3.7566666666666673,0.00678438594617571,0.011270000000000002,0.0,0.02,0.085,0.0,0.185,0.85,0.075,0.0,0.0,0.0,0.0,0.0,-600.0,0
3.7933333333333152,0.0069477900616484135,0.011379999999999946,0.0,0.0,0.085,0.01,0.2,1.275,0.0,100.0,0.0,0.0,0.0,0.0,-600.0,0
3.7933333333333152,0.0069477900616484135,0.011379999999999946,0.0,0.0,0.085,0.01,0.2,1.275,0.0,100.0,0.0,0.0,0.0,0.0,-600.0,0
3.80999999999998,0.006977564793281689,0.01142999999999994,0.0,0.01,0.085,0.0,0.2,1.275,0.0,0.0,0.0,0.0,0.0,0.0,-150.0,0
3.80999999999998,0.006977564793281689,0.01142999999999994,0.0,0.01,0.085,0.0,0.2,1.275,0.0,0.0,0.0,0.0,0.0,0.0,-150.0,0
3.836666666666673,0.006704895895013056,0.01151000000000002,0.0,0.01,0.085,0.0,0.2,1.275,0.0,0.0,0.0,0.0,0.0,0.0,-600.0,0
3.836666666666673,0.006704895895013056,0.01151000000000002,0.0,0.01,0.085,0.0,0.2,1.275,0.0,0.0,0.0,0.0,0.0,0.0,-600.0,0
3.8399999999999914,0.006249299462962047,0.011519999999999975,0.01,0.02,0.02,0.0,0.2,1.275,0.0,100.0,150.0,0.0,0.0,0.0,-600.0,0
3.8399999999999914,0.006249299462962047,0.011519999999999975,0.01,0.02,0.02,0.0,0.2,1.275,0.0,100.0,150.0,0.0,0.0,0.0,-600.0,0
3.8700000000000028,0.006304561493841548,0.01161000000000001,0.0,0.02,0.085,0.0,0.185,1.15,0.0,0.0,150.0,0.0,0.0,0.0,0.0,0
3.8700000000000028,0.006304561493841548,0.01161000000000001,0.0,0.02,0.085,0.0,0.185,1.15,0.0,0.0,150.0,0.0,0.0,0.0,0.0,0
3.8700000000000028,0.006124867895778704,0.01161000000000001,0.0,0.0,0.085,0.0,0.17099999999999999,0.975,0.0,100.0,0.0,0.0,0.0,0.0,-600.0,0
3.8700000000000028,0.006124867895778704,0.01161000000000001,0.0,0.0,0.085,0.0,0.17099999999999999,0.975,0.0,100.0,0.0,0.0,0.0,0.0,-600.0,0
3.8833333333333497,0.006298973114428745,0.01165000000000005,0.0,0.02,0.085,0.0,0.185,1.15,0.0,0.0,150.0,0.0,0.0,0.0,-150.0,0
3.8833333333333497,0.006298973114428745,0.01165000000000005,0.0,0.02,0.085,0.0,0.185,1.15,0.0,0.0,150.0,0.0,0.0,0.0,-150.0,0
3.9033333333333324,0.006147189125783279,0.011709999999999998,0.0,0.02,0.095,0.0,0.185,1.15,0.0,0.0,150.0,0.0,0.0,0.0,-150.0,0
3.9033333333333324,0.006147189125783279,0.011709999999999998,0.0,0.02,0.095,0.0,0.185,1.15,0.0,0.0,150.0,0.0,0.0,0.0,-150.0,0
3.9036000000000293,0.00658773074513298,0.01151000000000002,0.0,0.02,0.085,0.0,0.185,1.025,0.0,0.0,0.0,0.0,0.0,0.0,-600.0,0
3.9036000000000293,0.00658773074513298,0.01151000000000002,0.0,0.02,0.085,0.0,0.185,1.025,0.0,0.0,0.0,0.0,0.0,0.0,-600.0,0
3.9066666666666694,0.005233551382577034,0.011720000000000008,0.0,0.02,0.085,0.0,0.185,1.15,0.0,100.0,0.0,0.0,0.0,0.0,0.0,0
3.9066666666666694,0.005233551382577034,0.011720000000000008,0.0,0.02,0.085,0.0,0.185,1.15,0.0,100.0,0.0,0.0,0.0,0.0,0.0,0
3.9066666666666694,0.005614479303715684,0.011720000000000008,0.0,0.0,0.085,0.01,0.185,1.15,0.0,100.0,150.0,0.0,0.0,0.0,-150.0,0
3.9066666666666694,0.005614479303715684,0.011720000000000008,0.0,0.0,0.085,0.01,0.185,1.15,0.0,100.0,150.0,0.0,0.0,0.0,-150.0,0
3.915600000000019,0.006104715062965655,0.009789000000000048,0.0,0.0,0.085,0.01,0.185,1.025,0.0,100.0,150.0,0.0,0.0,0.0,0.0,0
3.915600000000019,0.006104715062965655,0.009789000000000048,0.0,0.0,0.085,0.01,0.185,1.025,0.0,100.0,150.0,0.0,0.0,0.0,0.0,0
3.9233333333333156,0.0070300496336691345,0.011769999999999947,0.0,0.01,0.085,0.0,0.2,1.275,0.0,0.0,0.0,0.0,0.0,0.0,0.0,0
3.9233333333333156,0.0070300496336691345,0.011769999999999947,0.0,0.01,0.085,0.0,0.2,1.275,0.0,0.0,0.0,0.0,0.0,0.0,0.0,0
3.9233333333333342,0.005779448076942464,0.011770000000000003,0.0,0.02,0.085,0.0,0.185,1.15,0.0,0.0,150.0,0.0,0.0,0.0,-600.0,0
3.9233333333333342,0.005779448076942464,0.011770000000000003,0.0,0.02,0.085,0.0,0.185,1.15,0.0,0.0,150.0,0.0,0.0,0.0,-600.0,0
3.9233333333333524,0.006485231033321431,0.011770000000000058,0.0,0.02,0.095,0.0,0.185,0.975,0.0,0.0,0.0,0.0,0.0,0.0,-600.0,0
3.9233333333333524,0.006485231033321431,0.011770000000000058,0.0,0.02,0.095,0.0,0.185,0.975,0.0,0.0,0.0,0.0,0.0,0.0,-600.0,0
3.9266666666666707,0.006543994991168959,0.011780000000000013,0.0,0.01,0.095,0.0,0.185,1.025,0.0,0.0,0.0,0.0,0.0,0.0,0.0,0
3.9266666666666707,0.006543994991168959,0.011780000000000013,0.0,0.01,0.095,0.0,0.185,1.025,0.0,0.0,0.0,0.0,0.0,0.0,0.0,0
3.929999999999989,0.006510965912298336,0.011789999999999967,0.0,0.01,0.095,0.0,0.185,1.025,0.0,0.0,0.0,0.0,0.0,0.0,-150.0,0
3.929999999999989,0.006510965912298336,0.011789999999999967,0.0,0.01,0.095,0.0,0.185,1.025,0.0,0.0,0.0,0.0,0.0,0.0,-150.0,0
3.9395999999999987,0.006515702406636728,0.009848999999999997,0.0,0.02,0.095,0.0,0.185,1.025,0.0,0.0,0.0,0.0,0.0,0.0,0.0,0
3.9395999999999987,0.006515702406636728,0.009848999999999997,0.0,0.02,0.095,0.0,0.185,1.025,0.0,0.0,0.0,0.0,0.0,0.0,0.0,0
3.9433333333333356,0.006437594967296629,0.011830000000000007,0.0,0.02,0.095,0.0,0.185,1.025,0.0,0.0,150.0,0.0,0.0,0.0,-600.0,0
3.9433333333333356,0.006437594967296629,0.011830000000000007,0.0,0.02,0.095,0.0,0.185,1.025,0.0,0.0,150.0,0.0,0.0,0.0,-600.0,0
3.950000000000009,0.006860110899654274,0.011850000000000027,0.0,0.02,0.085,0.0,0.2,1.025,0.0,0.0,150.0,0.0,0.0,0.0,-600.0,0
3.950000000000009,0.006860110899654274,0.011850000000000027,0.0,0.02,0.085,0.0,0.2,1.025,0.0,0.0,150.0,0.0,0.0,0.0,-600.0,0
3.953333333333327,0.006133760921085606,0.011859999999999982,0.0,0.02,0.095,0.0,0.185,1.025,0.0,100.0,0.0,0.0,0.0,0.0,-150.0,0
3.953333333333327,0.006133760921085606,0.011859999999999982,0.0,0.02,0.095,0.0,0.185,1.025,0.0,100.0,0.0,0.0,0.0,0.0,-150.0,0
3.953333333333327,0.005973382756491949,0.011859999999999982,0.01,0.02,0.03,0.0,0.2,1.275,0.0,100.0,150.0,0.0,0.0,0.0,-600.0,0
3.953333333333327,0.005973382756491949,0.011859999999999982,0.01,0.02,0.03,0.0,0.2,1.275,0.0,100.0,150.0,0.0,0.0,0.0,-600.0,0
3.9556000000000147,0.006624164243580146,0.009889000000000037,0.0,0.0,0.085,0.0,0.17099999999999999,0.725,0.0,0.0,150.0,0.0,0.0,0.0,-600.0,0
3.9556000000000147,0.006624164243580146,0.009889000000000037,0.0,0.0,0.085,0.0,0.17099999999999999,0.725,0.0,0.0,150.0,0.0,0.0,0.0,-600.0,0
3.9633333333333187,0.006229860952018216,0.011889999999999956,0.01,0.0,0.03,0.0,0.17099999999999999,0.85,0.0,0.0,400.0,0.0,0.0,0.0,-600.0,0
3.9633333333333187,0.006229860952018216,0.011889999999999956,0.01,0.0,0.03,0.0,0.17099999999999999,0.85,0.0,0.0,400.0,0.0,0.0,0.0,-600.0,0
3.973333333333347,0.007270939116072243,0.011920000000000042,0.0,0.02,0.085,0.0,0.2,0.975,0.0,0.0,0.0,0.0,0.0,0.0,-600.0,0
3.973333333333347,0.007270939116072243,0.011920000000000042,0.0,0.02,0.085,0.0,0.2,0.975,0.0,0.0,0.0,0.0,0.0,0.0,-600.0,0
4.0000000000000036,0.006371470909888504,0.01200000000000001,0.0,0.02,0.095,0.0,0.185,1.15,0.0,0.0,0.0,0.0,0.0,0.0,0.0,0
4.0000000000000036,0.006371470909888504,0.01200000000000001,0.0,0.02,0.095,0.0,0.185,1.15,0.0,0.0,0.0,0.0,0.0,0.0,0.0,0
4.00666666666664,0.007496541627335238,0.01201999999999992,0.0,0.0,0.085,0.01,0.2,1.15,0.0,100.0,0.0,0.0,0.0,0.0,-600.0,0
4.00666666666664,0.007496541627335238,0.01201999999999992,0.0,0.0,0.085,0.01,0.2,1.15,0.0,100.0,0.0,0.0,0.0,0.0,-600.0,0
4.009999999999995,0.006114254450174721,0.012029999999999985,0.0,0.02,0.095,0.0,0.185,1.025,0.0,100.0,0.0,0.0,0.0,0.0,0.0,0
4.009999999999995,0.006114254450174721,0.012029999999999985,0.0,0.02,0.095,0.0,0.185,1.025,0.0,100.0,0.0,0.0,0.0,0.0,0.0,0
4.047599999999996,0.007355449030782839,0.011279999999999957,0.0,0.02,0.085,0.0,0.2,1.025,0.0,0.0,150.0,0.0,0.0,0.0,-150.0,0
4.047599999999996,0.007355449030782839,0.011279999999999957,0.0,0.02,0.085,0.0,0.2,1.025,0.0,0.0,150.0,0.0,0.0,0.0,-150.0,0
4.056666666666635,0.0068312908112704435,0.012169999999999903,0.0,0.02,0.085,0.0,0.2,1.15,0.0,100.0,0.0,0.0,0.0,0.0,-150.0,0
4.056666666666635,0.0068312908112704435,0.012169999999999903,0.0,0.02,0.085,0.0,0.2,1.15,0.0,100.0,0.0,0.0,0.0,0.0,-150.0,0
4.056666666666671,0.0067213814221648025,0.012170000000000014,0.0,0.0,0.085,0.0,0.156,0.475,0.0,100.0,0.0,0.0,0.0,0.0,-600.0,0
4.056666666666671,0.0067213814221648025,0.012170000000000014,0.0,0.0,0.085,0.0,0.156,0.475,0.0,100.0,0.0,0.0,0.0,0.0,-600.0,0
4.063600000000012,0.007040058874964239,0.01216000000000006,0.0,0.02,0.07500000000000001,0.0,0.185,0.85,0.075,0.0,0.0,0.0,0.0,0.0,-600.0,0
4.066400000000003,0.007076499296707098,0.011279999999999957,0.01,0.02,0.03,0.0,0.2,1.275,0.0,0.0,150.0,0.0,0.0,0.0,-600.0,0
4.066400000000003,0.007076499296707098,0.011279999999999957,0.01,0.02,0.03,0.0,0.2,1.275,0.0,0.0,150.0,0.0,0.0,0.0,-600.0,0
4.073333333333336,0.006278042163557618,0.012220000000000009,0.0,0.01,0.095,0.0,0.185,1.15,0.0,0.0,0.0,0.0,0.0,0.0,0.0,0
4.073333333333336,0.006278042163557618,0.012220000000000009,0.0,0.01,0.095,0.0,0.185,1.15,0.0,0.0,0.0,0.0,0.0,0.0,0.0,0
4.0799999999999725,0.006943395108275881,0.012239999999999918,0.01,0.0,0.03,0.0,0.17099999999999999,0.725,0.075,100.0,150.0,0.0,0.0,0.0,0.0,0
4.086666666666646,0.0077700804657638,0.012259999999999938,0.0,0.02,0.085,0.0,0.2,1.025,0.075,0.0,0.0,0.0,0.0,0.0,-150.0,0
4.090000000000001,0.006339964429155963,0.012270000000000003,0.0,0.02,0.085,0.0,0.185,1.15,0.0,0.0,0.0,0.0,0.0,0.0,-600.0,0
4.090000000000001,0.006339964429155963,0.012270000000000003,0.0,0.02,0.085,0.0,0.185,1.15,0.0,0.0,0.0,0.0,0.0,0.0,-600.0,0
4.096666666666656,0.0062549309792798964,0.012289999999999968,0.0,0.01,0.085,0.0,0.185,1.275,0.0,0.0,0.0,0.0,0.0,0.0,0.0,0
4.096666666666656,0.0062549309792798964,0.012289999999999968,0.0,0.01,0.085,0.0,0.185,1.275,0.0,0.0,0.0,0.0,0.0,0.0,0.0,0
4.10333333333331,0.007025381239160996,0.012309999999999932,0.0,0.0,0.085,0.0,0.17099999999999999,0.725,0.0,100.0,0.0,0.0,0.0,0.0,-150.0,0
4.10333333333331,0.007025381239160996,0.012309999999999932,0.0,0.0,0.085,0.0,0.17099999999999999,0.725,0.0,100.0,0.0,0.0,0.0,0.0,-150.0,0
4.10333333333331,0.007025381239160996,0.012309999999999932,0.0,0.0,0.085,0.0,0.17099999999999999,0.725,0.0,100.0,0.0,0.0,0.0,0.0,-150.0,0
4.10333333333331,0.007025381239160996,0.012309999999999932,0.0,0.0,0.085,0.0,0.17099999999999999,0.725,0.0,100.0,0.0,0.0,0.0,0.0,-150.0,0
4.106666666666666,0.007192471171687474,0.012319999999999998,0.0,0.02,0.085,0.0,0.2,1.15,0.0,100.0,0.0,0.0,0.0,0.0,-600.0,0
4.106666666666666,0.007192471171687474,0.012319999999999998,0.0,0.02,0.085,0.0,0.2,1.15,0.0,100.0,0.0,0.0,0.0,0.0,-600.0,0
4.110000000000002,0.005232149908657677,0.012330000000000008,0.0,0.02,0.085,0.0,0.185,1.15,0.0,100.0,0.0,0.0,0.0,0.0,-150.0,0
4.110000000000002,0.005232149908657677,0.012330000000000008,0.0,0.02,0.085,0.0,0.185,1.15,0.0,100.0,0.0,0.0,0.0,0.0,-150.0,0
4.116666666666695,0.0053496448549482335,0.012350000000000083,0.0,0.02,0.07500000000000001,0.0,0.185,1.15,0.0,100.0,0.0,0.0,0.0,0.0,-600.0,0
4.116666666666695,0.0053496448549482335,0.012350000000000083,0.0,0.02,0.07500000000000001,0.0,0.185,1.15,0.0,100.0,0.0,0.0,0.0,0.0,-600.0,0
4.12333333333333,0.006893647053897061,0.012369999999999992,0.0,0.02,0.085,0.0,0.2,1.15,0.0,100.0,0.0,0.0,0.0,0.0,0.0,0
4.12333333333333,0.006893647053897061,0.012369999999999992,0.0,0.02,0.085,0.0,0.2,1.15,0.0,100.0,0.0,0.0,0.0,0.0,0.0,0
4.127599999999987,0.007401998834148826,0.01144999999999996,0.0,0.02,0.085,0.0,0.2,1.025,0.0,0.0,150.0,0.0,0.0,0.0,0.0,0
4.127599999999987,0.007401998834148826,0.01144999999999996,0.0,0.02,0.085,0.0,0.2,1.025,0.0,0.0,150.0,0.0,0.0,0.0,0.0,0
4.133333333333322,0.0063257698755581,0.012399999999999967,0.0,0.01,0.095,0.0,0.185,1.15,0.0,0.0,0.0,0.0,0.0,0.0,-150.0,0
4.133333333333322,0.0063257698755581,0.012399999999999967,0.0,0.01,0.095,0.0,0.185,1.15,0.0,0.0,0.0,0.0,0.0,0.0,-150.0,0
4.139999999999995,0.006826055153817827,0.012419999999999987,0.01,0.02,0.034999999999999996,0.0,0.2,1.275,0.0,100.0,0.0,0.0,0.0,0.0,-150.0,0
4.139999999999995,0.006826055153817827,0.012419999999999987,0.01,0.02,0.034999999999999996,0.0,0.2,1.275,0.0,100.0,0.0,0.0,0.0,0.0,-150.0,0
4.146666666666669,0.00614406748492064,0.012440000000000007,0.0,0.0,0.085,0.0,0.156,0.6,0.0,100.0,0.0,0.0,0.0,0.0,-600.0,0
4.146666666666669,0.00614406748492064,0.012440000000000007,0.0,0.0,0.085,0.0,0.156,0.6,0.0,100.0,0.0,0.0,0.0,0.0,-600.0,0
4.146666666666669,0.006031626529601494,0.012440000000000007,0.01,0.02,0.03,0.0,0.2,1.275,0.0,100.0,0.0,0.0,0.0,0.0,-600.0,0
4.146666666666669,0.006031626529601494,0.012440000000000007,0.01,0.02,0.03,0.0,0.2,1.275,0.0,100.0,0.0,0.0,0.0,0.0,-600.0,0
4.153333333333342,0.00638596882640776,0.012460000000000027,0.01,0.02,0.03,0.0,0.2,1.15,0.0,100.0,150.0,0.0,0.0,0.0,-600.0,0
4.153333333333342,0.00638596882640776,0.012460000000000027,0.01,0.02,0.03,0.0,0.2,1.15,0.0,100.0,150.0,0.0,0.0,0.0,-600.0,0
4.159999999999979,0.0071173669236541115,0.012479999999999936,0.0,0.0,0.085,0.0,0.17099999999999999,0.725,0.0,100.0,0.0,0.0,0.0,0.0,0.0,0
4.159999999999979,0.0071173669236541115,0.012479999999999936,0.0,0.0,0.085,0.0,0.17099999999999999,0.725,0.0,100.0,0.0,0.0,0.0,0.0,0.0,0
4.159999999999979,0.0071173669236541115,0.012479999999999936,0.0,0.0,0.085,0.0,0.17099999999999999,0.725,0.0,100.0,0.0,0.0,0.0,0.0,0.0,0
4.159999999999979,0.0071173669236541115,0.012479999999999936,0.0,0.0,0.085,0.0,0.17099999999999999,0.725,0.0,100.0,0.0,0.0,0.0,0.0,0.0,0
4.190000000000027,0.006288003752001521,0.012570000000000081,0.0,0.0,0.085,0.0,0.156,0.85,0.0,100.0,0.0,0.0,0.0,0.0,0.0,0
4.190000000000027,0.006288003752001521,0.012570000000000081,0.0,0.0,0.085,0.0,0.156,0.85,0.0,100.0,0.0,0.0,0.0,0.0,0.0,0
4.193333333333326,0.00623066633972939,0.01257999999999998,0.0,0.0,0.085,0.0,0.156,0.85,0.0,100.0,0.0,0.0,0.0,0.0,-150.0,0
4.193333333333326,0.00623066633972939,0.01257999999999998,0.0,0.0,0.085,0.0,0.156,0.85,0.0,100.0,0.0,0.0,0.0,0.0,-150.0,0
4.196666666666664,0.007191985307734323,0.01258999999999999,0.01,0.02,0.02,0.0,0.2,1.275,0.0,0.0,150.0,0.0,0.0,0.0,-600.0,0
4.196666666666664,0.007191985307734323,0.01258999999999999,0.01,0.02,0.02,0.0,0.2,1.275,0.0,0.0,150.0,0.0,0.0,0.0,-600.0,0
4.196666666666664,0.006398156395342274,0.01258999999999999,0.01,0.0,0.03,0.0,0.17099999999999999,0.975,0.0,0.0,400.0,0.0,0.0,0.0,-600.0,0
4.196666666666664,0.006398156395342274,0.01258999999999999,0.01,0.0,0.03,0.0,0.17099999999999999,0.975,0.0,0.0,400.0,0.0,0.0,0.0,-600.0,0
4.203333333333337,0.006883971727189243,0.01261000000000001,0.0,0.02,0.085,0.0,0.2,1.275,0.0,100.0,0.0,0.0,0.0,0.0,-600.0,0
4.203333333333337,0.006883971727189243,0.01261000000000001,0.0,0.02,0.085,0.0,0.2,1.275,0.0,100.0,0.0,0.0,0.0,0.0,-600.0,0
4.206666666666655,0.007801229489994209,0.012619999999999965,0.0,0.02,0.085,0.0,0.2,1.025,0.075,0.0,0.0,0.0,0.0,0.0,0.0,0
4.209999999999991,0.006471636011602208,0.012629999999999975,0.0,0.02,0.095,0.0,0.185,1.15,0.0,0.0,0.0,0.0,0.0,0.0,-150.0,0
4.209999999999991,0.006471636011602208,0.012629999999999975,0.0,0.02,0.095,0.0,0.185,1.15,0.0,0.0,0.0,0.0,0.0,0.0,-150.0,0
4.21000000000001,0.007312297764218325,0.01263000000000003,0.0,0.0,0.07500000000000001,0.01,0.2,1.275,0.0,100.0,150.0,0.0,0.0,0.0,-150.0,0
4.21000000000001,0.007312297764218325,0.01263000000000003,0.0,0.0,0.07500000000000001,0.01,0.2,1.275,0.0,100.0,150.0,0.0,0.0,0.0,-150.0,0
4.216666666666646,0.006960058540622245,0.012649999999999939,0.0,0.02,0.095,0.0,0.2,1.15,0.0,0.0,0.0,0.0,0.0,0.0,0.0,0
4.216666666666646,0.006960058540622245,0.012649999999999939,0.0,0.02,0.095,0.0,0.2,1.15,0.0,0.0,0.0,0.0,0.0,0.0,0.0,0
4.216666666666684,0.007514487789646119,0.01265000000000005,0.01,0.02,0.03,0.0,0.21500000000000002,1.275,0.0,0.0,150.0,0.0,0.0,0.0,-600.0,0
4.216666666666684,0.007514487789646119,0.01265000000000005,0.01,0.02,0.03,0.0,0.21500000000000002,1.275,0.0,0.0,150.0,0.0,0.0,0.0,-600.0,0
4.223333333333319,0.005883713812059708,0.012669999999999959,0.0,0.0,0.085,0.0,0.156,0.725,0.0,100.0,0.0,0.0,0.0,0.0,-600.0,0
4.223333333333319,0.005883713812059708,0.012669999999999959,0.0,0.0,0.085,0.0,0.156,0.725,0.0,100.0,0.0,0.0,0.0,0.0,-600.0,0
4.223333333333319,0.005883713812059708,0.012669999999999959,0.0,0.0,0.085,0.0,0.156,0.725,0.0,100.0,0.0,0.0,0.0,0.0,-600.0,0
4.223333333333319,0.005883713812059708,0.012669999999999959,0.0,0.0,0.085,0.0,0.156,0.725,0.0,100.0,0.0,0.0,0.0,0.0,-600.0,0
4.226666666666656,0.006421494870384166,0.012679999999999969,0.0,0.01,0.07500000000000001,0.0,0.185,1.275,0.0,0.0,0.0,0.0,0.0,0.0,-600.0,0
4.226666666666656,0.006421494870384166,0.012679999999999969,0.0,0.01,0.07500000000000001,0.0,0.185,1.275,0.0,0.0,0.0,0.0,0.0,0.0,-600.0,0
4.229999999999993,0.00537580278931711,0.012689999999999979,0.0,0.02,0.085,0.0,0.185,1.15,0.0,100.0,0.0,0.0,0.0,0.0,-600.0,0
4.229999999999993,0.00537580278931711,0.012689999999999979,0.0,0.02,0.085,0.0,0.185,1.15,0.0,100.0,0.0,0.0,0.0,0.0,-600.0,0
4.229999999999993,0.006947880737371682,0.012689999999999979,0.01,0.02,0.045,0.0,0.2,1.275,0.0,100.0,0.0,0.0,0.0,0.0,0.0,0
4.229999999999993,0.006947880737371682,0.012689999999999979,0.01,0.02,0.045,0.0,0.2,1.275,0.0,100.0,0.0,0.0,0.0,0.0,0.0,0
4.233333333333311,0.006227698825944169,0.012699999999999934,0.01,0.02,0.02,0.0,0.2,1.275,0.0,100.0,0.0,0.0,0.0,0.0,-600.0,0
4.233333333333311,0.006227698825944169,0.012699999999999934,0.01,0.02,0.02,0.0,0.2,1.275,0.0,100.0,0.0,0.0,0.0,0.0,-600.0,0
4.243333333333339,0.006940270679959883,0.012730000000000019,0.0,0.02,0.095,0.0,0.2,1.15,0.0,0.0,0.0,0.0,0.0,0.0,-150.0,0
4.243333333333339,0.006940270679959883,0.012730000000000019,0.0,0.02,0.095,0.0,0.2,1.15,0.0,0.0,0.0,0.0,0.0,0.0,-150.0,0
4.243599999999992,0.006473919077515725,0.01060899999999998,0.0,0.01,0.085,0.0,0.185,1.15,0.0,0.0,0.0,0.0,0.0,0.0,-150.0,0
4.243599999999992,0.006473919077515725,0.01060899999999998,0.0,0.01,0.085,0.0,0.185,1.15,0.0,0.0,0.0,0.0,0.0,0.0,-150.0,0
4.243599999999992,0.006773470203122796,0.011539999999999995,0.0,0.02,0.085,0.0,0.185,0.975,0.0,0.0,0.0,0.0,0.0,0.0,-600.0,0
4.243599999999992,0.006773470203122796,0.011539999999999995,0.0,0.02,0.085,0.0,0.185,0.975,0.0,0.0,0.0,0.0,0.0,0.0,-600.0,0
4.246666666666658,0.006863544818931485,0.012739999999999974,0.0,0.0,0.085,0.0,0.17099999999999999,0.725,0.0,100.0,0.0,0.0,0.0,0.0,-600.0,0
4.246666666666658,0.006863544818931485,0.012739999999999974,0.0,0.0,0.085,0.0,0.17099999999999999,0.725,0.0,100.0,0.0,0.0,0.0,0.0,-600.0,0
4.246666666666658,0.006863544818931485,0.012739999999999974,0.0,0.0,0.085,0.0,0.17099999999999999,0.725,0.0,100.0,0.0,0.0,0.0,0.0,-600.0,0
4.246666666666658,0.006863544818931485,0.012739999999999974,0.0,0.0,0.085,0.0,0.17099999999999999,0.725,0.0,100.0,0.0,0.0,0.0,0.0,-600.0,0
4.246666666666658,0.007224150397310599,0.012739999999999974,0.0,0.02,0.085,0.0,0.185,0.725,0.075,0.0,0.0,0.0,0.0,0.0,-600.0,0
4.253333333333331,0.00679651725082344,0.012759999999999994,0.0,0.0,0.095,0.01,0.185,1.025,0.0,100.0,0.0,0.0,0.0,0.0,-600.0,0
4.253333333333331,0.00679651725082344,0.012759999999999994,0.0,0.0,0.095,0.01,0.185,1.025,0.0,100.0,0.0,0.0,0.0,0.0,-600.0,0
4.2543999999999915,0.006850353767561247,0.011929999999999996,0.01,0.02,0.034999999999999996,0.0,0.2,1.275,0.0,100.0,0.0,0.0,0.0,0.0,0.0,0
4.2543999999999915,0.006850353767561247,0.011929999999999996,0.01,0.02,0.034999999999999996,0.0,0.2,1.275,0.0,100.0,0.0,0.0,0.0,0.0,0.0,0
4.256666666666649,0.006680228655434549,0.012769999999999948,0.0,0.01,0.095,0.0,0.185,1.025,0.0,0.0,0.0,0.0,0.0,0.0,-600.0,0
4.256666666666649,0.006680228655434549,0.012769999999999948,0.0,0.01,0.095,0.0,0.185,1.025,0.0,0.0,0.0,0.0,0.0,0.0,-600.0,0
4.263333333333323,0.007909601577267384,0.012789999999999968,0.01,0.0,0.045,0.0,0.2,1.275,0.0,0.0,150.0,0.0,0.0,0.0,-150.0,0
4.263333333333323,0.007909601577267384,0.012789999999999968,0.01,0.0,0.045,0.0,0.2,1.275,0.0,0.0,150.0,0.0,0.0,0.0,-150.0,0
4.273333333333351,0.0075867740716865075,0.012820000000000054,0.01,0.02,0.03,0.0,0.2,1.025,0.0,100.0,0.0,0.0,0.0,0.0,-600.0,0
4.273333333333351,0.0075867740716865075,0.012820000000000054,0.01,0.02,0.03,0.0,0.2,1.025,0.0,100.0,0.0,0.0,0.0,0.0,-600.0,0
4.276666666666669,0.005712841357010548,0.012830000000000008,0.0,0.02,0.07500000000000001,0.0,0.185,1.025,0.0,100.0,0.0,0.0,0.0,0.0,-600.0,0
4.276666666666669,0.005712841357010548,0.012830000000000008,0.0,0.02,0.07500000000000001,0.0,0.185,1.025,0.0,100.0,0.0,0.0,0.0,0.0,-600.0,0
4.286666666666661,0.006701602964686584,0.012859999999999983,0.01,0.01,0.045,0.0,0.17099999999999999,0.475,0.0,0.0,0.0,0.0,0.0,1.0,-600.0,0
4.286666666666661,0.006701602964686584,0.012859999999999983,0.01,0.01,0.045,0.0,0.17099999999999999,0.475,0.0,0.0,0.0,0.0,0.0,1.0,-600.0,0
4.289999999999979,0.006543269207813914,0.012869999999999937,0.0,0.02,0.095,0.0,0.2,1.275,0.0,0.0,0.0,0.0,0.0,0.0,-150.0,0
4.289999999999979,0.006543269207813914,0.012869999999999937,0.0,0.02,0.095,0.0,0.2,1.275,0.0,0.0,0.0,0.0,0.0,0.0,-150.0,0
4.289999999999979,0.006736492443730967,0.012869999999999937,0.0,0.0,0.07500000000000001,0.0,0.17099999999999999,0.725,0.075,0.0,150.0,0.0,0.0,0.0,-600.0,0
4.290000000000016,0.007459217866853431,0.012870000000000048,0.01,0.0,0.02,0.0,0.156,0.975,0.0,0.0,400.0,0.0,0.0,0.0,-600.0,0
4.290000000000016,0.007459217866853431,0.012870000000000048,0.01,0.0,0.02,0.0,0.156,0.975,0.0,0.0,400.0,0.0,0.0,0.0,-600.0,0
4.3066666666666436,0.006201411613495736,0.012919999999999932,0.0,0.02,0.07500000000000001,0.0,0.2,1.275,0.0,0.0,0.0,0.0,0.0,0.0,-600.0,0
4.3066666666666436,0.006201411613495736,0.012919999999999932,0.0,0.02,0.07500000000000001,0.0,0.2,1.275,0.0,0.0,0.0,0.0,0.0,0.0,-600.0,0
4.309999999999999,0.007255539906397954,0.012929999999999997,0.01,0.02,0.02,0.0,0.2,1.025,0.075,0.0,150.0,0.0,0.0,0.0,-600.0,0
4.3199999999999905,0.006737609703635137,0.012959999999999972,0.01,0.02,0.02,0.0,0.2,1.15,0.0,100.0,150.0,0.0,0.0,0.0,-600.0,0
4.3199999999999905,0.006209319524953027,0.012959999999999972,0.0,0.02,0.095,0.0,0.185,1.15,0.0,100.0,0.0,0.0,0.0,0.0,0.0,0
4.3199999999999905,0.006209319524953027,0.012959999999999972,0.0,0.02,0.095,0.0,0.185,1.15,0.0,100.0,0.0,0.0,0.0,0.0,0.0,0
4.3199999999999905,0.006737609703635137,0.012959999999999972,0.01,0.02,0.02,0.0,0.2,1.15,0.0,100.0,150.0,0.0,0.0,0.0,-600.0,0
4.3199999999999905,0.00656039074604101,0.012959999999999972,0.0,0.02,0.095,0.0,0.2,1.275,0.0,0.0,0.0,0.0,0.0,0.0,0.0,0
4.3199999999999905,0.00656039074604101,0.012959999999999972,0.0,0.02,0.095,0.0,0.2,1.275,0.0,0.0,0.0,0.0,0.0,0.0,0.0,0
4.323333333333327,0.006217695899309981,0.012969999999999982,0.0,0.02,0.085,0.0,0.185,1.275,0.0,0.0,150.0,0.0,0.0,0.0,0.0,0
4.323333333333327,0.006217695899309981,0.012969999999999982,0.0,0.02,0.085,0.0,0.185,1.275,0.0,0.0,150.0,0.0,0.0,0.0,0.0,0
4.3266666666666636,0.006675650951752161,0.012979999999999992,0.0,0.01,0.07500000000000001,0.0,0.185,1.15,0.0,0.0,0.0,0.0,0.0,0.0,-600.0,0
4.3266666666666636,0.006675650951752161,0.012979999999999992,0.0,0.01,0.07500000000000001,0.0,0.185,1.15,0.0,0.0,0.0,0.0,0.0,0.0,-600.0,0
4.3333333333333375,0.0064496856139286745,0.013000000000000012,0.01,0.0,0.02,0.0,0.17099999999999999,0.85,0.0,0.0,400.0,0.0,0.0,0.0,-600.0,0
4.3333333333333375,0.0064496856139286745,0.013000000000000012,0.01,0.0,0.02,0.0,0.17099999999999999,0.85,0.0,0.0,400.0,0.0,0.0,0.0,-600.0,0
4.3333333333333375,0.006250970597227847,0.013000000000000012,0.0,0.0,0.07500000000000001,0.01,0.185,1.275,0.0,100.0,150.0,0.0,0.0,0.0,0.0,0
4.3333333333333375,0.006250970597227847,0.013000000000000012,0.0,0.0,0.07500000000000001,0.01,0.185,1.275,0.0,100.0,150.0,0.0,0.0,0.0,0.0,0
4.335600000000017,0.006522125653269558,0.010839000000000043,0.0,0.01,0.085,0.0,0.185,1.15,0.0,0.0,0.0,0.0,0.0,0.0,0.0,0
4.335600000000017,0.006522125653269558,0.010839000000000043,0.0,0.01,0.085,0.0,0.185,1.15,0.0,0.0,0.0,0.0,0.0,0.0,0.0,0
4.339999999999973,0.005718146947964731,0.01301999999999992,0.0,0.02,0.07500000000000001,0.0,0.2,1.275,0.0,0.0,150.0,0.0,0.0,0.0,-600.0,0
4.339999999999973,0.005718146947964731,0.01301999999999992,0.0,0.02,0.07500000000000001,0.0,0.2,1.275,0.0,0.0,150.0,0.0,0.0,0.0,-600.0,0
4.350000000000002,0.00670409676298063,0.013050000000000006,0.01,0.0,0.03,0.0,0.17099999999999999,0.725,0.0,0.0,400.0,0.0,0.0,0.0,-600.0,0
4.350000000000002,0.00670409676298063,0.013050000000000006,0.01,0.0,0.03,0.0,0.17099999999999999,0.725,0.0,0.0,400.0,0.0,0.0,0.0,-600.0,0
4.35333333333332,0.006781446808374656,0.01305999999999996,0.0,0.01,0.095,0.0,0.185,1.15,0.0,0.0,0.0,0.0,0.0,0.0,-600.0,0
4.35333333333332,0.006781446808374656,0.01305999999999996,0.0,0.01,0.095,0.0,0.185,1.15,0.0,0.0,0.0,0.0,0.0,0.0,-600.0,0
4.3533333333333575,0.007748331868263039,0.013060000000000072,0.01,0.0,0.03,0.0,0.156,0.35,0.22499999999999998,100.0,0.0,0.0,0.0,0.0,0.0,0
4.356666666666657,0.006227638581059122,0.01306999999999997,0.0,0.01,0.085,0.0,0.185,1.275,0.0,0.0,0.0,0.0,0.0,0.0,-150.0,0
4.356666666666657,0.006227638581059122,0.01306999999999997,0.0,0.01,0.085,0.0,0.185,1.275,0.0,0.0,0.0,0.0,0.0,0.0,-150.0,0
4.359999999999993,0.0074673056323822104,0.01307999999999998,0.0,0.02,0.07500000000000001,0.0,0.2,0.975,0.075,0.0,0.0,0.0,0.0,0.0,-600.0,0
4.36333333333333,0.006488237910649156,0.01308999999999999,0.0,0.01,0.095,0.0,0.185,1.275,0.0,0.0,0.0,0.0,0.0,0.0,0.0,0
4.36333333333333,0.006488237910649156,0.01308999999999999,0.0,0.01,0.095,0.0,0.185,1.275,0.0,0.0,0.0,0.0,0.0,0.0,0.0,0
4.363600000000023,0.006693801394656922,0.012030000000000096,0.0,0.02,0.085,0.0,0.185,1.025,0.0,0.0,150.0,0.0,0.0,0.0,-150.0,0
4.363600000000023,0.006693801394656922,0.012030000000000096,0.0,0.02,0.085,0.0,0.185,1.025,0.0,0.0,150.0,0.0,0.0,0.0,-150.0,0
4.36639999999997,0.007955582391326536,0.013009999999999966,0.01,0.02,0.02,0.0,0.2,0.975,0.075,0.0,0.0,0.0,0.0,0.0,-600.0,0
4.366666666666667,0.006154096263044203,0.0131,0.01,0.02,0.03,0.0,0.185,1.025,0.0,100.0,150.0,0.0,0.0,0.0,-600.0,0
4.366666666666667,0.006154096263044203,0.0131,0.01,0.02,0.03,0.0,0.185,1.025,0.0,100.0,150.0,0.0,0.0,0.0,-600.0,0
4.366666666666667,0.0067411578354881225,0.0131,0.01,0.0,0.02,0.0,0.156,0.35,0.22499999999999998,100.0,0.0,0.0,0.0,0.0,-600.0,0
4.373333333333303,0.0061627445244853305,0.01311999999999991,0.0,0.02,0.07500000000000001,0.0,0.2,1.275,0.0,100.0,0.0,0.0,0.0,0.0,-600.0,0
4.373333333333303,0.0061627445244853305,0.01311999999999991,0.0,0.02,0.07500000000000001,0.0,0.2,1.275,0.0,100.0,0.0,0.0,0.0,0.0,-600.0,0
4.373333333333303,0.007434044216132101,0.01311999999999991,0.0,0.0,0.07500000000000001,0.01,0.2,1.275,0.0,100.0,150.0,0.0,0.0,0.0,0.0,0
4.373333333333303,0.007434044216132101,0.01311999999999991,0.0,0.0,0.07500000000000001,0.01,0.2,1.275,0.0,100.0,150.0,0.0,0.0,0.0,0.0,0
4.376666666666658,0.007945888063087148,0.013129999999999975,0.0,0.02,0.085,0.0,0.2,1.025,0.075,0.0,0.0,0.0,0.0,0.0,-600.0,0
4.376666666666695,0.0069350043979798555,0.013130000000000086,0.0,0.0,0.085,0.0,0.156,0.475,0.0,100.0,0.0,0.0,0.0,0.0,-150.0,0
4.376666666666695,0.0069350043979798555,0.013130000000000086,0.0,0.0,0.085,0.0,0.156,0.475,0.0,100.0,0.0,0.0,0.0,0.0,-150.0,0
4.383333333333332,0.006176699412277518,0.013149999999999995,0.0,0.02,0.07500000000000001,0.0,0.185,1.15,0.0,100.0,0.0,0.0,0.0,0.0,-150.0,0
4.383333333333332,0.006176699412277518,0.013149999999999995,0.0,0.02,0.07500000000000001,0.0,0.185,1.15,0.0,100.0,0.0,0.0,0.0,0.0,-150.0,0
4.3866666666666685,0.00613105435316645,0.013160000000000005,0.0,0.0,0.085,0.01,0.185,1.15,0.0,100.0,0.0,0.0,0.0,0.0,-600.0,0
4.3866666666666685,0.00613105435316645,0.013160000000000005,0.0,0.0,0.085,0.01,0.185,1.15,0.0,100.0,0.0,0.0,0.0,0.0,-600.0,0
4.390000000000005,0.005965558997122398,0.013170000000000015,0.0,0.02,0.07500000000000001,0.0,0.185,1.275,0.0,100.0,0.0,0.0,0.0,0.0,0.0,0
4.390000000000005,0.005965558997122398,0.013170000000000015,0.0,0.02,0.07500000000000001,0.0,0.185,1.275,0.0,100.0,0.0,0.0,0.0,0.0,0.0,0
4.391600000000029,0.007586829723887247,0.012699999999999989,0.01,0.0,0.034999999999999996,0.0,0.185,1.275,0.0,0.0,150.0,0.0,0.0,0.0,-150.0,0
4.391600000000029,0.007586829723887247,0.012699999999999989,0.01,0.0,0.034999999999999996,0.0,0.185,1.275,0.0,0.0,150.0,0.0,0.0,0.0,-150.0,0
4.399599999999992,0.006848658754876056,0.010998999999999981,0.0,0.02,0.085,0.0,0.2,1.15,0.0,0.0,0.0,0.0,0.0,0.0,-150.0,0
4.399599999999992,0.006848658754876056,0.010998999999999981,0.0,0.02,0.085,0.0,0.2,1.15,0.0,0.0,0.0,0.0,0.0,0.0,-150.0,0
4.399999999999997,0.006689852298651856,0.01319999999999999,0.0,0.02,0.095,0.0,0.185,1.15,0.0,0.0,0.0,0.0,0.0,0.0,-600.0,0
4.399999999999997,0.006689852298651856,0.01319999999999999,0.0,0.02,0.095,0.0,0.185,1.15,0.0,0.0,0.0,0.0,0.0,0.0,-600.0,0
4.403333333333315,0.007212384980789007,0.013209999999999944,0.0,0.0,0.085,0.01,0.2,1.275,0.0,100.0,150.0,0.0,0.0,0.0,-150.0,0
4.403333333333315,0.007212384980789007,0.013209999999999944,0.0,0.0,0.085,0.01,0.2,1.275,0.0,100.0,150.0,0.0,0.0,0.0,-150.0,0
4.4066666666666325,0.006864182188076795,0.013219999999999898,0.0,0.0,0.07500000000000001,0.0,0.17099999999999999,0.725,0.0,100.0,0.0,0.0,0.0,0.0,-600.0,0
4.4066666666666325,0.006864182188076795,0.013219999999999898,0.0,0.0,0.07500000000000001,0.0,0.17099999999999999,0.725,0.0,100.0,0.0,0.0,0.0,0.0,-600.0,0
4.4066666666666325,0.006864182188076795,0.013219999999999898,0.0,0.0,0.07500000000000001,0.0,0.17099999999999999,0.725,0.0,100.0,0.0,0.0,0.0,0.0,-600.0,0
4.4066666666666325,0.006864182188076795,0.013219999999999898,0.0,0.0,0.07500000000000001,0.0,0.17099999999999999,0.725,0.0,100.0,0.0,0.0,0.0,0.0,-600.0,0
4.413333333333324,0.006975973374269602,0.013239999999999974,0.01,0.02,0.045,0.0,0.2,1.275,0.0,100.0,0.0,0.0,0.0,0.0,-150.0,0
4.413333333333324,0.006975973374269602,0.013239999999999974,0.01,0.02,0.045,0.0,0.2,1.275,0.0,100.0,0.0,0.0,0.0,0.0,-150.0,0
4.413333333333343,0.008049175761805942,0.01324000000000003,0.0,0.02,0.085,0.01,0.2,0.85,0.15,0.0,150.0,0.0,0.0,0.0,-600.0,0
4.415600000000008,0.006885309111111521,0.011039000000000021,0.0,0.02,0.085,0.0,0.2,1.15,0.0,0.0,0.0,0.0,0.0,0.0,0.0,0
4.415600000000008,0.006885309111111521,0.011039000000000021,0.0,0.02,0.085,0.0,0.2,1.15,0.0,0.0,0.0,0.0,0.0,0.0,0.0,0
4.415600000000008,0.006885309111111521,0.011039000000000021,0.0,0.02,0.085,0.0,0.2,1.15,0.0,0.0,0.0,0.0,0.0,0.0,0.0,0
4.419999999999998,0.007530718036691323,0.013259999999999994,0.0,0.02,0.07500000000000001,0.0,0.2,1.15,0.075,0.0,150.0,0.0,0.0,0.0,-600.0,0
4.423333333333335,0.006613910598685724,0.013270000000000004,0.0,0.0,0.07500000000000001,0.0,0.17099999999999999,0.85,0.075,0.0,150.0,0.0,0.0,0.0,-600.0,0
4.42666666666669,0.006972793749041087,0.01328000000000007,0.0,0.0,0.085,0.0,0.156,0.475,0.0,100.0,0.0,0.0,0.0,0.0,0.0,0
4.42666666666669,0.006972793749041087,0.01328000000000007,0.0,0.0,0.085,0.0,0.156,0.475,0.0,100.0,0.0,0.0,0.0,0.0,0.0,0
4.430000000000008,0.006259096615682185,0.013290000000000024,0.0,0.0,0.085,0.0,0.156,0.725,0.0,100.0,0.0,0.0,0.0,0.0,-150.0,0
4.430000000000008,0.006259096615682185,0.013290000000000024,0.0,0.0,0.085,0.0,0.156,0.725,0.0,100.0,0.0,0.0,0.0,0.0,-150.0,0
4.430000000000008,0.007779804153490403,0.013290000000000024,0.01,0.0,0.03,0.0,0.156,0.35,0.22499999999999998,100.0,0.0,0.0,0.0,0.0,-150.0,0
4.430000000000008,0.006259096615682185,0.013290000000000024,0.0,0.0,0.085,0.0,0.156,0.725,0.0,100.0,0.0,0.0,0.0,0.0,-150.0,0
4.430000000000008,0.006259096615682185,0.013290000000000024,0.0,0.0,0.085,0.0,0.156,0.725,0.0,100.0,0.0,0.0,0.0,0.0,-150.0,0
4.430000000000008,0.006514331954607068,0.013290000000000024,0.01,0.0,0.03,0.0,0.156,0.725,0.0,0.0,400.0,0.0,0.0,0.0,-600.0,0
4.430000000000008,0.006514331954607068,0.013290000000000024,0.01,0.0,0.03,0.0,0.156,0.725,0.0,0.0,400.0,0.0,0.0,0.0,-600.0,0
4.4333333333333265,0.006979453342702626,0.013299999999999979,0.0,0.02,0.095,0.0,0.2,1.275,0.0,0.0,0.0,0.0,0.0,0.0,-600.0,0
4.4333333333333265,0.006979453342702626,0.013299999999999979,0.0,0.02,0.095,0.0,0.2,1.275,0.0,0.0,0.0,0.0,0.0,0.0,-600.0,0
4.4333333333333265,0.006247877037961083,0.013299999999999979,0.0,0.02,0.095,0.0,0.185,1.15,0.0,100.0,0.0,0.0,0.0,0.0,-150.0,0
4.4333333333333265,0.006247877037961083,0.013299999999999979,0.0,0.02,0.095,0.0,0.185,1.15,0.0,100.0,0.0,0.0,0.0,0.0,-150.0,0
4.435600000000006,0.008156955682115706,0.011950000000000016,0.0,0.02,0.07500000000000001,0.01,0.2,0.725,0.22499999999999998,0.0,150.0,0.0,0.0,0.0,-600.0,0
4.436666666666644,0.007503777275972895,0.013309999999999933,0.0,0.02,0.07500000000000001,0.0,0.2,1.025,0.075,0.0,150.0,0.0,0.0,0.0,-600.0,0
4.436666666666644,0.0062442907909130325,0.013309999999999933,0.0,0.02,0.07500000000000001,0.0,0.185,1.15,0.0,100.0,0.0,0.0,0.0,0.0,0.0,0
4.436666666666644,0.0062442907909130325,0.013309999999999933,0.0,0.02,0.07500000000000001,0.0,0.185,1.15,0.0,100.0,0.0,0.0,0.0,0.0,0.0,0
4.436666666666644,0.006717669023635428,0.013309999999999933,0.0,0.0,0.07500000000000001,0.0,0.156,0.475,0.075,100.0,150.0,0.0,0.0,0.0,-150.0,0
4.443333333333355,0.006765136668844762,0.013330000000000064,0.0,0.0,0.07500000000000001,0.0,0.156,0.475,0.075,100.0,150.0,0.0,0.0,0.0,0.0,0
4.446666666666636,0.007281782753836721,0.013339999999999907,0.0,0.02,0.07500000000000001,0.0,0.2,1.025,0.075,0.0,0.0,0.0,0.0,0.0,-600.0,0
4.446666666666654,0.005765549994644105,0.013339999999999963,0.0,0.01,0.085,0.0,0.185,1.275,0.0,0.0,0.0,0.0,0.0,0.0,-600.0,0
4.446666666666654,0.005765549994644105,0.013339999999999963,0.0,0.01,0.085,0.0,0.185,1.275,0.0,0.0,0.0,0.0,0.0,0.0,-600.0,0
4.453333333333309,0.008047098216357464,0.013359999999999927,0.0,0.02,0.085,0.0,0.2,1.025,0.075,0.0,150.0,0.0,0.0,0.0,-150.0,0
4.4543999999999695,0.007759980340754002,0.011969999999999925,0.01,0.0,0.034999999999999996,0.0,0.2,1.275,0.0,0.0,150.0,0.0,0.0,0.0,-150.0,0
4.4543999999999695,0.007759980340754002,0.011969999999999925,0.01,0.0,0.034999999999999996,0.0,0.2,1.275,0.0,0.0,150.0,0.0,0.0,0.0,-150.0,0
4.456666666666664,0.006288834850572688,0.013369999999999993,0.0,0.0,0.085,0.0,0.156,0.725,0.0,100.0,0.0,0.0,0.0,0.0,0.0,0
4.456666666666664,0.006288834850572688,0.013369999999999993,0.0,0.0,0.085,0.0,0.156,0.725,0.0,100.0,0.0,0.0,0.0,0.0,0.0,0
4.456666666666664,0.006288834850572688,0.013369999999999993,0.0,0.0,0.085,0.0,0.156,0.725,0.0,100.0,0.0,0.0,0.0,0.0,0.0,0
4.456666666666664,0.006288834850572688,0.013369999999999993,0.0,0.0,0.085,0.0,0.156,0.725,0.0,100.0,0.0,0.0,0.0,0.0,0.0,0
4.4600000000000195,0.008879353125421123,0.013380000000000059,0.0,0.01,0.085,0.01,0.2,0.85,0.15,0.0,0.0,0.0,0.0,0.0,-600.0,0
4.463333333333337,0.006221103695099845,0.013390000000000013,0.0,0.0,0.07500000000000001,0.0,0.156,0.6,0.075,100.0,0.0,0.0,0.0,0.0,-600.0,0
4.466666666666656,0.007677438958595677,0.013399999999999967,0.0,0.01,0.085,0.0,0.2,1.15,0.0,0.0,0.0,0.0,0.0,0.0,-150.0,0
4.466666666666656,0.007677438958595677,0.013399999999999967,0.0,0.01,0.085,0.0,0.2,1.15,0.0,0.0,0.0,0.0,0.0,0.0,-150.0,0
4.466666666666656,0.007146379767251228,0.013399999999999967,0.0,0.0,0.085,0.0,0.156,0.475,0.0,100.0,150.0,0.0,0.0,0.0,0.0,0
4.466666666666656,0.007146379767251228,0.013399999999999967,0.0,0.0,0.085,0.0,0.156,0.475,0.0,100.0,150.0,0.0,0.0,0.0,0.0,0
4.470000000000011,0.006993481785311343,0.013410000000000033,0.0,0.02,0.095,0.0,0.185,1.025,0.0,100.0,0.0,0.0,0.0,0.0,-600.0,0
4.470000000000011,0.006993481785311343,0.013410000000000033,0.0,0.02,0.095,0.0,0.185,1.025,0.0,100.0,0.0,0.0,0.0,0.0,-600.0,0
4.470000000000011,0.007249598921217528,0.013410000000000033,0.0,0.0,0.085,0.01,0.2,1.275,0.0,100.0,150.0,0.0,0.0,0.0,0.0,0
4.470000000000011,0.007249598921217528,0.013410000000000033,0.0,0.0,0.085,0.01,0.2,1.275,0.0,100.0,150.0,0.0,0.0,0.0,0.0,0
4.473333333333329,0.007503920560465549,0.013419999999999987,0.01,0.02,0.02,0.0,0.2,1.025,0.075,100.0,0.0,0.0,0.0,0.0,-600.0,0
4.476666666666647,0.007266686396507349,0.013429999999999942,0.0,0.01,0.085,0.0,0.2,1.15,0.0,0.0,0.0,0.0,0.0,0.0,-600.0,0
4.476666666666647,0.007266686396507349,0.013429999999999942,0.0,0.01,0.085,0.0,0.2,1.15,0.0,0.0,0.0,0.0,0.0,0.0,-600.0,0
4.479600000000028,0.007293794170896759,0.011880000000000002,0.0,0.02,0.085,0.0,0.185,1.15,0.0,0.0,0.0,0.0,0.0,0.0,-150.0,0
4.479600000000028,0.007293794170896759,0.011880000000000002,0.0,0.02,0.085,0.0,0.185,1.15,0.0,0.0,0.0,0.0,0.0,0.0,-150.0,0
4.479999999999966,0.00577210700986503,0.013439999999999896,0.0,0.0,0.07500000000000001,0.0,0.17099999999999999,0.975,0.0,100.0,0.0,0.0,0.0,0.0,-600.0,0
4.479999999999966,0.00577210700986503,0.013439999999999896,0.0,0.0,0.07500000000000001,0.0,0.17099999999999999,0.975,0.0,100.0,0.0,0.0,0.0,0.0,-600.0,0
4.480000000000002,0.006281232899737187,0.013440000000000007,0.0,0.0,0.085,0.0,0.156,0.85,0.0,100.0,0.0,0.0,0.0,0.0,-600.0,0
4.480000000000002,0.0064818948475592175,0.013440000000000007,0.0,0.02,0.095,0.0,0.185,1.275,0.0,0.0,150.0,0.0,0.0,0.0,0.0,0
4.480000000000002,0.0064818948475592175,0.013440000000000007,0.0,0.02,0.095,0.0,0.185,1.275,0.0,0.0,150.0,0.0,0.0,0.0,0.0,0
4.480000000000002,0.006281232899737187,0.013440000000000007,0.0,0.0,0.085,0.0,0.156,0.85,0.0,100.0,0.0,0.0,0.0,0.0,-600.0,0
4.4866666666666575,0.006746163194872443,0.013459999999999972,0.0,0.02,0.07500000000000001,0.0,0.185,1.025,0.075,0.0,150.0,0.0,0.0,0.0,0.0,0
4.493333333333349,0.0069597606972483465,0.013480000000000047,0.01,0.0,0.02,0.0,0.156,0.35,0.3,100.0,0.0,0.0,0.0,0.0,-150.0,0
4.496666666666667,0.007740457116370463,0.013490000000000002,0.0,0.01,0.085,0.0,0.17099999999999999,0.475,0.075,100.0,0.0,0.0,0.0,0.0,0.0,0
4.499999999999986,0.006241114400727086,0.013499999999999956,0.0,0.0,0.085,0.0,0.156,0.6,0.0,100.0,150.0,0.0,0.0,0.0,0.0,0
4.499999999999986,0.006241114400727086,0.013499999999999956,0.0,0.0,0.085,0.0,0.156,0.6,0.0,100.0,150.0,0.0,0.0,0.0,0.0,0
4.499999999999986,0.008948040799423513,0.013499999999999956,0.0,0.02,0.07500000000000001,0.01,0.21500000000000002,0.975,0.15,0.0,0.0,0.0,0.0,0.0,-600.0,0
4.506666666666659,0.00716056417702776,0.013519999999999976,0.0,0.0,0.085,0.0,0.156,0.475,0.0,100.0,150.0,0.0,0.0,0.0,-150.0,0
4.506666666666659,0.00716056417702776,0.013519999999999976,0.0,0.0,0.085,0.0,0.156,0.475,0.0,100.0,150.0,0.0,0.0,0.0,-150.0,0
4.511600000000016,0.007260811407569822,0.011279000000000039,0.0,0.0,0.07500000000000001,0.01,0.2,1.275,0.0,100.0,0.0,0.0,0.0,0.0,-600.0,0
4.511600000000016,0.007260811407569822,0.011279000000000039,0.0,0.0,0.07500000000000001,0.01,0.2,1.275,0.0,100.0,0.0,0.0,0.0,0.0,-600.0,0
4.513333333333332,0.007016158656722072,0.013539999999999996,0.0,0.01,0.085,0.0,0.185,1.025,0.075,0.0,0.0,0.0,0.0,0.0,0.0,0
4.520000000000006,0.00700566644198081,0.013560000000000016,0.01,0.0,0.02,0.0,0.156,0.35,0.3,100.0,0.0,0.0,0.0,0.0,0.0,0
4.520000000000006,0.0062524671338008014,0.013560000000000016,0.0,0.0,0.085,0.0,0.156,0.6,0.0,100.0,150.0,0.0,0.0,0.0,-150.0,0
4.520000000000006,0.0062524671338008014,0.013560000000000016,0.0,0.0,0.085,0.0,0.156,0.6,0.0,100.0,150.0,0.0,0.0,0.0,-150.0,0
4.523333333333324,0.006697320918209126,0.013569999999999971,0.0,0.02,0.095,0.0,0.185,1.15,0.0,0.0,150.0,0.0,0.0,0.0,-600.0,0
4.523333333333324,0.006697320918209126,0.013569999999999971,0.0,0.02,0.095,0.0,0.185,1.15,0.0,0.0,150.0,0.0,0.0,0.0,-600.0,0
4.523333333333361,0.006637443232651154,0.013570000000000082,0.0,0.0,0.085,0.0,0.156,0.6,0.0,100.0,0.0,0.0,0.0,0.0,-150.0,0
4.523333333333361,0.006637443232651154,0.013570000000000082,0.0,0.0,0.085,0.0,0.156,0.6,0.0,100.0,0.0,0.0,0.0,0.0,-150.0,0
4.523600000000005,0.006653280065473666,0.011309000000000013,0.0,0.0,0.07500000000000001,0.01,0.185,1.15,0.0,100.0,150.0,0.0,0.0,0.0,-150.0,0
4.523600000000005,0.006653280065473666,0.011309000000000013,0.0,0.0,0.07500000000000001,0.01,0.185,1.15,0.0,100.0,150.0,0.0,0.0,0.0,-150.0,0
4.5266666666666415,0.008019228978362386,0.013579999999999925,0.0,0.02,0.085,0.0,0.2,1.025,0.075,0.0,150.0,0.0,0.0,0.0,0.0,0
4.5266666666666415,0.0063824788578083266,0.013579999999999925,0.0,0.0,0.07500000000000001,0.0,0.156,0.6,0.075,100.0,150.0,0.0,0.0,0.0,0.0,0
4.52666666666666,0.007245086155968565,0.013579999999999981,0.0,0.0,0.07500000000000001,0.0,0.17099999999999999,0.85,0.075,100.0,0.0,0.0,0.0,0.0,-600.0,0
4.526666666666679,0.00803980624881709,0.013580000000000036,0.01,0.02,0.03,0.0,0.2,0.975,0.075,0.0,0.0,0.0,0.0,0.0,-600.0,0
4.533333333333333,0.008064890580415455,0.013600000000000001,0.0,0.02,0.085,0.01,0.2,0.85,0.15,100.0,0.0,0.0,0.0,0.0,0.0,0
4.533333333333333,0.007628044315161919,0.013600000000000001,0.0,0.02,0.085,0.0,0.2,1.15,0.075,0.0,0.0,0.0,0.0,0.0,0.0,0
4.543333333333306,0.006842383443302864,0.01362999999999992,0.0,0.02,0.07500000000000001,0.0,0.185,1.025,0.0,100.0,0.0,0.0,0.0,0.0,-150.0,0
4.543333333333306,0.006842383443302864,0.01362999999999992,0.0,0.02,0.07500000000000001,0.0,0.185,1.025,0.0,100.0,0.0,0.0,0.0,0.0,-150.0,0
4.543600000000003,0.0067411839876653345,0.011940000000000062,0.0,0.02,0.085,0.0,0.185,1.025,0.0,0.0,150.0,0.0,0.0,0.0,0.0,0
4.543600000000003,0.0067411839876653345,0.011940000000000062,0.0,0.02,0.085,0.0,0.185,1.025,0.0,0.0,150.0,0.0,0.0,0.0,0.0,0
4.5466666666666615,0.006310121094101296,0.013639999999999985,0.0,0.0,0.07500000000000001,0.0,0.17099999999999999,0.975,0.0,0.0,150.0,0.0,0.0,0.0,-600.0,0
4.5466666666666615,0.006310121094101296,0.013639999999999985,0.0,0.0,0.07500000000000001,0.0,0.17099999999999999,0.975,0.0,0.0,150.0,0.0,0.0,0.0,-600.0,0
4.550000000000017,0.008097637565867465,0.013650000000000051,0.01,0.02,0.02,0.0,0.2,0.85,0.15,0.0,0.0,0.0,0.0,0.0,-600.0,0
4.551600000000011,0.0067118826690402466,0.011379000000000028,0.0,0.0,0.07500000000000001,0.01,0.185,1.15,0.0,100.0,150.0,0.0,0.0,0.0,0.0,0
4.551600000000011,0.0067118826690402466,0.011379000000000028,0.0,0.0,0.07500000000000001,0.01,0.185,1.15,0.0,100.0,150.0,0.0,0.0,0.0,0.0,0
4.556666666666691,0.006663148021435175,0.013670000000000071,0.0,0.0,0.085,0.0,0.156,0.6,0.0,100.0,0.0,0.0,0.0,0.0,0.0,0
4.556666666666691,0.006663148021435175,0.013670000000000071,0.0,0.0,0.085,0.0,0.156,0.6,0.0,100.0,0.0,0.0,0.0,0.0,0.0,0
4.5600000000000085,0.006965423286172601,0.013680000000000025,0.0,0.02,0.095,0.0,0.185,0.85,0.0,0.0,0.0,0.0,0.0,0.0,-600.0,0
4.5600000000000085,0.006965423286172601,0.013680000000000025,0.0,0.02,0.095,0.0,0.185,0.85,0.0,0.0,0.0,0.0,0.0,0.0,-600.0,0
4.563333333333326,0.007712578907694046,0.01368999999999998,0.0,0.01,0.085,0.0,0.2,1.15,0.0,0.0,0.0,0.0,0.0,0.0,0.0,0
4.563333333333326,0.007712578907694046,0.01368999999999998,0.0,0.01,0.085,0.0,0.2,1.15,0.0,0.0,0.0,0.0,0.0,0.0,0.0,0
4.563333333333326,0.007712578907694046,0.01368999999999998,0.0,0.01,0.085,0.0,0.2,1.15,0.0,0.0,0.0,0.0,0.0,0.0,0.0,0
4.563333333333326,0.0077568616744812975,0.01368999999999998,0.01,0.02,0.02,0.0,0.2,1.025,0.0,100.0,0.0,0.0,0.0,0.0,-600.0,0
4.563333333333326,0.0077568616744812975,0.01368999999999998,0.01,0.02,0.02,0.0,0.2,1.025,0.0,100.0,0.0,0.0,0.0,0.0,-600.0,0
4.563333333333326,0.006161097190646522,0.01368999999999998,0.0,0.0,0.07500000000000001,0.01,0.185,1.275,0.0,100.0,150.0,0.0,0.0,0.0,-150.0,0
4.563333333333326,0.006161097190646522,0.01368999999999998,0.0,0.0,0.07500000000000001,0.01,0.185,1.275,0.0,100.0,150.0,0.0,0.0,0.0,-150.0,0
4.563333333333364,0.006312364005135734,0.013690000000000091,0.0,0.0,0.07500000000000001,0.0,0.156,0.475,0.075,100.0,0.0,0.0,0.0,0.0,-600.0,0
4.5666666666666815,0.007059514625010743,0.013700000000000045,0.0,0.02,0.095,0.0,0.2,1.15,0.0,0.0,150.0,0.0,0.0,0.0,0.0,0
4.5666666666666815,0.007059514625010743,0.013700000000000045,0.0,0.02,0.095,0.0,0.2,1.15,0.0,0.0,150.0,0.0,0.0,0.0,0.0,0
4.567600000000027,0.00841397374301512,0.012670000000000015,0.0,0.02,0.07500000000000001,0.01,0.2,0.725,0.22499999999999998,100.0,0.0,0.0,0.0,0.0,-150.0,0
4.57,0.006282485772485381,0.01371,0.0,0.02,0.085,0.0,0.185,1.275,0.0,0.0,150.0,0.0,0.0,0.0,-150.0,0
4.57,0.006282485772485381,0.01371,0.0,0.02,0.085,0.0,0.185,1.275,0.0,0.0,150.0,0.0,0.0,0.0,-150.0,0
4.57,0.008430970512211375,0.01371,0.0,0.02,0.095,0.01,0.185,0.85,0.075,0.0,150.0,0.0,0.0,0.0,-600.0,0
4.573333333333337,0.0065632802943514645,0.01372000000000001,0.0,0.01,0.095,0.0,0.185,1.275,0.0,0.0,0.0,0.0,0.0,0.0,-150.0,0
4.573333333333337,0.0065632802943514645,0.01372000000000001,0.0,0.01,0.095,0.0,0.185,1.275,0.0,0.0,0.0,0.0,0.0,0.0,-150.0,0
4.576666666666673,0.0066670036081519475,0.01373000000000002,0.01,0.01,0.034999999999999996,0.0,0.156,0.35,0.0,100.0,0.0,0.0,0.0,1.0,-150.0,0
4.576666666666673,0.0066670036081519475,0.01373000000000002,0.01,0.01,0.034999999999999996,0.0,0.156,0.35,0.0,100.0,0.0,0.0,0.0,1.0,-150.0,0
4.576666666666673,0.007768719332945027,0.01373000000000002,0.0,0.01,0.085,0.0,0.17099999999999999,0.475,0.075,100.0,0.0,0.0,0.0,0.0,-150.0,0
4.579999999999991,0.005606489830742767,0.013739999999999974,0.0,0.0,0.085,0.01,0.185,1.275,0.0,100.0,150.0,0.0,0.0,0.0,0.0,0
4.579999999999991,0.005606489830742767,0.013739999999999974,0.0,0.0,0.085,0.01,0.185,1.275,0.0,100.0,150.0,0.0,0.0,0.0,0.0,0
4.5800000000000285,0.006724284464205504,0.013740000000000085,0.01,0.01,0.034999999999999996,0.0,0.156,0.35,0.0,100.0,0.0,0.0,0.0,1.0,0.0,0
4.5800000000000285,0.006724284464205504,0.013740000000000085,0.01,0.01,0.034999999999999996,0.0,0.156,0.35,0.0,100.0,0.0,0.0,0.0,1.0,0.0,0
4.58333333333331,0.006343580312819008,0.013749999999999929,0.0,0.0,0.07500000000000001,0.0,0.156,0.6,0.075,100.0,150.0,0.0,0.0,0.0,-150.0,0
4.583333333333346,0.007078148852997165,0.01375000000000004,0.0,0.02,0.095,0.0,0.2,1.15,0.0,0.0,150.0,0.0,0.0,0.0,-150.0,0
4.583333333333346,0.007078148852997165,0.01375000000000004,0.0,0.02,0.095,0.0,0.2,1.15,0.0,0.0,150.0,0.0,0.0,0.0,-150.0,0
4.583333333333346,0.008048249089547805,0.01375000000000004,0.01,0.02,0.034999999999999996,0.0,0.21500000000000002,1.275,0.0,100.0,0.0,0.0,0.0,0.0,-150.0,0
4.583333333333346,0.008048249089547805,0.01375000000000004,0.01,0.02,0.034999999999999996,0.0,0.21500000000000002,1.275,0.0,100.0,0.0,0.0,0.0,0.0,-150.0,0
4.596666666666693,0.005783634196464926,0.01379000000000008,0.01,0.02,0.02,0.0,0.185,1.15,0.0,100.0,150.0,0.0,0.0,0.0,-600.0,0
4.596666666666693,0.005783634196464926,0.01379000000000008,0.01,0.02,0.02,0.0,0.185,1.15,0.0,100.0,150.0,0.0,0.0,0.0,-600.0,0
4.60333333333333,0.005899766793884486,0.013809999999999989,0.0,0.02,0.07500000000000001,0.0,0.185,1.275,0.0,100.0,0.0,0.0,0.0,0.0,-150.0,0
4.60333333333333,0.005899766793884486,0.013809999999999989,0.0,0.02,0.07500000000000001,0.0,0.185,1.275,0.0,100.0,0.0,0.0,0.0,0.0,-150.0,0
4.60333333333333,0.008082190760027952,0.013809999999999989,0.0,0.02,0.085,0.0,0.2,0.975,0.075,0.0,0.0,0.0,0.0,0.0,-600.0,0
4.606666666666648,0.0073497436639603795,0.013819999999999943,0.0,0.0,0.095,0.0,0.17099999999999999,0.725,0.0,0.0,150.0,0.0,0.0,0.0,-600.0,0
4.606666666666648,0.0073497436639603795,0.013819999999999943,0.0,0.0,0.095,0.0,0.17099999999999999,0.725,0.0,0.0,150.0,0.0,0.0,0.0,-600.0,0
4.609999999999966,0.006921681079258316,0.013829999999999898,0.01,0.02,0.02,0.0,0.2,1.15,0.0,100.0,0.0,0.0,0.0,0.0,-600.0,0
4.609999999999966,0.006921681079258316,0.013829999999999898,0.01,0.02,0.02,0.0,0.2,1.15,0.0,100.0,0.0,0.0,0.0,0.0,-600.0,0
4.613333333333321,0.006919369437124123,0.013839999999999963,0.0,0.0,0.095,0.0,0.17099999999999999,0.85,0.0,0.0,150.0,0.0,0.0,0.0,-600.0,0
4.613333333333321,0.006919369437124123,0.013839999999999963,0.0,0.0,0.095,0.0,0.17099999999999999,0.85,0.0,0.0,150.0,0.0,0.0,0.0,-600.0,0
4.61666666666664,0.0067328604949489475,0.013849999999999918,0.0,0.0,0.07500000000000001,0.0,0.17099999999999999,0.85,0.0,0.0,150.0,0.0,0.0,0.0,-600.0,0
4.61666666666664,0.0067328604949489475,0.013849999999999918,0.0,0.0,0.07500000000000001,0.0,0.17099999999999999,0.85,0.0,0.0,150.0,0.0,0.0,0.0,-600.0,0
4.616666666666657,0.007124653758968568,0.013849999999999973,0.0,0.02,0.085,0.0,0.185,1.275,0.0,0.0,0.0,0.0,0.0,0.0,0.0,0
4.616666666666657,0.007124653758968568,0.013849999999999973,0.0,0.02,0.085,0.0,0.185,1.275,0.0,0.0,0.0,0.0,0.0,0.0,0.0,0
4.616666666666676,0.007133667287094548,0.013850000000000029,0.0,0.02,0.095,0.0,0.2,1.15,0.0,0.0,0.0,0.0,0.0,0.0,-600.0,0
4.616666666666676,0.007133667287094548,0.013850000000000029,0.0,0.02,0.095,0.0,0.2,1.15,0.0,0.0,0.0,0.0,0.0,0.0,-600.0,0
4.619600000000013,0.007323553129761822,0.011910000000000087,0.0,0.02,0.085,0.0,0.185,1.15,0.0,0.0,0.0,0.0,0.0,0.0,0.0,0
4.619600000000013,0.007323553129761822,0.011910000000000087,0.0,0.02,0.085,0.0,0.185,1.15,0.0,0.0,0.0,0.0,0.0,0.0,0.0,0
4.619999999999995,0.008260702916015465,0.013859999999999983,0.0,0.02,0.085,0.01,0.2,0.85,0.15,0.0,0.0,0.0,0.0,0.0,-600.0,0
4.623333333333313,0.006019559298499192,0.013869999999999938,0.0,0.0,0.085,0.0,0.156,0.725,0.0,100.0,150.0,0.0,0.0,0.0,0.0,0
4.623333333333313,0.006019559298499192,0.013869999999999938,0.0,0.0,0.085,0.0,0.156,0.725,0.0,100.0,150.0,0.0,0.0,0.0,0.0,0
4.626666666666668,0.007506763967200451,0.013880000000000003,0.0,0.0,0.085,0.0,0.17099999999999999,0.725,0.075,100.0,0.0,0.0,0.0,0.0,-150.0,0
4.626666666666668,0.007506763967200451,0.013880000000000003,0.0,0.0,0.085,0.0,0.17099999999999999,0.725,0.075,100.0,0.0,0.0,0.0,0.0,-150.0,0
4.630000000000004,0.007061852033861084,0.013890000000000013,0.0,0.02,0.07500000000000001,0.0,0.2,1.15,0.075,0.0,0.0,0.0,0.0,0.0,-600.0,0
4.633333333333341,0.008897359537567344,0.013900000000000023,0.01,0.02,0.03,0.0,0.185,0.725,0.15,0.0,0.0,0.0,0.0,0.0,-600.0,0
4.638399999999976,0.007818909704233875,0.013779999999999903,0.01,0.02,0.02,0.0,0.2,1.15,0.0,0.0,150.0,0.0,0.0,0.0,-600.0,0
4.638399999999976,0.007818909704233875,0.013779999999999903,0.01,0.02,0.02,0.0,0.2,1.15,0.0,0.0,150.0,0.0,0.0,0.0,-600.0,0
4.639999999999996,0.005962651231097084,0.013919999999999988,0.01,0.02,0.03,0.0,0.185,1.15,0.0,100.0,150.0,0.0,0.0,0.0,-600.0,0
4.639999999999996,0.005962651231097084,0.013919999999999988,0.01,0.02,0.03,0.0,0.185,1.15,0.0,100.0,150.0,0.0,0.0,0.0,-600.0,0
4.639999999999996,0.0066752033732369485,0.013919999999999988,0.0,0.02,0.07500000000000001,0.0,0.185,0.975,0.075,0.0,0.0,0.0,0.0,0.0,-600.0,0
4.640000000000015,0.006923302738925599,0.013920000000000043,0.0,0.0,0.07500000000000001,0.0,0.156,0.725,0.075,100.0,0.0,0.0,0.0,0.0,0.0,0
4.640000000000015,0.006923302738925599,0.013920000000000043,0.0,0.0,0.07500000000000001,0.0,0.156,0.725,0.075,100.0,0.0,0.0,0.0,0.0,0.0,0
4.6466666666666505,0.0067444114643162145,0.013939999999999952,0.01,0.01,0.045,0.0,0.156,0.35,0.0,100.0,0.0,0.0,0.0,1.0,0.0,0
4.6466666666666505,0.007504982399367407,0.013939999999999952,0.0,0.0,0.085,0.0,0.17099999999999999,0.725,0.075,100.0,0.0,0.0,0.0,0.0,0.0,0
4.6466666666666505,0.007504982399367407,0.013939999999999952,0.0,0.0,0.085,0.0,0.17099999999999999,0.725,0.075,100.0,0.0,0.0,0.0,0.0,0.0,0
4.6466666666666505,0.0067444114643162145,0.013939999999999952,0.01,0.01,0.045,0.0,0.156,0.35,0.0,100.0,0.0,0.0,0.0,1.0,0.0,0
4.646666666666688,0.007515873281607732,0.013940000000000063,0.01,0.02,0.045,0.0,0.2,1.15,0.0,100.0,0.0,0.0,0.0,0.0,0.0,0
4.646666666666688,0.007523171715883302,0.013940000000000063,0.01,0.02,0.045,0.0,0.2,1.15,0.0,100.0,0.0,0.0,0.0,0.0,-150.0,0
4.646666666666688,0.006439081835858973,0.013940000000000063,0.01,0.0,0.02,0.0,0.156,0.85,0.0,0.0,400.0,0.0,0.0,0.0,-600.0,0
4.646666666666688,0.007515873281607732,0.013940000000000063,0.01,0.02,0.045,0.0,0.2,1.15,0.0,100.0,0.0,0.0,0.0,0.0,0.0,0
4.646666666666688,0.007523171715883302,0.013940000000000063,0.01,0.02,0.045,0.0,0.2,1.15,0.0,100.0,0.0,0.0,0.0,0.0,-150.0,0
4.646666666666688,0.006439081835858973,0.013940000000000063,0.01,0.0,0.02,0.0,0.156,0.85,0.0,0.0,400.0,0.0,0.0,0.0,-600.0,0
4.653333333333324,0.006672340757574142,0.013959999999999972,0.0,0.01,0.07500000000000001,0.0,0.185,1.025,0.075,0.0,0.0,0.0,0.0,0.0,-600.0,0
4.655600000000026,0.008393386907427641,0.013639999999999985,0.0,0.01,0.095,0.01,0.185,0.85,0.075,0.0,0.0,0.0,0.0,0.0,-600.0,0
4.656666666666642,0.00675080121993759,0.013969999999999927,0.0,0.0,0.085,0.0,0.156,0.475,0.075,100.0,0.0,0.0,0.0,0.0,0.0,0
4.65666666666668,0.006565524553808828,0.013970000000000038,0.0,0.02,0.07500000000000001,0.0,0.185,1.275,0.0,0.0,150.0,0.0,0.0,0.0,-600.0,0
4.65666666666668,0.006565524553808828,0.013970000000000038,0.0,0.02,0.07500000000000001,0.0,0.185,1.275,0.0,0.0,150.0,0.0,0.0,0.0,-600.0,0
4.6599999999999975,0.007782739358730046,0.013979999999999992,0.01,0.0,0.045,0.0,0.185,1.275,0.0,0.0,150.0,0.0,0.0,0.0,-150.0,0
4.6599999999999975,0.007782739358730046,0.013979999999999992,0.01,0.0,0.045,0.0,0.185,1.275,0.0,0.0,150.0,0.0,0.0,0.0,-150.0,0
4.663333333333315,0.007047376349210195,0.013989999999999947,0.01,0.0,0.045,0.0,0.156,0.475,0.0,0.0,0.0,0.0,0.0,1.0,-150.0,0
4.663333333333315,0.007047376349210195,0.013989999999999947,0.01,0.0,0.045,0.0,0.156,0.475,0.0,0.0,0.0,0.0,0.0,1.0,-150.0,0
4.663333333333315,0.008443052506625165,0.013989999999999947,0.01,0.0,0.055,0.0,0.185,1.15,0.0,0.0,150.0,0.0,0.0,0.0,-150.0,0
4.663333333333315,0.008443052506625165,0.013989999999999947,0.01,0.0,0.055,0.0,0.185,1.15,0.0,0.0,150.0,0.0,0.0,0.0,-150.0,0
4.663333333333353,0.006828634650146776,0.013990000000000058,0.01,0.0,0.02,0.0,0.156,0.35,0.15,100.0,0.0,0.0,0.0,0.0,-600.0,0
4.666399999999982,0.008946601138193514,0.012450000000000017,0.01,0.02,0.045,0.0,0.185,1.025,0.0,100.0,0.0,0.0,0.0,0.0,-150.0,0
4.666399999999982,0.008946601138193514,0.012450000000000017,0.01,0.02,0.045,0.0,0.185,1.025,0.0,100.0,0.0,0.0,0.0,0.0,-150.0,0
4.6666666666666705,0.006056838015065352,0.014000000000000012,0.0,0.0,0.085,0.0,0.156,0.725,0.0,100.0,150.0,0.0,0.0,0.0,-150.0,0
4.6666666666666705,0.006056838015065352,0.014000000000000012,0.0,0.0,0.085,0.0,0.156,0.725,0.0,100.0,150.0,0.0,0.0,0.0,-150.0,0
4.6666666666666705,0.00681638788345981,0.014000000000000012,0.0,0.0,0.085,0.0,0.156,0.725,0.0,0.0,150.0,0.0,0.0,0.0,-600.0,0
4.6666666666666705,0.00681638788345981,0.014000000000000012,0.0,0.0,0.085,0.0,0.156,0.725,0.0,0.0,150.0,0.0,0.0,0.0,-600.0,0
4.669999999999989,0.006670535160939731,0.014009999999999967,0.01,0.01,0.045,0.0,0.156,0.35,0.0,0.0,0.0,0.0,0.0,1.0,-600.0,0
4.669999999999989,0.006876662040177243,0.014009999999999967,0.0,0.02,0.07500000000000001,0.0,0.2,1.15,0.0,0.0,0.0,0.0,0.0,0.0,-600.0,0
4.669999999999989,0.006876662040177243,0.014009999999999967,0.0,0.02,0.07500000000000001,0.0,0.2,1.15,0.0,0.0,0.0,0.0,0.0,0.0,-600.0,0
4.669999999999989,0.006769085725233163,0.014009999999999967,0.0,0.02,0.07500000000000001,0.0,0.185,1.025,0.075,0.0,150.0,0.0,0.0,0.0,-150.0,0
4.669999999999989,0.006670535160939731,0.014009999999999967,0.01,0.01,0.045,0.0,0.156,0.35,0.0,0.0,0.0,0.0,0.0,1.0,-600.0,0
4.673333333333307,0.006303686640312866,0.014019999999999921,0.0,0.02,0.07500000000000001,0.0,0.2,1.15,0.0,0.0,150.0,0.0,0.0,0.0,-600.0,0
4.673333333333307,0.006303686640312866,0.014019999999999921,0.0,0.02,0.07500000000000001,0.0,0.2,1.15,0.0,0.0,150.0,0.0,0.0,0.0,-600.0,0
4.673333333333307,0.007164905215056257,0.014019999999999921,0.01,0.0,0.045,0.0,0.156,0.475,0.0,0.0,0.0,0.0,0.0,1.0,0.0,0
4.673333333333307,0.007164905215056257,0.014019999999999921,0.01,0.0,0.045,0.0,0.156,0.475,0.0,0.0,0.0,0.0,0.0,1.0,0.0,0
4.673333333333326,0.007482516713671284,0.014019999999999977,0.0,0.02,0.07500000000000001,0.0,0.185,1.025,0.075,0.0,0.0,0.0,0.0,0.0,0.0,0
4.673333333333344,0.00806556581560933,0.014020000000000032,0.0,0.02,0.085,0.0,0.2,1.15,0.075,0.0,150.0,0.0,0.0,0.0,0.0,0
4.673333333333344,0.007377481659050698,0.014020000000000032,0.01,0.02,0.03,0.0,0.2,1.025,0.075,0.0,150.0,0.0,0.0,0.0,-600.0,0
4.676666666666662,0.00764128809676599,0.014029999999999987,0.0,0.0,0.085,0.01,0.2,1.15,0.0,100.0,150.0,0.0,0.0,0.0,-150.0,0
4.676666666666662,0.006824634142954852,0.014029999999999987,0.0,0.02,0.095,0.0,0.2,1.275,0.0,0.0,150.0,0.0,0.0,0.0,0.0,0
4.676666666666662,0.006824634142954852,0.014029999999999987,0.0,0.02,0.095,0.0,0.2,1.275,0.0,0.0,150.0,0.0,0.0,0.0,0.0,0
4.676666666666662,0.006690596280795342,0.014029999999999987,0.0,0.02,0.07500000000000001,0.0,0.2,1.15,0.0,100.0,0.0,0.0,0.0,0.0,-600.0,0
4.676666666666662,0.006690596280795342,0.014029999999999987,0.0,0.02,0.07500000000000001,0.0,0.2,1.15,0.0,100.0,0.0,0.0,0.0,0.0,-600.0,0
4.676666666666662,0.00764128809676599,0.014029999999999987,0.0,0.0,0.085,0.01,0.2,1.15,0.0,100.0,150.0,0.0,0.0,0.0,-150.0,0
4.679600000000006,0.008427463354568345,0.012449999999999961,0.0,0.02,0.07500000000000001,0.01,0.2,0.725,0.22499999999999998,100.0,0.0,0.0,0.0,0.0,0.0,0
4.67999999999998,0.006878380736449203,0.014039999999999941,0.0,0.02,0.095,0.0,0.2,1.275,0.0,0.0,150.0,0.0,0.0,0.0,-150.0,0
4.67999999999998,0.006878380736449203,0.014039999999999941,0.0,0.02,0.095,0.0,0.2,1.275,0.0,0.0,150.0,0.0,0.0,0.0,-150.0,0
4.683333333333335,0.00803538351432102,0.014050000000000007,0.0,0.02,0.085,0.01,0.2,0.85,0.15,100.0,0.0,0.0,0.0,0.0,-150.0,0
4.683333333333335,0.008109726263818893,0.014050000000000007,0.0,0.02,0.085,0.0,0.2,1.15,0.075,0.0,150.0,0.0,0.0,0.0,-150.0,0
4.683333333333335,0.0075901207768656305,0.014050000000000007,0.0,0.02,0.085,0.0,0.2,1.025,0.0,100.0,0.0,0.0,0.0,0.0,-150.0,0
4.683333333333335,0.0075901207768656305,0.014050000000000007,0.0,0.02,0.085,0.0,0.2,1.025,0.0,100.0,0.0,0.0,0.0,0.0,-150.0,0
4.683333333333335,0.007703441707973654,0.014050000000000007,0.0,0.02,0.095,0.0,0.2,1.025,0.0,0.0,0.0,0.0,0.0,0.0,0.0,0
4.683333333333335,0.007703441707973654,0.014050000000000007,0.0,0.02,0.095,0.0,0.2,1.025,0.0,0.0,0.0,0.0,0.0,0.0,0.0,0
4.683333333333335,0.007020193629280637,0.014050000000000007,0.0,0.01,0.085,0.0,0.185,1.025,0.075,0.0,0.0,0.0,0.0,0.0,-150.0,0
4.683599999999988,0.007579425127228251,0.01196999999999998,0.0,0.02,0.085,0.01,0.2,0.975,0.075,0.0,150.0,0.0,0.0,0.0,-600.0,0
4.689999999999972,0.008108427536280431,0.014069999999999916,0.01,0.02,0.034999999999999996,0.0,0.21500000000000002,1.275,0.0,100.0,0.0,0.0,0.0,0.0,0.0,0
4.689999999999972,0.008108427536280431,0.014069999999999916,0.01,0.02,0.034999999999999996,0.0,0.21500000000000002,1.275,0.0,100.0,0.0,0.0,0.0,0.0,0.0,0
4.693333333333327,0.006760247590250037,0.014079999999999981,0.0,0.0,0.085,0.0,0.156,0.475,0.075,100.0,0.0,0.0,0.0,0.0,-150.0,0
4.696666666666682,0.007293211358923171,0.014090000000000047,0.0,0.01,0.085,0.0,0.156,0.35,0.15,100.0,0.0,0.0,0.0,0.0,0.0,0
4.696666666666682,0.008234755212354974,0.014090000000000047,0.0,0.02,0.085,0.0,0.2,0.85,0.0,0.0,0.0,0.0,0.0,0.0,-600.0,0
4.696666666666682,0.008234755212354974,0.014090000000000047,0.0,0.02,0.085,0.0,0.2,0.85,0.0,0.0,0.0,0.0,0.0,0.0,-600.0,0
4.7,0.006572168597508281,0.014100000000000001,0.01,0.01,0.045,0.0,0.156,0.35,0.0,0.0,150.0,0.0,0.0,1.0,-150.0,0
4.7,0.007611276531860089,0.014100000000000001,0.0,0.02,0.07500000000000001,0.0,0.2,1.025,0.0,0.0,0.0,0.0,0.0,0.0,-600.0,0
4.7,0.007611276531860089,0.014100000000000001,0.0,0.02,0.07500000000000001,0.0,0.2,1.025,0.0,0.0,0.0,0.0,0.0,0.0,-600.0,0
4.7,0.007116556860979566,0.014100000000000001,0.01,0.02,0.03,0.0,0.2,1.025,0.0,100.0,150.0,0.0,0.0,0.0,-600.0,0
4.7,0.007116556860979566,0.014100000000000001,0.01,0.02,0.03,0.0,0.2,1.025,0.0,100.0,150.0,0.0,0.0,0.0,-600.0,0
4.7,0.006167429628477496,0.014100000000000001,0.0,0.0,0.07500000000000001,0.0,0.17099999999999999,0.85,0.0,100.0,0.0,0.0,0.0,0.0,-600.0,0
4.7,0.006167429628477496,0.014100000000000001,0.0,0.0,0.07500000000000001,0.0,0.17099999999999999,0.85,0.0,100.0,0.0,0.0,0.0,0.0,-600.0,0
4.7,0.006572168597508281,0.014100000000000001,0.01,0.01,0.045,0.0,0.156,0.35,0.0,0.0,150.0,0.0,0.0,1.0,-150.0,0
4.703333333333319,0.007173389978091098,0.014109999999999956,0.01,0.0,0.03,0.0,0.156,0.85,0.0,0.0,400.0,0.0,0.0,0.0,-600.0,0
4.703333333333319,0.007173389978091098,0.014109999999999956,0.01,0.0,0.03,0.0,0.156,0.85,0.0,0.0,400.0,0.0,0.0,0.0,-600.0,0
4.703599999999986,0.007147537058315933,0.013949999999999907,0.0,0.01,0.07500000000000001,0.0,0.185,1.025,0.0,0.0,0.0,0.0,0.0,0.0,-600.0,0
4.703599999999986,0.007147537058315933,0.013949999999999907,0.0,0.01,0.07500000000000001,0.0,0.185,1.025,0.0,0.0,0.0,0.0,0.0,0.0,-600.0,0
4.703599999999986,0.007757276875200359,0.013809999999999989,0.0,0.01,0.07500000000000001,0.0,0.185,1.275,0.0,0.0,0.0,0.0,0.0,0.0,0.0,0
4.703599999999986,0.007757276875200359,0.013809999999999989,0.0,0.01,0.07500000000000001,0.0,0.185,1.275,0.0,0.0,0.0,0.0,0.0,0.0,0.0,0
4.706666666666637,0.008361473293004608,0.01411999999999991,0.0,0.0,0.085,0.01,0.2,1.025,0.0,100.0,0.0,0.0,0.0,0.0,-600.0,0
4.706666666666637,0.008361473293004608,0.01411999999999991,0.0,0.0,0.085,0.01,0.2,1.025,0.0,100.0,0.0,0.0,0.0,0.0,-600.0,0
4.706666666666674,0.006633174878062757,0.014120000000000021,0.01,0.0,0.045,0.0,0.156,0.35,0.0,0.0,0.0,0.0,0.0,1.0,0.0,0
4.706666666666674,0.006633174878062757,0.014120000000000021,0.01,0.0,0.045,0.0,0.156,0.35,0.0,0.0,0.0,0.0,0.0,1.0,0.0,0
4.709999999999992,0.008547568816141028,0.014129999999999976,0.0,0.02,0.085,0.0,0.2,1.025,0.075,0.0,150.0,0.0,0.0,0.0,-600.0,0
4.709999999999992,0.007286194205482031,0.014129999999999976,0.0,0.02,0.07500000000000001,0.0,0.2,1.15,0.075,0.0,150.0,0.0,0.0,0.0,-150.0,0
4.709999999999992,0.008821428208041446,0.014129999999999976,0.0,0.02,0.07500000000000001,0.01,0.21500000000000002,0.975,0.15,0.0,150.0,0.0,0.0,0.0,-600.0,0
4.709999999999992,0.007754789731371033,0.014129999999999976,0.0,0.01,0.07500000000000001,0.0,0.17099999999999999,0.475,0.075,100.0,0.0,0.0,0.0,0.0,-150.0,0
4.716666666666665,0.006588510431326923,0.014149999999999996,0.01,0.0,0.045,0.0,0.156,0.35,0.0,0.0,0.0,0.0,0.0,1.0,-150.0,0
4.716666666666665,0.006588510431326923,0.014149999999999996,0.01,0.0,0.045,0.0,0.156,0.35,0.0,0.0,0.0,0.0,0.0,1.0,-150.0,0
4.718399999999967,0.007587951077567338,0.012880000000000003,0.01,0.02,0.03,0.0,0.2,1.15,0.0,0.0,150.0,0.0,0.0,0.0,-600.0,0
4.718399999999967,0.007587951077567338,0.012880000000000003,0.01,0.02,0.03,0.0,0.2,1.15,0.0,0.0,150.0,0.0,0.0,0.0,-600.0,0
4.7200000000000015,0.006590355135712698,0.014160000000000006,0.0,0.02,0.095,0.0,0.185,1.275,0.0,0.0,150.0,0.0,0.0,0.0,-150.0,0
4.7200000000000015,0.006590355135712698,0.014160000000000006,0.0,0.02,0.095,0.0,0.185,1.275,0.0,0.0,150.0,0.0,0.0,0.0,-150.0,0
4.7200000000000015,0.006877530300699281,0.014160000000000006,0.01,0.02,0.02,0.0,0.2,1.15,0.075,0.0,150.0,0.0,0.0,0.0,-600.0,0
4.723333333333339,0.006837754347628939,0.014170000000000016,0.01,0.0,0.02,0.0,0.156,0.6,0.15,100.0,150.0,0.0,0.0,0.0,0.0,0
4.723333333333339,0.007727611106118582,0.014170000000000016,0.01,0.0,0.03,0.0,0.156,0.475,0.15,100.0,0.0,0.0,0.0,0.0,-600.0,0
4.723333333333339,0.007729834414402027,0.014170000000000016,0.01,0.0,0.034999999999999996,0.0,0.185,1.025,0.075,0.0,150.0,0.0,0.0,0.0,-150.0,0
4.723600000000028,0.007748691602816272,0.013229999999999964,0.0,0.01,0.07500000000000001,0.0,0.185,1.275,0.0,0.0,0.0,0.0,0.0,0.0,-150.0,0
4.723600000000028,0.007748691602816272,0.013229999999999964,0.0,0.01,0.07500000000000001,0.0,0.185,1.275,0.0,0.0,0.0,0.0,0.0,0.0,-150.0,0
4.726666666666657,0.008516083959191553,0.01417999999999997,0.01,0.02,0.03,0.0,0.21500000000000002,1.15,0.0,0.0,150.0,0.0,0.0,0.0,-600.0,0
4.726666666666657,0.008516083959191553,0.01417999999999997,0.01,0.02,0.03,0.0,0.21500000000000002,1.15,0.0,0.0,150.0,0.0,0.0,0.0,-600.0,0
4.731599999999991,0.008558851779168599,0.013920000000000043,0.0,0.02,0.085,0.01,0.2,0.725,0.15,100.0,0.0,0.0,0.0,0.0,-150.0,0
4.73333333333333,0.007689054370409334,0.01419999999999999,0.0,0.0,0.085,0.01,0.2,1.15,0.0,100.0,150.0,0.0,0.0,0.0,0.0,0
4.73333333333333,0.007859599089766073,0.01419999999999999,0.0,0.01,0.07500000000000001,0.0,0.17099999999999999,0.475,0.075,100.0,0.0,0.0,0.0,0.0,0.0,0
4.73333333333333,0.007689054370409334,0.01419999999999999,0.0,0.0,0.085,0.01,0.2,1.15,0.0,100.0,150.0,0.0,0.0,0.0,0.0,0
4.735600000000018,0.008272606517452196,0.01324000000000003,0.0,0.02,0.095,0.01,0.185,0.725,0.075,100.0,0.0,0.0,0.0,0.0,-150.0,0
4.736666666666649,0.007919057702081027,0.014209999999999945,0.0,0.01,0.085,0.0,0.17099999999999999,0.475,0.15,100.0,0.0,0.0,0.0,0.0,0.0,0
4.736666666666666,0.006825918747006924,0.01421,0.0,0.0,0.095,0.01,0.185,1.15,0.0,100.0,0.0,0.0,0.0,0.0,-600.0,0
4.736666666666666,0.006825918747006924,0.01421,0.0,0.0,0.095,0.01,0.185,1.15,0.0,100.0,0.0,0.0,0.0,0.0,-600.0,0
4.736666666666685,0.007492718000634815,0.014210000000000056,0.0,0.02,0.07500000000000001,0.0,0.185,1.275,0.0,0.0,0.0,0.0,0.0,0.0,-600.0,0
4.736666666666685,0.007492718000634815,0.014210000000000056,0.0,0.02,0.07500000000000001,0.0,0.185,1.275,0.0,0.0,0.0,0.0,0.0,0.0,-600.0,0
4.736666666666685,0.006537169231062893,0.014210000000000056,0.0,0.02,0.07500000000000001,0.0,0.185,1.15,0.0,0.0,150.0,0.0,0.0,0.0,-600.0,0
4.736666666666685,0.006537169231062893,0.014210000000000056,0.0,0.02,0.07500000000000001,0.0,0.185,1.15,0.0,0.0,150.0,0.0,0.0,0.0,-600.0,0
4.736666666666685,0.007705006025426056,0.014210000000000056,0.0,0.02,0.095,0.0,0.2,1.025,0.0,0.0,0.0,0.0,0.0,0.0,-150.0,0
4.736666666666685,0.007705006025426056,0.014210000000000056,0.0,0.02,0.095,0.0,0.2,1.025,0.0,0.0,0.0,0.0,0.0,0.0,-150.0,0
4.739599999999999,0.00789771974123612,0.013859999999999983,0.0,0.02,0.07500000000000001,0.0,0.2,0.975,0.0,0.0,0.0,0.0,0.0,0.0,-600.0,0
4.739599999999999,0.00789771974123612,0.013859999999999983,0.0,0.02,0.07500000000000001,0.0,0.2,0.975,0.0,0.0,0.0,0.0,0.0,0.0,-600.0,0
4.740000000000004,0.0067807503736407775,0.01422000000000001,0.01,0.01,0.045,0.0,0.156,0.35,0.0,100.0,0.0,0.0,0.0,1.0,-150.0,0
4.740000000000004,0.00703709168146424,0.01422000000000001,0.01,0.0,0.03,0.0,0.156,0.475,0.15,100.0,150.0,0.0,0.0,0.0,0.0,0
4.740000000000004,0.0067807503736407775,0.01422000000000001,0.01,0.01,0.045,0.0,0.156,0.35,0.0,100.0,0.0,0.0,0.0,1.0,-150.0,0
4.742399999999991,0.008600741660526205,0.014110000000000011,0.01,0.02,0.034999999999999996,0.0,0.185,1.15,0.0,100.0,0.0,0.0,0.0,0.0,0.0,0
4.742399999999991,0.008600741660526205,0.014110000000000011,0.01,0.02,0.034999999999999996,0.0,0.185,1.15,0.0,100.0,0.0,0.0,0.0,0.0,0.0,0
4.743333333333322,0.006827774329625721,0.014229999999999965,0.0,0.0,0.07500000000000001,0.0,0.156,0.725,0.075,100.0,0.0,0.0,0.0,0.0,-150.0,0
4.743333333333322,0.007643592722254592,0.014229999999999965,0.0,0.02,0.085,0.0,0.2,1.15,0.075,0.0,0.0,0.0,0.0,0.0,-150.0,0
4.743333333333322,0.006827774329625721,0.014229999999999965,0.0,0.0,0.07500000000000001,0.0,0.156,0.725,0.075,100.0,0.0,0.0,0.0,0.0,-150.0,0
4.749999999999995,0.006983825763598072,0.014249999999999985,0.0,0.0,0.085,0.0,0.156,0.85,0.0,0.0,150.0,0.0,0.0,0.0,-600.0,0
4.749999999999995,0.006983825763598072,0.014249999999999985,0.0,0.0,0.085,0.0,0.156,0.85,0.0,0.0,150.0,0.0,0.0,0.0,-600.0,0
4.7599999999999865,0.007110695236103183,0.01427999999999996,0.0,0.02,0.07500000000000001,0.0,0.2,1.025,0.0,0.0,150.0,0.0,0.0,0.0,-600.0,0
4.7599999999999865,0.007110695236103183,0.01427999999999996,0.0,0.02,0.07500000000000001,0.0,0.2,1.025,0.0,0.0,150.0,0.0,0.0,0.0,-600.0,0
4.760000000000024,0.00858265218872304,0.01428000000000007,0.01,0.0,0.045,0.0,0.2,1.15,0.0,0.0,150.0,0.0,0.0,0.0,-150.0,0
4.760000000000024,0.00858265218872304,0.01428000000000007,0.01,0.0,0.045,0.0,0.2,1.15,0.0,0.0,150.0,0.0,0.0,0.0,-150.0,0
4.763333333333323,0.008789436129893743,0.01428999999999997,0.0,0.02,0.095,0.01,0.185,0.85,0.075,0.0,0.0,0.0,0.0,0.0,-600.0,0
4.7666666666666595,0.007366324733140273,0.01429999999999998,0.0,0.01,0.085,0.0,0.156,0.35,0.15,100.0,0.0,0.0,0.0,0.0,-150.0,0
4.7666666666666595,0.006935639418838611,0.01429999999999998,0.01,0.0,0.01,0.0,0.156,0.35,0.3,100.0,0.0,0.0,0.0,0.0,-150.0,0
4.766666666666697,0.006575052068516536,0.01430000000000009,0.01,0.01,0.045,0.0,0.156,0.35,0.0,0.0,150.0,0.0,0.0,1.0,0.0,0
4.769999999999996,0.005627591755179369,0.01430999999999999,0.0,0.0,0.085,0.01,0.185,1.275,0.0,100.0,150.0,0.0,0.0,0.0,-150.0,0
4.769999999999996,0.005627591755179369,0.01430999999999999,0.0,0.0,0.085,0.01,0.185,1.275,0.0,100.0,150.0,0.0,0.0,0.0,-150.0,0
4.770000000000015,0.007162095963654248,0.014310000000000045,0.01,0.0,0.02,0.0,0.156,0.35,0.22499999999999998,100.0,0.0,0.0,0.0,0.0,-150.0,0
4.773333333333333,0.008831231410297314,0.01432,0.0,0.01,0.085,0.01,0.2,0.85,0.15,0.0,150.0,0.0,0.0,0.0,-600.0,0
4.773333333333333,0.006365379689585882,0.01432,0.0,0.0,0.07500000000000001,0.0,0.156,0.85,0.0,100.0,0.0,0.0,0.0,0.0,-600.0,0
4.773333333333333,0.006365379689585882,0.01432,0.0,0.0,0.07500000000000001,0.0,0.156,0.85,0.0,100.0,0.0,0.0,0.0,0.0,-600.0,0
4.77666666666667,0.00758038912809449,0.01433000000000001,0.0,0.02,0.095,0.01,0.185,0.85,0.075,100.0,0.0,0.0,0.0,0.0,0.0,0
4.779599999999995,0.008578217638405513,0.014160000000000061,0.01,0.0,0.045,0.0,0.2,1.15,0.0,0.0,150.0,0.0,0.0,0.0,0.0,0
4.779599999999995,0.008027352134813572,0.011948999999999987,0.01,0.0,0.045,0.0,0.185,1.15,0.0,0.0,150.0,0.0,0.0,0.0,-150.0,0
4.779599999999995,0.008027352134813572,0.011948999999999987,0.01,0.0,0.045,0.0,0.185,1.15,0.0,0.0,150.0,0.0,0.0,0.0,-150.0,0
4.786666666666643,0.007701535253393247,0.014359999999999928,0.0,0.02,0.085,0.0,0.2,1.025,0.0,100.0,0.0,0.0,0.0,0.0,0.0,0
4.786666666666643,0.007701535253393247,0.014359999999999928,0.0,0.02,0.085,0.0,0.2,1.025,0.0,100.0,0.0,0.0,0.0,0.0,0.0,0
4.786666666666661,0.00658693280501462,0.014359999999999984,0.0,0.02,0.085,0.0,0.185,1.025,0.075,0.0,150.0,0.0,0.0,0.0,0.0,0
4.7866666666666795,0.008126301518548908,0.01436000000000004,0.01,0.02,0.02,0.0,0.2,0.85,0.15,0.0,150.0,0.0,0.0,0.0,-600.0,0
4.787600000000003,0.007617969842321398,0.013060000000000072,0.0,0.02,0.07500000000000001,0.0,0.185,0.725,0.075,0.0,0.0,0.0,0.0,0.0,-600.0,0
4.793333333333316,0.007627464221118585,0.014379999999999948,0.0,0.01,0.085,0.0,0.2,1.15,0.0,0.0,150.0,0.0,0.0,0.0,-150.0,0
4.793333333333316,0.006858090928617454,0.014379999999999948,0.01,0.0,0.02,0.0,0.156,0.6,0.15,100.0,150.0,0.0,0.0,0.0,-150.0,0
4.793333333333316,0.006972941623797561,0.014379999999999948,0.01,0.02,0.02,0.0,0.2,1.15,0.0,100.0,150.0,0.0,0.0,0.0,-150.0,0
4.793333333333316,0.007811858085035886,0.014379999999999948,0.0,0.02,0.085,0.0,0.2,1.025,0.0,100.0,0.0,0.0,0.0,0.0,-600.0,0
4.793333333333316,0.007811858085035886,0.014379999999999948,0.0,0.02,0.085,0.0,0.2,1.025,0.0,100.0,0.0,0.0,0.0,0.0,-600.0,0
4.793333333333353,0.007113546862357961,0.01438000000000006,0.0,0.0,0.085,0.0,0.156,0.6,0.0,0.0,150.0,0.0,0.0,0.0,-600.0,0
4.796666666666634,0.00701515207195056,0.014389999999999903,0.0,0.02,0.07500000000000001,0.0,0.185,1.025,0.0,100.0,0.0,0.0,0.0,0.0,0.0,0
4.796666666666634,0.00701515207195056,0.014389999999999903,0.0,0.02,0.07500000000000001,0.0,0.185,1.025,0.0,100.0,0.0,0.0,0.0,0.0,0.0,0
4.796666666666671,0.006098624016029259,0.014390000000000014,0.0,0.02,0.085,0.0,0.185,1.275,0.0,0.0,150.0,0.0,0.0,0.0,-600.0,0
4.796666666666671,0.006098624016029259,0.014390000000000014,0.0,0.02,0.085,0.0,0.185,1.275,0.0,0.0,150.0,0.0,0.0,0.0,-600.0,0
4.796666666666671,0.008008266335712354,0.014390000000000014,0.0,0.01,0.085,0.0,0.17099999999999999,0.475,0.15,100.0,0.0,0.0,0.0,0.0,-150.0,0
4.799599999999993,0.007209758207277632,0.012689999999999979,0.0,0.0,0.07500000000000001,0.0,0.17099999999999999,0.725,0.0,0.0,150.0,0.0,0.0,0.0,-600.0,0
4.799599999999993,0.007209758207277632,0.012689999999999979,0.0,0.0,0.07500000000000001,0.0,0.17099999999999999,0.725,0.0,0.0,150.0,0.0,0.0,0.0,-600.0,0
4.799999999999989,0.007709717442101023,0.014399999999999968,0.0,0.0,0.085,0.01,0.2,1.15,0.0,100.0,150.0,0.0,0.0,0.0,-600.0,0
4.799999999999989,0.006745314099157732,0.014399999999999968,0.01,0.0,0.01,0.0,0.156,0.35,0.15,100.0,0.0,0.0,0.0,0.0,-600.0,0
4.802799999999996,0.006643657019488007,0.01200699999999999,0.0,0.0,0.085,0.01,0.185,1.025,0.0,100.0,0.0,0.0,0.0,0.0,-600.0,0
4.802799999999996,0.006643657019488007,0.01200699999999999,0.0,0.0,0.085,0.01,0.185,1.025,0.0,100.0,0.0,0.0,0.0,0.0,-600.0,0
4.803333333333308,0.007251149237138829,0.014409999999999923,0.0,0.02,0.07500000000000001,0.0,0.2,1.15,0.075,0.0,0.0,0.0,0.0,0.0,-150.0,0
4.803333333333326,0.007428995849597243,0.014409999999999978,0.0,0.02,0.07500000000000001,0.0,0.185,1.025,0.075,0.0,0.0,0.0,0.0,0.0,-150.0,0
4.803600000000019,0.008797383958798114,0.014070000000000027,0.0,0.02,0.095,0.01,0.185,0.725,0.075,0.0,150.0,0.0,0.0,0.0,-600.0,0
4.806666666666663,0.007566557174929783,0.014419999999999988,0.0,0.01,0.085,0.0,0.2,1.15,0.0,0.0,150.0,0.0,0.0,0.0,-600.0,0
4.806666666666663,0.006454516311453148,0.014419999999999988,0.01,0.02,0.01,0.0,0.185,1.275,0.0,100.0,150.0,0.0,0.0,0.0,-600.0,0
4.806666666666663,0.006454516311453148,0.014419999999999988,0.01,0.02,0.01,0.0,0.185,1.275,0.0,100.0,150.0,0.0,0.0,0.0,-600.0,0
4.806666666666663,0.006657694523659848,0.014419999999999988,0.0,0.02,0.095,0.0,0.185,1.275,0.0,0.0,0.0,0.0,0.0,0.0,0.0,0
4.806666666666663,0.006657694523659848,0.014419999999999988,0.0,0.02,0.095,0.0,0.185,1.275,0.0,0.0,0.0,0.0,0.0,0.0,0.0,0
4.8066666666666995,0.00860541092052616,0.0144200000000001,0.01,0.02,0.02,0.0,0.185,0.725,0.15,0.0,0.0,0.0,0.0,0.0,-600.0,0
4.809999999999981,0.007842643313841829,0.014429999999999943,0.0,0.02,0.095,0.01,0.2,0.975,0.075,100.0,0.0,0.0,0.0,0.0,-150.0,0
4.8103999999999925,0.008945962470216293,0.012679999999999914,0.01,0.02,0.045,0.0,0.185,1.025,0.0,100.0,0.0,0.0,0.0,0.0,0.0,0
4.8103999999999925,0.008945962470216293,0.012679999999999914,0.01,0.02,0.045,0.0,0.185,1.025,0.0,100.0,0.0,0.0,0.0,0.0,0.0,0
4.813333333333336,0.007700367961386034,0.014440000000000008,0.0,0.02,0.095,0.0,0.2,1.025,0.0,0.0,150.0,0.0,0.0,0.0,0.0,0
4.813333333333336,0.007700367961386034,0.014440000000000008,0.0,0.02,0.095,0.0,0.2,1.025,0.0,0.0,150.0,0.0,0.0,0.0,0.0,0
4.813333333333336,0.007177843795706032,0.014440000000000008,0.0,0.02,0.085,0.0,0.185,1.275,0.0,0.0,0.0,0.0,0.0,0.0,-150.0,0
4.813333333333336,0.007177843795706032,0.014440000000000008,0.0,0.02,0.085,0.0,0.185,1.275,0.0,0.0,0.0,0.0,0.0,0.0,-150.0,0
4.813333333333336,0.006718961896227933,0.014440000000000008,0.01,0.0,0.01,0.0,0.156,0.35,0.22499999999999998,100.0,0.0,0.0,0.0,0.0,-600.0,0
4.816666666666691,0.006946544203441759,0.014450000000000074,0.01,0.0,0.03,0.0,0.156,0.6,0.075,100.0,150.0,0.0,0.0,0.0,0.0,0
4.820000000000009,0.007814879260222247,0.014460000000000028,0.0,0.02,0.095,0.01,0.2,0.975,0.075,100.0,0.0,0.0,0.0,0.0,0.0,0
4.822399999999982,0.0075486605679663575,0.012959999999999972,0.01,0.02,0.034999999999999996,0.0,0.2,1.15,0.0,100.0,0.0,0.0,0.0,0.0,-150.0,0
4.822399999999982,0.0075486605679663575,0.012959999999999972,0.01,0.02,0.034999999999999996,0.0,0.2,1.15,0.0,100.0,0.0,0.0,0.0,0.0,-150.0,0
4.823333333333328,0.005441760955453319,0.014469999999999983,0.0,0.02,0.07500000000000001,0.0,0.185,1.275,0.0,100.0,0.0,0.0,0.0,0.0,-600.0,0
4.823333333333328,0.005441760955453319,0.014469999999999983,0.0,0.02,0.07500000000000001,0.0,0.185,1.275,0.0,100.0,0.0,0.0,0.0,0.0,-600.0,0
4.826666666666646,0.008503824198559122,0.014479999999999937,0.01,0.02,0.02,0.0,0.2,0.85,0.15,0.0,150.0,0.0,0.0,0.0,-150.0,0
4.826666666666646,0.006653361394953052,0.014479999999999937,0.0,0.0,0.095,0.01,0.185,1.025,0.0,100.0,150.0,0.0,0.0,0.0,-150.0,0
4.826666666666646,0.006653361394953052,0.014479999999999937,0.0,0.0,0.095,0.01,0.185,1.025,0.0,100.0,150.0,0.0,0.0,0.0,-150.0,0
4.826666666666683,0.006678253103807789,0.014480000000000048,0.0,0.0,0.07500000000000001,0.0,0.156,0.475,0.0,100.0,150.0,0.0,0.0,0.0,-150.0,0
4.826666666666683,0.006678253103807789,0.014480000000000048,0.0,0.0,0.07500000000000001,0.0,0.156,0.475,0.0,100.0,150.0,0.0,0.0,0.0,-150.0,0
4.830000000000001,0.007218373475349514,0.014490000000000003,0.0,0.0,0.07500000000000001,0.0,0.156,0.725,0.075,0.0,150.0,0.0,0.0,0.0,-600.0,0
4.830000000000001,0.0071483753709807776,0.014490000000000003,0.0,0.0,0.095,0.0,0.17099999999999999,0.975,0.0,0.0,150.0,0.0,0.0,0.0,-600.0,0
4.830000000000001,0.0071483753709807776,0.014490000000000003,0.0,0.0,0.095,0.0,0.17099999999999999,0.975,0.0,0.0,150.0,0.0,0.0,0.0,-600.0,0
4.836666666666674,0.007626421038196874,0.014510000000000023,0.0,0.0,0.085,0.0,0.156,0.85,0.0,0.0,150.0,0.0,0.0,0.0,-150.0,0
4.839999999999993,0.007902099116338924,0.014519999999999977,0.0,0.02,0.085,0.0,0.2,1.15,0.0,100.0,150.0,0.0,0.0,0.0,-150.0,0
4.839999999999993,0.006905951276763894,0.014519999999999977,0.01,0.01,0.045,0.0,0.17099999999999999,0.475,0.0,0.0,150.0,0.0,0.0,1.0,-150.0,0
4.839999999999993,0.006905951276763894,0.014519999999999977,0.01,0.01,0.045,0.0,0.17099999999999999,0.475,0.0,0.0,150.0,0.0,0.0,1.0,-150.0,0
4.843333333333348,0.008054176468925454,0.014530000000000043,0.0,0.02,0.085,0.01,0.2,0.85,0.15,100.0,150.0,0.0,0.0,0.0,0.0,0
4.843333333333348,0.007265543700182321,0.014530000000000043,0.01,0.0,0.02,0.0,0.156,0.35,0.22499999999999998,100.0,0.0,0.0,0.0,0.0,0.0,0
4.843333333333348,0.007871439893691632,0.014530000000000043,0.01,0.0,0.01,0.0,0.156,0.975,0.0,0.0,400.0,0.0,0.0,0.0,-600.0,0
4.843333333333348,0.007871439893691632,0.014530000000000043,0.01,0.0,0.01,0.0,0.156,0.975,0.0,0.0,400.0,0.0,0.0,0.0,-600.0,0
4.846666666666666,0.007690857877303978,0.014539999999999997,0.01,0.01,0.045,0.0,0.2,1.15,0.0,100.0,0.0,0.0,0.0,0.0,0.0,0
4.846666666666666,0.0072486532133498646,0.014539999999999997,0.01,0.02,0.02,0.0,0.2,1.15,0.0,0.0,400.0,0.0,0.0,0.0,-600.0,0
4.847599999999996,0.008610196371486271,0.013940000000000063,0.0,0.02,0.085,0.01,0.2,0.725,0.15,100.0,0.0,0.0,0.0,0.0,0.0,0
4.849999999999984,0.007101232605577601,0.014549999999999952,0.0,0.0,0.095,0.0,0.17099999999999999,0.85,0.0,100.0,0.0,0.0,0.0,0.0,-150.0,0
4.849999999999984,0.007101232605577601,0.014549999999999952,0.0,0.0,0.095,0.0,0.17099999999999999,0.85,0.0,100.0,0.0,0.0,0.0,0.0,-150.0,0
4.849999999999984,0.00725601008104978,0.014549999999999952,0.0,0.01,0.07500000000000001,0.0,0.185,1.025,0.075,0.0,0.0,0.0,0.0,0.0,-150.0,0
4.849999999999984,0.007788046686120009,0.014549999999999952,0.01,0.02,0.03,0.0,0.21500000000000002,1.275,0.0,100.0,0.0,0.0,0.0,0.0,-600.0,0
4.849999999999984,0.007788046686120009,0.014549999999999952,0.01,0.02,0.03,0.0,0.21500000000000002,1.275,0.0,100.0,0.0,0.0,0.0,0.0,-600.0,0
4.853333333333302,0.007930561238371185,0.014559999999999906,0.0,0.02,0.085,0.0,0.2,1.15,0.0,100.0,150.0,0.0,0.0,0.0,0.0,0
4.853333333333339,0.007705887989304255,0.014560000000000017,0.0,0.0,0.085,0.0,0.156,0.85,0.0,0.0,150.0,0.0,0.0,0.0,0.0,0
4.853333333333339,0.00528161697322437,0.014560000000000017,0.0,0.02,0.085,0.0,0.185,1.275,0.0,100.0,0.0,0.0,0.0,0.0,0.0,0
4.853333333333339,0.00528161697322437,0.014560000000000017,0.0,0.02,0.085,0.0,0.185,1.275,0.0,100.0,0.0,0.0,0.0,0.0,0.0,0
4.853333333333339,0.006760360613874777,0.014560000000000017,0.0,0.0,0.07500000000000001,0.0,0.156,0.475,0.0,100.0,150.0,0.0,0.0,0.0,0.0,0
4.853333333333339,0.006760360613874777,0.014560000000000017,0.0,0.0,0.07500000000000001,0.0,0.156,0.475,0.0,100.0,150.0,0.0,0.0,0.0,0.0,0
4.853333333333339,0.00852842463417135,0.014560000000000017,0.01,0.02,0.034999999999999996,0.0,0.185,1.15,0.0,100.0,0.0,0.0,0.0,0.0,-150.0,0
4.853333333333339,0.00852842463417135,0.014560000000000017,0.01,0.02,0.034999999999999996,0.0,0.185,1.15,0.0,100.0,0.0,0.0,0.0,0.0,-150.0,0
4.856666666666658,0.0076760549329283135,0.014569999999999972,0.0,0.02,0.095,0.0,0.2,1.025,0.0,0.0,150.0,0.0,0.0,0.0,-150.0,0
4.856666666666658,0.0076760549329283135,0.014569999999999972,0.0,0.02,0.095,0.0,0.2,1.025,0.0,0.0,150.0,0.0,0.0,0.0,-150.0,0
4.856666666666658,0.00634941788524597,0.014569999999999972,0.0,0.02,0.07500000000000001,0.0,0.2,1.275,0.0,100.0,0.0,0.0,0.0,0.0,-150.0,0
4.856666666666658,0.00634941788524597,0.014569999999999972,0.0,0.02,0.07500000000000001,0.0,0.2,1.275,0.0,100.0,0.0,0.0,0.0,0.0,-150.0,0
4.856666666666694,0.007479796694602912,0.014570000000000083,0.0,0.01,0.085,0.0,0.156,0.35,0.15,0.0,150.0,0.0,0.0,0.0,-600.0,0
4.8599999999999755,0.007195980930738714,0.014579999999999926,0.0,0.0,0.07500000000000001,0.0,0.17099999999999999,0.725,0.075,100.0,0.0,0.0,0.0,0.0,-600.0,0
4.8599999999999755,0.007195980930738714,0.014579999999999926,0.0,0.0,0.07500000000000001,0.0,0.17099999999999999,0.725,0.075,100.0,0.0,0.0,0.0,0.0,-600.0,0
4.860000000000013,0.006611249789395183,0.014580000000000037,0.0,0.0,0.095,0.01,0.185,1.025,0.0,100.0,150.0,0.0,0.0,0.0,0.0,0
4.860000000000013,0.006611249789395183,0.014580000000000037,0.0,0.0,0.095,0.01,0.185,1.025,0.0,100.0,150.0,0.0,0.0,0.0,0.0,0
4.863333333333331,0.008163601742332072,0.014589999999999992,0.0,0.02,0.07500000000000001,0.0,0.2,1.15,0.075,100.0,0.0,0.0,0.0,0.0,-150.0,0
4.866666666666686,0.0061107617940567415,0.014600000000000057,0.01,0.02,0.02,0.0,0.185,1.025,0.0,100.0,150.0,0.0,0.0,0.0,-600.0,0
4.866666666666686,0.0061107617940567415,0.014600000000000057,0.01,0.02,0.02,0.0,0.185,1.025,0.0,100.0,150.0,0.0,0.0,0.0,-600.0,0
4.866666666666686,0.006890603860007885,0.014600000000000057,0.01,0.0,0.01,0.0,0.156,0.85,0.0,0.0,400.0,0.0,0.0,0.0,-600.0,0
4.866666666666686,0.006890603860007885,0.014600000000000057,0.01,0.0,0.01,0.0,0.156,0.85,0.0,0.0,400.0,0.0,0.0,0.0,-600.0,0
4.873333333333322,0.007635766526318401,0.014619999999999966,0.0,0.0,0.095,0.0,0.156,0.475,0.0,100.0,0.0,0.0,0.0,0.0,0.0,0
4.873333333333322,0.007635766526318401,0.014619999999999966,0.0,0.0,0.095,0.0,0.156,0.475,0.0,100.0,0.0,0.0,0.0,0.0,0.0,0
4.873333333333322,0.007435792921428767,0.014619999999999966,0.0,0.01,0.07500000000000001,0.0,0.17099999999999999,0.475,0.15,100.0,0.0,0.0,0.0,0.0,-150.0,0
4.875600000000002,0.007452831482806436,0.014509999999999912,0.0,0.02,0.07500000000000001,0.0,0.2,1.275,0.0,0.0,0.0,0.0,0.0,0.0,-150.0,0
4.875600000000002,0.007452831482806436,0.014509999999999912,0.0,0.02,0.07500000000000001,0.0,0.2,1.275,0.0,0.0,0.0,0.0,0.0,0.0,-150.0,0
4.875600000000002,0.007494744632815107,0.012940000000000007,0.0,0.02,0.085,0.01,0.2,0.975,0.075,100.0,0.0,0.0,0.0,0.0,-150.0,0
4.87666666666664,0.007545954280274939,0.01462999999999992,0.01,0.0,0.03,0.0,0.17099999999999999,0.6,0.075,100.0,150.0,0.0,0.0,0.0,0.0,0
4.8799999999999955,0.006754846770200547,0.014639999999999986,0.0,0.02,0.085,0.0,0.185,0.975,0.075,0.0,0.0,0.0,0.0,0.0,-600.0,0
4.880000000000033,0.00664823513757181,0.014640000000000097,0.01,0.0,0.02,0.0,0.156,0.475,0.15,100.0,150.0,0.0,0.0,0.0,0.0,0
4.882399999999976,0.008826545278621487,0.013889999999999958,0.01,0.02,0.02,0.0,0.2,0.85,0.15,0.0,0.0,0.0,0.0,0.0,0.0,0
4.882399999999976,0.008826545278621487,0.013889999999999958,0.01,0.02,0.02,0.0,0.2,0.85,0.15,0.0,0.0,0.0,0.0,0.0,0.0,0
4.883333333333313,0.008091166106499278,0.01464999999999994,0.0,0.0,0.07500000000000001,0.01,0.2,1.15,0.0,100.0,150.0,0.0,0.0,0.0,-150.0,0
4.883333333333313,0.008091166106499278,0.01464999999999994,0.0,0.0,0.07500000000000001,0.01,0.2,1.15,0.0,100.0,150.0,0.0,0.0,0.0,-150.0,0
4.883333333333313,0.007186218554365774,0.01464999999999994,0.0,0.0,0.085,0.0,0.17099999999999999,0.725,0.075,0.0,150.0,0.0,0.0,0.0,-600.0,0
4.883333333333351,0.006973341624171823,0.014650000000000052,0.0,0.0,0.07500000000000001,0.0,0.156,0.6,0.075,100.0,0.0,0.0,0.0,0.0,-150.0,0
4.8866666666666685,0.006990468436590134,0.014660000000000006,0.01,0.0,0.02,0.0,0.156,0.35,0.15,100.0,150.0,0.0,0.0,0.0,-150.0,0
4.8866666666666685,0.007072511948329189,0.014660000000000006,0.01,0.01,0.045,0.0,0.156,0.35,0.0,0.0,0.0,0.0,0.0,1.0,-150.0,0
4.8866666666666685,0.006404781495101905,0.014660000000000006,0.0,0.02,0.07500000000000001,0.0,0.185,1.025,0.075,0.0,150.0,0.0,0.0,0.0,-600.0,0
4.889999999999987,0.0076824162913808475,0.01466999999999996,0.0,0.01,0.085,0.0,0.2,1.15,0.0,0.0,150.0,0.0,0.0,0.0,0.0,0
4.890399999999984,0.008843527329613977,0.013619999999999965,0.01,0.02,0.02,0.0,0.2,0.85,0.15,0.0,0.0,0.0,0.0,0.0,-150.0,0
4.893333333333305,0.008002123750512628,0.014679999999999915,-0.01,0.02,0.085,0.04,0.2,0.85,0.15,100.0,150.0,0.0,0.0,0.0,-150.0,0
4.893333333333342,0.00770308606266921,0.014680000000000026,0.0,0.02,0.07500000000000001,0.0,0.185,1.15,0.0,0.0,0.0,0.0,0.0,0.0,-600.0,0
4.893333333333342,0.00770308606266921,0.014680000000000026,0.0,0.02,0.07500000000000001,0.0,0.185,1.15,0.0,0.0,0.0,0.0,0.0,0.0,-600.0,0
4.893333333333342,0.007436343092716504,0.014680000000000026,0.01,0.02,0.03,0.0,0.2,1.025,0.075,100.0,0.0,0.0,0.0,0.0,-600.0,0
4.893333333333342,0.007699895771300324,0.014680000000000026,0.01,0.02,0.034999999999999996,0.0,0.2,1.025,0.075,100.0,0.0,0.0,0.0,0.0,0.0,0
4.89666666666666,0.007790768235784165,0.01468999999999998,0.0,0.0,0.095,0.0,0.17099999999999999,0.725,0.0,100.0,0.0,0.0,0.0,0.0,-150.0,0
4.89666666666666,0.007790768235784165,0.01468999999999998,0.0,0.0,0.095,0.0,0.17099999999999999,0.725,0.0,100.0,0.0,0.0,0.0,0.0,-150.0,0
4.89666666666666,0.007790768235784165,0.01468999999999998,0.0,0.0,0.095,0.0,0.17099999999999999,0.725,0.0,100.0,0.0,0.0,0.0,0.0,-150.0,0
4.89666666666666,0.007790768235784165,0.01468999999999998,0.0,0.0,0.095,0.0,0.17099999999999999,0.725,0.0,100.0,0.0,0.0,0.0,0.0,-150.0,0
4.89666666666666,0.006458032615221069,0.01468999999999998,0.0,0.0,0.085,0.0,0.156,0.6,0.075,100.0,0.0,0.0,0.0,0.0,0.0,0
4.896666666666698,0.0069200308337998475,0.014690000000000092,0.0,0.02,0.07500000000000001,0.0,0.185,1.025,0.0,0.0,150.0,0.0,0.0,0.0,-600.0,0
4.896666666666698,0.0069200308337998475,0.014690000000000092,0.0,0.02,0.07500000000000001,0.0,0.185,1.025,0.0,0.0,150.0,0.0,0.0,0.0,-600.0,0
4.899600000000026,0.008963316148076564,0.014009999999999967,0.0,0.02,0.085,0.01,0.21500000000000002,0.975,0.075,0.0,0.0,0.0,0.0,0.0,-600.0,0
4.899999999999997,0.007673379964140564,0.01469999999999999,0.0,0.02,0.095,0.01,0.185,0.85,0.075,100.0,0.0,0.0,0.0,0.0,-150.0,0
4.9000000000000155,0.007677270835491052,0.014700000000000046,0.0,0.02,0.095,0.0,0.2,1.15,0.0,0.0,150.0,0.0,0.0,0.0,-600.0,0
4.9000000000000155,0.007677270835491052,0.014700000000000046,0.0,0.02,0.095,0.0,0.2,1.15,0.0,0.0,150.0,0.0,0.0,0.0,-600.0,0
4.9023999999999734,0.007567556976501227,0.013149999999999995,0.01,0.02,0.034999999999999996,0.0,0.2,1.15,0.0,100.0,0.0,0.0,0.0,0.0,0.0,0
4.9023999999999734,0.007567556976501227,0.013149999999999995,0.01,0.02,0.034999999999999996,0.0,0.2,1.15,0.0,100.0,0.0,0.0,0.0,0.0,0.0,0
4.903333333333333,0.007635444351473227,0.01471,0.0,0.0,0.085,0.01,0.2,1.15,0.0,0.0,400.0,0.0,0.0,0.0,-150.0,0
4.903333333333333,0.007582227665427234,0.01471,0.0,0.02,0.07500000000000001,0.0,0.185,1.275,0.0,0.0,150.0,0.0,0.0,0.0,-150.0,0
4.903333333333333,0.007582227665427234,0.01471,0.0,0.02,0.07500000000000001,0.0,0.185,1.275,0.0,0.0,150.0,0.0,0.0,0.0,-150.0,0
4.903333333333333,0.007024203452929586,0.01471,0.01,0.0,0.01,0.0,0.156,0.35,0.375,100.0,0.0,0.0,0.0,0.0,-150.0,0
4.903333333333333,0.007452553631449392,0.01471,0.01,0.02,0.03,0.0,0.185,1.15,0.0,100.0,0.0,0.0,0.0,0.0,-600.0,0
4.903333333333333,0.007452553631449392,0.01471,0.01,0.02,0.03,0.0,0.185,1.15,0.0,100.0,0.0,0.0,0.0,0.0,-600.0,0
4.903333333333333,0.006526933492446106,0.01471,0.01,0.01,0.045,0.0,0.156,0.475,0.0,100.0,0.0,0.0,0.0,1.0,-150.0,0
4.903333333333333,0.006526933492446106,0.01471,0.01,0.01,0.045,0.0,0.156,0.475,0.0,100.0,0.0,0.0,0.0,1.0,-150.0,0
4.906666666666652,0.007147220392105813,0.014719999999999955,0.0,0.0,0.095,0.0,0.17099999999999999,0.85,0.0,100.0,0.0,0.0,0.0,0.0,0.0,0
4.906666666666652,0.007147220392105813,0.014719999999999955,0.0,0.0,0.095,0.0,0.17099999999999999,0.85,0.0,100.0,0.0,0.0,0.0,0.0,0.0,0
4.9066666666666885,0.008242429842206947,0.014720000000000066,0.0,0.02,0.095,0.01,0.2,0.975,0.075,0.0,0.0,0.0,0.0,0.0,-600.0,0
4.9066666666666885,0.007688601813844423,0.014720000000000066,0.01,0.02,0.034999999999999996,0.0,0.2,1.025,0.075,100.0,0.0,0.0,0.0,0.0,-150.0,0
4.9066666666666885,0.005869468907768334,0.014720000000000066,0.01,0.0,0.02,0.0,0.156,0.725,0.0,0.0,400.0,0.0,0.0,0.0,-600.0,0
4.9066666666666885,0.005869468907768334,0.014720000000000066,0.01,0.0,0.02,0.0,0.156,0.725,0.0,0.0,400.0,0.0,0.0,0.0,-600.0,0
4.9066666666666885,0.007488722637455646,0.014720000000000066,0.0,0.01,0.085,0.0,0.156,0.35,0.075,100.0,0.0,0.0,0.0,0.0,-150.0,0
4.90999999999997,0.008745679826613234,0.01472999999999991,0.0,0.02,0.085,0.0,0.2,1.15,0.0,100.0,150.0,0.0,0.0,0.0,-600.0,0
4.909999999999989,0.006479055949750695,0.014729999999999965,0.0,0.02,0.085,0.0,0.185,1.275,0.0,0.0,0.0,0.0,0.0,0.0,-600.0,0
4.909999999999989,0.006479055949750695,0.014729999999999965,0.0,0.02,0.085,0.0,0.185,1.275,0.0,0.0,0.0,0.0,0.0,0.0,-600.0,0
4.910000000000007,0.008101376110815305,0.01473000000000002,0.0,0.02,0.085,0.01,0.2,0.85,0.15,100.0,150.0,0.0,0.0,0.0,-150.0,0
4.910000000000007,0.008165493933938417,0.01473000000000002,0.0,0.01,0.095,0.0,0.2,1.15,0.0,0.0,0.0,0.0,0.0,0.0,-150.0,0
4.910000000000007,0.008165493933938417,0.01473000000000002,0.0,0.01,0.095,0.0,0.2,1.15,0.0,0.0,0.0,0.0,0.0,0.0,-150.0,0
4.913333333333325,0.007074807318407508,0.014739999999999975,0.01,0.02,0.02,0.0,0.2,1.15,0.0,0.0,400.0,0.0,0.0,0.0,-150.0,0
4.913333333333325,0.0070919300042502475,0.014739999999999975,0.01,0.0,0.01,0.0,0.156,0.35,0.3,100.0,0.0,0.0,0.0,0.0,0.0,0
4.913333333333362,0.0071334740951843785,0.014740000000000086,0.01,0.0,0.01,0.0,0.156,0.35,0.22499999999999998,100.0,0.0,0.0,0.0,0.0,-150.0,0
4.913333333333362,0.006941847715392759,0.014740000000000086,0.01,0.0,0.01,0.0,0.156,0.475,0.22499999999999998,100.0,0.0,0.0,0.0,0.0,-600.0,0
4.916666666666643,0.006573293221649078,0.01474999999999993,0.0,0.0,0.085,0.0,0.156,0.85,0.0,100.0,150.0,0.0,0.0,0.0,-150.0,0
4.91666666666668,0.00773153514055452,0.01475000000000004,0.01,0.01,0.045,0.0,0.2,1.15,0.0,100.0,0.0,0.0,0.0,0.0,-150.0,0
4.919999999999998,0.006578648183778029,0.014759999999999995,0.0,0.0,0.085,0.0,0.156,0.85,0.0,100.0,150.0,0.0,0.0,0.0,0.0,0
4.919999999999998,0.007601355878077608,0.014759999999999995,0.0,0.02,0.07500000000000001,0.0,0.185,1.275,0.0,0.0,150.0,0.0,0.0,0.0,0.0,0
4.919999999999998,0.007601355878077608,0.014759999999999995,0.0,0.02,0.07500000000000001,0.0,0.185,1.275,0.0,0.0,150.0,0.0,0.0,0.0,0.0,0
4.919999999999998,0.0077953489979602575,0.014759999999999995,0.0,0.0,0.095,0.0,0.17099999999999999,0.725,0.0,100.0,0.0,0.0,0.0,0.0,0.0,0
4.919999999999998,0.0077953489979602575,0.014759999999999995,0.0,0.0,0.095,0.0,0.17099999999999999,0.725,0.0,100.0,0.0,0.0,0.0,0.0,0.0,0
4.919999999999998,0.007254899856367832,0.014759999999999995,0.0,0.01,0.095,0.0,0.185,1.275,0.0,0.0,0.0,0.0,0.0,0.0,-600.0,0
4.919999999999998,0.007254899856367832,0.014759999999999995,0.0,0.01,0.095,0.0,0.185,1.275,0.0,0.0,0.0,0.0,0.0,0.0,-600.0,0
4.919999999999998,0.0077953489979602575,0.014759999999999995,0.0,0.0,0.095,0.0,0.17099999999999999,0.725,0.0,100.0,0.0,0.0,0.0,0.0,0.0,0
4.919999999999998,0.0077953489979602575,0.014759999999999995,0.0,0.0,0.095,0.0,0.17099999999999999,0.725,0.0,100.0,0.0,0.0,0.0,0.0,0.0,0
4.923333333333317,0.007259637379985909,0.01476999999999995,0.0,0.02,0.07500000000000001,0.0,0.2,1.15,0.075,0.0,150.0,0.0,0.0,0.0,0.0,0
4.923333333333353,0.0077001520956599505,0.01477000000000006,0.0,0.02,0.095,0.0,0.2,1.275,0.0,0.0,150.0,0.0,0.0,0.0,-600.0,0
4.923333333333353,0.0077001520956599505,0.01477000000000006,0.0,0.02,0.095,0.0,0.2,1.275,0.0,0.0,150.0,0.0,0.0,0.0,-600.0,0
4.923333333333353,0.005875064639518308,0.01477000000000006,0.0,0.0,0.07500000000000001,0.0,0.156,0.725,0.0,100.0,150.0,0.0,0.0,0.0,-150.0,0
4.923333333333353,0.005875064639518308,0.01477000000000006,0.0,0.0,0.07500000000000001,0.0,0.156,0.725,0.0,100.0,150.0,0.0,0.0,0.0,-150.0,0
4.923333333333353,0.007153131616706477,0.01477000000000006,0.01,0.0,0.03,0.0,0.156,0.475,0.075,100.0,150.0,0.0,0.0,0.0,0.0,0
4.923600000000006,0.008239937122198074,0.012750000000000039,0.0,0.02,0.095,0.01,0.185,0.725,0.075,100.0,0.0,0.0,0.0,0.0,0.0,0
4.926666666666635,0.007316231882804329,0.014779999999999904,0.0,0.0,0.07500000000000001,0.0,0.17099999999999999,0.725,0.075,100.0,0.0,0.0,0.0,0.0,-150.0,0
4.926666666666635,0.007316231882804329,0.014779999999999904,0.0,0.0,0.07500000000000001,0.0,0.17099999999999999,0.725,0.075,100.0,0.0,0.0,0.0,0.0,-150.0,0
4.926666666666672,0.007796670994250864,0.014780000000000015,0.0,0.01,0.085,0.0,0.156,0.85,0.0,100.0,150.0,0.0,0.0,0.0,-600.0,0
4.926666666666672,0.007091130615593486,0.014780000000000015,0.01,0.0,0.01,0.0,0.156,0.475,0.15,100.0,150.0,0.0,0.0,0.0,0.0,0
4.92999999999999,0.006869367219766293,0.01478999999999997,0.0,0.0,0.07500000000000001,0.01,0.185,1.025,0.075,100.0,150.0,0.0,0.0,0.0,0.0,0
4.930000000000027,0.006555462980513948,0.01479000000000008,0.01,0.01,0.045,0.0,0.156,0.475,0.0,100.0,0.0,0.0,0.0,1.0,0.0,0
4.930000000000027,0.006555462980513948,0.01479000000000008,0.01,0.01,0.045,0.0,0.156,0.475,0.0,100.0,0.0,0.0,0.0,1.0,0.0,0
4.933333333333308,0.008769182532955737,0.014799999999999924,-0.01,0.02,0.085,0.04,0.2,0.85,0.15,0.0,150.0,0.0,0.0,0.0,-600.0,0
4.933333333333308,0.0077251995587312924,0.014799999999999924,0.0,0.0,0.095,0.0,0.156,0.475,0.0,100.0,0.0,0.0,0.0,0.0,-150.0,0
4.933333333333308,0.0077251995587312924,0.014799999999999924,0.0,0.0,0.095,0.0,0.156,0.475,0.0,100.0,0.0,0.0,0.0,0.0,-150.0,0
4.933333333333308,0.008168528137059051,0.014799999999999924,0.0,0.0,0.07500000000000001,0.01,0.2,1.15,0.0,100.0,150.0,0.0,0.0,0.0,0.0,0
4.933333333333308,0.008168528137059051,0.014799999999999924,0.0,0.0,0.07500000000000001,0.01,0.2,1.15,0.0,100.0,150.0,0.0,0.0,0.0,0.0,0
4.933333333333345,0.008886375218193208,0.014800000000000035,0.0,0.02,0.085,0.01,0.21500000000000002,0.975,0.075,0.0,150.0,0.0,0.0,0.0,-600.0,0
4.936666666666663,0.008503417705056387,0.01480999999999999,0.01,0.02,0.02,0.0,0.2,0.85,0.15,0.0,150.0,0.0,0.0,0.0,0.0,0
4.936666666666663,0.006493158285343,0.01480999999999999,0.0,0.0,0.085,0.0,0.156,0.6,0.075,100.0,0.0,0.0,0.0,0.0,-150.0,0
4.9366666666667,0.007158241098875453,0.0148100000000001,0.01,0.01,0.045,0.0,0.156,0.35,0.0,0.0,0.0,0.0,0.0,1.0,0.0,0
4.9366666666667,0.007921989606994775,0.0148100000000001,0.01,0.02,0.03,0.0,0.185,1.025,0.0,100.0,0.0,0.0,0.0,0.0,-600.0,0
4.9366666666667,0.007921989606994775,0.0148100000000001,0.01,0.02,0.03,0.0,0.185,1.025,0.0,100.0,0.0,0.0,0.0,0.0,-600.0,0
4.943333333333337,0.007024707037518569,0.01483000000000001,0.01,0.0,0.02,0.0,0.156,0.35,0.15,100.0,150.0,0.0,0.0,0.0,0.0,0
4.943333333333337,0.007101331492259938,0.01483000000000001,0.01,0.0,0.01,0.0,0.156,0.35,0.375,100.0,0.0,0.0,0.0,0.0,0.0,0
4.943333333333337,0.00614451740563472,0.01483000000000001,0.0,0.0,0.07500000000000001,0.0,0.156,0.6,0.0,100.0,150.0,0.0,0.0,0.0,-150.0,0
4.943333333333337,0.00614451740563472,0.01483000000000001,0.0,0.0,0.07500000000000001,0.0,0.156,0.6,0.0,100.0,150.0,0.0,0.0,0.0,-150.0,0
4.943333333333337,0.00866805583311078,0.01483000000000001,0.01,0.0,0.02,0.0,0.17099999999999999,0.85,0.075,0.0,400.0,0.0,0.0,0.0,-600.0,0
4.946666666666655,0.007376910379063897,0.014839999999999964,0.0,0.01,0.085,0.0,0.185,1.025,0.075,0.0,0.0,0.0,0.0,0.0,-600.0,0
4.949999999999973,0.006608632687629104,0.014849999999999919,0.01,0.0,0.034999999999999996,0.0,0.156,0.35,0.0,0.0,0.0,0.0,0.0,1.0,-150.0,0
4.949999999999973,0.006608632687629104,0.014849999999999919,0.01,0.0,0.034999999999999996,0.0,0.156,0.35,0.0,0.0,0.0,0.0,0.0,1.0,-150.0,0
4.953333333333328,0.006658932074317184,0.014859999999999984,0.01,0.01,0.034999999999999996,0.0,0.17099999999999999,0.475,0.0,0.0,0.0,0.0,0.0,1.0,-600.0,0
4.953333333333328,0.006658932074317184,0.014859999999999984,0.01,0.01,0.034999999999999996,0.0,0.17099999999999999,0.475,0.0,0.0,0.0,0.0,0.0,1.0,-600.0,0
4.953333333333365,0.0071591997328482706,0.014860000000000095,0.01,0.0,0.02,0.0,0.156,0.35,0.075,100.0,0.0,0.0,0.0,0.0,-600.0,0
4.956666666666647,0.008234387836204752,0.014869999999999939,0.0,0.01,0.095,0.0,0.2,1.15,0.0,0.0,0.0,0.0,0.0,0.0,0.0,0
4.956666666666647,0.008234387836204752,0.014869999999999939,0.0,0.01,0.095,0.0,0.2,1.15,0.0,0.0,0.0,0.0,0.0,0.0,0.0,0
4.956666666666664,0.008149717927406822,0.014869999999999994,0.0,0.02,0.085,0.01,0.2,0.85,0.15,100.0,0.0,0.0,0.0,0.0,-600.0,0
4.956666666666664,0.006445261658912827,0.014869999999999994,0.0,0.0,0.07500000000000001,0.0,0.156,0.725,0.075,100.0,0.0,0.0,0.0,0.0,-600.0,0
4.956666666666664,0.006445261658912827,0.014869999999999994,0.0,0.0,0.07500000000000001,0.0,0.156,0.725,0.075,100.0,0.0,0.0,0.0,0.0,-600.0,0
4.956666666666683,0.008073167862328468,0.01487000000000005,0.0,0.02,0.095,0.01,0.2,0.975,0.075,0.0,150.0,0.0,0.0,0.0,-600.0,0
4.960000000000002,0.008620894518337188,0.014880000000000004,0.01,0.02,0.045,0.0,0.2,1.15,0.0,0.0,0.0,0.0,0.0,0.0,-600.0,0
4.960000000000002,0.005282861885730474,0.014880000000000004,0.0,0.02,0.085,0.0,0.185,1.275,0.0,100.0,0.0,0.0,0.0,0.0,-150.0,0
4.960000000000002,0.005282861885730474,0.014880000000000004,0.0,0.02,0.085,0.0,0.185,1.275,0.0,100.0,0.0,0.0,0.0,0.0,-150.0,0
4.960000000000002,0.007264567999697027,0.014880000000000004,0.01,0.0,0.01,0.0,0.156,0.35,0.22499999999999998,100.0,0.0,0.0,0.0,0.0,0.0,0
4.96333333333332,0.006637378280951315,0.014889999999999959,0.0,0.02,0.07500000000000001,0.0,0.2,1.275,0.0,0.0,150.0,0.0,0.0,0.0,-150.0,0
4.96333333333332,0.006637378280951315,0.014889999999999959,0.0,0.02,0.07500000000000001,0.0,0.2,1.275,0.0,0.0,150.0,0.0,0.0,0.0,-150.0,0
4.963333333333338,0.008179838588464525,0.014890000000000014,0.0,0.02,0.085,0.0,0.2,1.15,0.075,0.0,0.0,0.0,0.0,0.0,-600.0,0
4.963333333333357,0.008229958917137898,0.01489000000000007,0.0,0.02,0.085,0.0,0.2,0.85,0.0,0.0,150.0,0.0,0.0,0.0,-600.0,0
4.963333333333357,0.005980239875035361,0.01489000000000007,0.0,0.0,0.07500000000000001,0.0,0.156,0.725,0.0,100.0,150.0,0.0,0.0,0.0,0.0,0
4.963333333333357,0.005980239875035361,0.01489000000000007,0.0,0.0,0.07500000000000001,0.0,0.156,0.725,0.0,100.0,150.0,0.0,0.0,0.0,0.0,0
4.9666666666666375,0.007071958401293755,0.014899999999999913,0.01,0.02,0.02,0.0,0.2,1.15,0.0,100.0,150.0,0.0,0.0,0.0,0.0,0
4.9666666666666375,0.007520464923571316,0.014899999999999913,0.0,0.01,0.07500000000000001,0.0,0.17099999999999999,0.475,0.15,100.0,0.0,0.0,0.0,0.0,0.0,0
4.966666666666675,0.006840959706335337,0.014900000000000024,0.01,0.01,0.034999999999999996,0.0,0.156,0.35,0.075,100.0,0.0,0.0,0.0,1.0,0.0,0
4.969999999999993,0.00798565529211249,0.014909999999999979,0.01,0.0,0.01,0.0,0.156,0.725,0.075,0.0,400.0,0.0,0.0,0.0,-600.0,0
4.969999999999993,0.006742471472357546,0.014909999999999979,0.01,0.0,0.034999999999999996,0.0,0.156,0.35,0.0,0.0,0.0,0.0,0.0,1.0,0.0,0
4.969999999999993,0.006742471472357546,0.014909999999999979,0.01,0.0,0.034999999999999996,0.0,0.156,0.35,0.0,0.0,0.0,0.0,0.0,1.0,0.0,0
4.97000000000003,0.006356015937093971,0.01491000000000009,0.01,0.02,0.01,0.0,0.185,1.15,0.0,100.0,150.0,0.0,0.0,0.0,-600.0,0
4.97000000000003,0.006356015937093971,0.01491000000000009,0.01,0.02,0.01,0.0,0.185,1.15,0.0,100.0,150.0,0.0,0.0,0.0,-600.0,0
4.971600000000009,0.0073864341670188466,0.012429000000000023,0.0,0.02,0.085,0.0,0.185,0.85,0.0,0.0,0.0,0.0,0.0,0.0,-600.0,0
4.971600000000009,0.0073864341670188466,0.012429000000000023,0.0,0.02,0.085,0.0,0.185,0.85,0.0,0.0,0.0,0.0,0.0,0.0,-600.0,0
4.973333333333311,0.007609016391390173,0.014919999999999933,0.01,0.0,0.03,0.0,0.156,0.35,0.3,100.0,0.0,0.0,0.0,0.0,0.0,0
4.973333333333348,0.008821825212169747,0.014920000000000044,0.0,0.02,0.085,0.01,0.2,0.725,0.22499999999999998,100.0,0.0,0.0,0.0,0.0,0.0,0
4.976666666666667,0.006444544296161283,0.014929999999999999,0.01,0.01,0.034999999999999996,0.0,0.156,0.35,0.075,0.0,150.0,0.0,0.0,1.0,-150.0,0
4.979600000000017,0.009055659294565976,0.013909999999999978,0.0,0.01,0.07500000000000001,0.01,0.2,0.725,0.22499999999999998,0.0,0.0,0.0,0.0,0.0,-600.0,0
4.979999999999984,0.007184524268381502,0.014939999999999953,0.01,0.0,0.02,0.0,0.156,0.35,0.3,0.0,150.0,0.0,0.0,0.0,-600.0,0
4.980000000000022,0.008872303392100682,0.014940000000000064,0.0,0.02,0.07500000000000001,0.0,0.185,1.275,0.0,0.0,0.0,0.0,0.0,0.0,-150.0,0
4.980000000000022,0.008872303392100682,0.014940000000000064,0.0,0.02,0.07500000000000001,0.0,0.185,1.275,0.0,0.0,0.0,0.0,0.0,0.0,-150.0,0
4.980000000000022,0.007451239126381497,0.014940000000000064,0.0,0.01,0.085,0.0,0.156,0.35,0.075,100.0,0.0,0.0,0.0,0.0,0.0,0
4.98333333333334,0.006777985175333228,0.014950000000000019,0.0,0.01,0.085,0.0,0.156,0.6,0.0,100.0,150.0,0.0,0.0,0.0,-600.0,0
4.986666666666695,0.007883389903485076,0.014960000000000084,0.01,0.0,0.02,0.0,0.156,0.35,0.3,0.0,0.0,0.0,0.0,0.0,-600.0,0
4.987600000000025,0.00853165873759697,0.01368999999999998,0.0,0.02,0.085,0.01,0.185,0.725,0.15,0.0,150.0,0.0,0.0,0.0,-600.0,0
4.989999999999976,0.007244329128257366,0.014969999999999928,0.0,0.02,0.07500000000000001,0.0,0.2,1.15,0.075,0.0,0.0,0.0,0.0,0.0,0.0,0
4.989999999999994,0.007812214467671029,0.014969999999999983,0.01,0.02,0.01,0.0,0.185,0.725,0.22499999999999998,0.0,0.0,0.0,0.0,0.0,-600.0,0
4.993333333333331,0.00724558583885031,0.014979999999999993,0.0,0.0,0.085,0.0,0.156,0.35,0.15,0.0,150.0,0.0,0.0,0.0,0.0,0
4.993333333333331,0.00878433863527921,0.014979999999999993,0.0,0.02,0.07500000000000001,0.0,0.2,1.15,0.075,100.0,0.0,0.0,0.0,0.0,-600.0,0
4.993333333333331,0.007093156853485492,0.014979999999999993,0.0,0.0,0.095,0.0,0.17099999999999999,0.975,0.0,100.0,0.0,0.0,0.0,0.0,0.0,0
4.993333333333331,0.007093156853485492,0.014979999999999993,0.0,0.0,0.095,0.0,0.17099999999999999,0.975,0.0,100.0,0.0,0.0,0.0,0.0,0.0,0
4.993333333333331,0.007807385397221053,0.014979999999999993,0.0,0.01,0.095,0.0,0.2,1.275,0.0,0.0,0.0,0.0,0.0,0.0,-150.0,0
4.993333333333331,0.007807385397221053,0.014979999999999993,0.0,0.01,0.095,0.0,0.2,1.275,0.0,0.0,0.0,0.0,0.0,0.0,-150.0,0
4.993333333333331,0.007810161951182803,0.014979999999999993,0.0,0.01,0.095,0.0,0.2,1.275,0.0,0.0,0.0,0.0,0.0,0.0,0.0,0
4.993333333333331,0.007810161951182803,0.014979999999999993,0.0,0.01,0.095,0.0,0.2,1.275,0.0,0.0,0.0,0.0,0.0,0.0,0.0,0
4.994399999999999,0.008715059554417101,0.013839999999999963,0.01,0.02,0.02,0.0,0.2,0.85,0.075,0.0,0.0,0.0,0.0,0.0,-600.0,0
4.996666666666649,0.008069733122394228,0.014989999999999948,0.01,0.0,0.03,0.0,0.156,0.475,0.22499999999999998,100.0,0.0,0.0,0.0,0.0,0.0,0
4.999999999999967,0.007507801626259119,0.014999999999999902,0.0,0.0,0.085,0.0,0.17099999999999999,0.725,0.0,100.0,150.0,0.0,0.0,0.0,-150.0,0
4.999999999999967,0.007507801626259119,0.014999999999999902,0.0,0.0,0.085,0.0,0.17099999999999999,0.725,0.0,100.0,150.0,0.0,0.0,0.0,-150.0,0
5.000000000000004,0.008722921533183346,0.015000000000000013,0.01,0.02,0.0,0.01,0.2,0.6,0.3,0.0,150.0,0.0,0.0,0.0,-600.0,0
5.000000000000004,0.008877990559263403,0.015000000000000013,0.0,0.0,0.095,0.01,0.2,1.025,0.0,100.0,0.0,0.0,0.0,0.0,-600.0,0
5.000000000000004,0.008877990559263403,0.015000000000000013,0.0,0.0,0.095,0.01,0.2,1.025,0.0,100.0,0.0,0.0,0.0,0.0,-600.0,0
5.000000000000004,0.006875750631075919,0.015000000000000013,0.0,0.0,0.095,0.0,0.156,0.6,0.0,100.0,0.0,0.0,0.0,0.0,0.0,0
5.000000000000004,0.006875750631075919,0.015000000000000013,0.0,0.0,0.095,0.0,0.156,0.6,0.0,100.0,0.0,0.0,0.0,0.0,0.0,0
5.000000000000004,0.00865892051693041,0.015000000000000013,0.01,0.02,0.045,0.0,0.185,1.15,0.0,100.0,0.0,0.0,0.0,0.0,0.0,0
5.000000000000004,0.00865892051693041,0.015000000000000013,0.01,0.02,0.045,0.0,0.185,1.15,0.0,100.0,0.0,0.0,0.0,0.0,0.0,0
5.000000000000004,0.007774954905192549,0.015000000000000013,0.01,0.0,0.03,0.0,0.156,0.35,0.075,100.0,0.0,0.0,0.0,0.0,-600.0,0
5.000000000000004,0.008385611579101155,0.015000000000000013,0.01,0.0,0.045,0.0,0.185,1.025,0.075,0.0,150.0,0.0,0.0,0.0,-150.0,0
5.003333333333322,0.007278149495172102,0.015009999999999968,0.0,0.0,0.085,0.0,0.156,0.35,0.15,0.0,150.0,0.0,0.0,0.0,-150.0,0
5.003333333333322,0.00767790268912699,0.015009999999999968,0.0,0.0,0.085,0.01,0.2,1.15,0.0,0.0,400.0,0.0,0.0,0.0,0.0,0
5.006666666666659,0.007789560872898569,0.015019999999999978,0.01,0.02,0.02,0.0,0.2,0.975,0.15,0.0,0.0,0.0,0.0,0.0,-600.0,0
5.0066666666666775,0.006737182128830789,0.015020000000000033,0.0,0.0,0.095,0.01,0.185,1.15,0.0,100.0,150.0,0.0,0.0,0.0,-150.0,0
5.0066666666666775,0.006737182128830789,0.015020000000000033,0.0,0.0,0.095,0.01,0.185,1.15,0.0,100.0,150.0,0.0,0.0,0.0,-150.0,0
5.009999999999996,0.0078030422414736384,0.015029999999999988,0.0,0.0,0.07500000000000001,0.0,0.17099999999999999,0.725,0.0,100.0,0.0,0.0,0.0,0.0,-150.0,0
5.009999999999996,0.0078030422414736384,0.015029999999999988,0.0,0.0,0.07500000000000001,0.0,0.17099999999999999,0.725,0.0,100.0,0.0,0.0,0.0,0.0,-150.0,0
5.009999999999996,0.0077037274335460685,0.015029999999999988,0.0,0.02,0.07500000000000001,0.0,0.2,1.025,0.075,0.0,0.0,0.0,0.0,0.0,-150.0,0
5.009999999999996,0.0078030422414736384,0.015029999999999988,0.0,0.0,0.07500000000000001,0.0,0.17099999999999999,0.725,0.0,100.0,0.0,0.0,0.0,0.0,-150.0,0
5.009999999999996,0.0078030422414736384,0.015029999999999988,0.0,0.0,0.07500000000000001,0.0,0.17099999999999999,0.725,0.0,100.0,0.0,0.0,0.0,0.0,-150.0,0
5.010000000000033,0.007573025282271672,0.015030000000000099,0.0,0.0,0.07500000000000001,0.0,0.156,0.975,0.0,100.0,0.0,0.0,0.0,0.0,0.0,0
5.010000000000033,0.007573025282271672,0.015030000000000099,0.0,0.0,0.07500000000000001,0.0,0.156,0.975,0.0,100.0,0.0,0.0,0.0,0.0,0.0,0
5.010000000000033,0.007049434130166436,0.015030000000000099,0.0,0.0,0.07500000000000001,0.0,0.156,0.475,0.075,100.0,0.0,0.0,0.0,0.0,-150.0,0
5.013333333333333,0.006815557209361081,0.015039999999999998,0.0,0.0,0.07500000000000001,0.01,0.185,1.275,0.0,100.0,0.0,0.0,0.0,0.0,-600.0,0
5.013333333333333,0.006815557209361081,0.015039999999999998,0.0,0.0,0.07500000000000001,0.01,0.185,1.275,0.0,100.0,0.0,0.0,0.0,0.0,-600.0,0
5.013333333333333,0.006321011352506683,0.015039999999999998,0.0,0.02,0.07500000000000001,0.0,0.185,1.025,0.075,100.0,0.0,0.0,0.0,0.0,0.0,0
5.013333333333333,0.007020499196137184,0.015039999999999998,0.01,0.0,0.03,0.0,0.156,0.725,0.075,100.0,150.0,0.0,0.0,0.0,0.0,0
5.016666666666669,0.007155093917130856,0.015050000000000008,0.0,0.0,0.095,0.0,0.17099999999999999,0.975,0.0,100.0,0.0,0.0,0.0,0.0,-150.0,0
5.016666666666669,0.007155093917130856,0.015050000000000008,0.0,0.0,0.095,0.0,0.17099999999999999,0.975,0.0,100.0,0.0,0.0,0.0,0.0,-150.0,0
5.016666666666669,0.006257460797290674,0.015050000000000008,0.01,0.01,0.034999999999999996,0.0,0.156,0.35,0.075,0.0,0.0,0.0,0.0,1.0,-600.0,0
5.019999999999987,0.007408999187674592,0.015059999999999962,0.0,0.0,0.07500000000000001,0.0,0.156,0.975,0.0,100.0,0.0,0.0,0.0,0.0,-150.0,0
5.019999999999987,0.007408999187674592,0.015059999999999962,0.0,0.0,0.07500000000000001,0.0,0.156,0.975,0.0,100.0,0.0,0.0,0.0,0.0,-150.0,0
5.019999999999987,0.006761643515968357,0.015059999999999962,0.0,0.02,0.095,0.0,0.185,1.275,0.0,0.0,0.0,0.0,0.0,0.0,-150.0,0
5.019999999999987,0.006761643515968357,0.015059999999999962,0.0,0.02,0.095,0.0,0.185,1.275,0.0,0.0,0.0,0.0,0.0,0.0,-150.0,0
5.019999999999987,0.008457257724713247,0.015059999999999962,0.0,0.02,0.085,0.01,0.2,0.725,0.15,0.0,150.0,0.0,0.0,0.0,-600.0,0
5.020000000000024,0.006822065566424332,0.015060000000000073,0.01,0.0,0.02,0.0,0.156,0.725,0.075,100.0,150.0,0.0,0.0,0.0,0.0,0
5.023333333333306,0.0070533779194137955,0.015069999999999917,0.0,0.0,0.085,0.0,0.156,0.6,0.0,100.0,150.0,0.0,0.0,0.0,-600.0,0
5.023333333333306,0.008399544039653211,0.015069999999999917,-0.01,0.01,0.085,0.04,0.2,0.85,0.15,100.0,150.0,0.0,0.0,0.0,-150.0,0
5.023333333333306,0.007421045503860631,0.015069999999999917,0.01,0.0,0.01,0.0,0.156,0.475,0.3,100.0,0.0,0.0,0.0,0.0,-150.0,0
5.023333333333324,0.006761441940230724,0.015069999999999972,0.0,0.02,0.085,0.0,0.185,1.025,0.075,0.0,0.0,0.0,0.0,0.0,0.0,0
5.023333333333342,0.00757570850371985,0.015070000000000028,0.01,0.0,0.02,0.0,0.156,0.35,0.15,100.0,0.0,0.0,0.0,0.0,-150.0,0
5.023333333333342,0.008491848295953083,0.015070000000000028,0.02,0.02,0.0,0.01,0.2,0.85,0.0,0.0,0.0,0.0,0.0,1.0,-150.0,0
5.023333333333342,0.0062198732927430025,0.015070000000000028,0.01,0.01,0.034999999999999996,0.0,0.156,0.35,0.0,0.0,0.0,0.0,0.0,1.0,-600.0,0
5.023333333333342,0.0062198732927430025,0.015070000000000028,0.01,0.01,0.034999999999999996,0.0,0.156,0.35,0.0,0.0,0.0,0.0,0.0,1.0,-600.0,0
5.023333333333342,0.008848577123532968,0.015070000000000028,0.0,0.02,0.085,0.01,0.2,0.725,0.22499999999999998,100.0,0.0,0.0,0.0,0.0,-150.0,0
5.026666666666661,0.009132483703384986,0.015079999999999982,0.0,0.01,0.085,0.01,0.2,0.85,0.15,100.0,0.0,0.0,0.0,0.0,-150.0,0
5.026666666666661,0.006994688572211213,0.015079999999999982,0.0,0.0,0.07500000000000001,0.0,0.17099999999999999,0.85,0.075,100.0,0.0,0.0,0.0,0.0,-150.0,0
5.0266666666666975,0.007874738989207711,0.015080000000000093,0.0,0.02,0.07500000000000001,0.0,0.185,1.15,0.0,0.0,150.0,0.0,0.0,0.0,0.0,0
5.0266666666666975,0.007874738989207711,0.015080000000000093,0.0,0.02,0.07500000000000001,0.0,0.185,1.15,0.0,0.0,150.0,0.0,0.0,0.0,0.0,0
5.029999999999979,0.008520838860633883,0.015089999999999937,0.02,0.02,0.0,0.01,0.2,0.85,0.0,0.0,0.0,0.0,0.0,1.0,0.0,0
5.030000000000016,0.008321735088843474,0.015090000000000048,0.0,0.02,0.095,0.01,0.2,0.85,0.075,100.0,0.0,0.0,0.0,0.0,0.0,0
5.033333333333334,0.008203002751928588,0.015100000000000002,0.01,0.01,0.045,0.0,0.2,1.15,0.0,0.0,0.0,0.0,0.0,0.0,-600.0,0
5.033333333333334,0.007010230201746704,0.015100000000000002,0.0,0.01,0.085,0.0,0.156,0.85,0.0,100.0,150.0,0.0,0.0,0.0,-150.0,0
5.033333333333334,0.006720741532058856,0.015100000000000002,0.0,0.0,0.095,0.01,0.185,1.15,0.0,100.0,150.0,0.0,0.0,0.0,0.0,0
5.033333333333334,0.006720741532058856,0.015100000000000002,0.0,0.0,0.095,0.01,0.185,1.15,0.0,100.0,150.0,0.0,0.0,0.0,0.0,0
5.036666666666652,0.009184934851278042,0.015109999999999957,0.0,0.01,0.085,0.01,0.2,0.85,0.15,100.0,0.0,0.0,0.0,0.0,0.0,0
5.036666666666652,0.00830626163182307,0.015109999999999957,0.0,0.02,0.07500000000000001,0.0,0.2,1.15,0.075,100.0,0.0,0.0,0.0,0.0,0.0,0
5.036666666666652,0.007490132674491242,0.015109999999999957,0.01,0.02,0.02,0.0,0.2,1.025,0.0,100.0,150.0,0.0,0.0,0.0,-600.0,0
5.036666666666652,0.007490132674491242,0.015109999999999957,0.01,0.02,0.02,0.0,0.2,1.025,0.0,100.0,150.0,0.0,0.0,0.0,-600.0,0
5.036666666666689,0.008322295894941656,0.015110000000000068,0.0,0.02,0.095,0.01,0.2,0.85,0.075,100.0,0.0,0.0,0.0,0.0,-150.0,0
5.040000000000007,0.007050717961865831,0.015120000000000022,0.01,0.0,0.01,0.0,0.156,0.35,0.075,100.0,0.0,0.0,0.0,0.0,-600.0,0
5.043333333333326,0.00694390994031887,0.015129999999999977,0.0,0.0,0.095,0.0,0.156,0.6,0.0,100.0,0.0,0.0,0.0,0.0,-150.0,0
5.043333333333326,0.00694390994031887,0.015129999999999977,0.0,0.0,0.095,0.0,0.156,0.6,0.0,100.0,0.0,0.0,0.0,0.0,-150.0,0
5.043333333333326,0.007852231723340635,0.015129999999999977,0.0,0.0,0.085,0.0,0.17099999999999999,0.6,0.0,100.0,0.0,0.0,0.0,0.0,-150.0,0
5.043333333333326,0.007852231723340635,0.015129999999999977,0.0,0.0,0.085,0.0,0.17099999999999999,0.6,0.0,100.0,0.0,0.0,0.0,0.0,-150.0,0
5.043333333333362,0.00780386115733506,0.015130000000000088,0.0,0.01,0.085,0.0,0.156,0.35,0.15,0.0,0.0,0.0,0.0,0.0,-600.0,0
5.0435999999999925,0.007549603281213086,0.012608999999999981,0.0,0.02,0.085,0.01,0.2,0.975,0.075,100.0,0.0,0.0,0.0,0.0,0.0,0
5.046666666666644,0.006828490159021372,0.015139999999999931,0.01,0.01,0.034999999999999996,0.0,0.156,0.35,0.075,100.0,0.0,0.0,0.0,1.0,-150.0,0
5.049999999999999,0.008054652076537753,0.015149999999999997,0.0,0.02,0.085,0.0,0.21500000000000002,1.275,0.0,0.0,0.0,0.0,0.0,0.0,-600.0,0
5.049999999999999,0.008054652076537753,0.015149999999999997,0.0,0.02,0.085,0.0,0.21500000000000002,1.275,0.0,0.0,0.0,0.0,0.0,0.0,-600.0,0
5.049999999999999,0.008045611506810315,0.015149999999999997,0.0,0.02,0.095,0.0,0.2,1.15,0.0,100.0,0.0,0.0,0.0,0.0,-150.0,0
5.049999999999999,0.008045611506810315,0.015149999999999997,0.0,0.02,0.095,0.0,0.2,1.15,0.0,100.0,0.0,0.0,0.0,0.0,-150.0,0
5.049999999999999,0.006337513071065466,0.015149999999999997,0.0,0.0,0.07500000000000001,0.0,0.156,0.725,0.0,100.0,0.0,0.0,0.0,0.0,-600.0,0
5.049999999999999,0.006337513071065466,0.015149999999999997,0.0,0.0,0.07500000000000001,0.0,0.156,0.725,0.0,100.0,0.0,0.0,0.0,0.0,-600.0,0
5.049999999999999,0.006337513071065466,0.015149999999999997,0.0,0.0,0.07500000000000001,0.0,0.156,0.725,0.0,100.0,0.0,0.0,0.0,0.0,-600.0,0
5.049999999999999,0.006337513071065466,0.015149999999999997,0.0,0.0,0.07500000000000001,0.0,0.156,0.725,0.0,100.0,0.0,0.0,0.0,0.0,-600.0,0
5.053333333333317,0.0076122706059215655,0.015159999999999951,0.0,0.02,0.07500000000000001,0.0,0.2,1.025,0.075,0.0,150.0,0.0,0.0,0.0,-150.0,0
5.053333333333317,0.007595796210672972,0.015159999999999951,0.0,0.0,0.085,0.0,0.17099999999999999,0.85,0.075,100.0,0.0,0.0,0.0,0.0,0.0,0
5.053333333333317,0.0075218295203582815,0.015159999999999951,0.0,0.0,0.085,0.0,0.17099999999999999,0.85,0.075,100.0,0.0,0.0,0.0,0.0,-150.0,0
5.053333333333317,0.006767137482252274,0.015159999999999951,0.0,0.0,0.07500000000000001,0.0,0.156,0.725,0.075,100.0,150.0,0.0,0.0,0.0,0.0,0
5.0533333333333355,0.007386056638468631,0.015160000000000007,0.0,0.02,0.07500000000000001,0.0,0.2,1.275,0.075,0.0,150.0,0.0,0.0,0.0,0.0,0
5.053333333333354,0.00852168663100427,0.015160000000000062,0.0,0.02,0.095,0.0,0.2,1.025,0.0,100.0,0.0,0.0,0.0,0.0,-150.0,0
5.053333333333354,0.00852168663100427,0.015160000000000062,0.0,0.02,0.095,0.0,0.2,1.025,0.0,100.0,0.0,0.0,0.0,0.0,-150.0,0
5.056666666666672,0.007971350185368703,0.015170000000000017,0.02,0.02,0.0,0.01,0.2,1.15,0.0,0.0,0.0,0.0,0.0,1.0,-150.0,0
5.059999999999991,0.007909783164139426,0.015179999999999971,0.02,0.02,0.0,0.01,0.2,1.15,0.0,0.0,0.0,0.0,0.0,1.0,0.0,0
5.059999999999991,0.008104009117577393,0.015179999999999971,0.0,0.02,0.095,0.0,0.2,1.15,0.0,100.0,0.0,0.0,0.0,0.0,0.0,0
5.059999999999991,0.008104009117577393,0.015179999999999971,0.0,0.02,0.095,0.0,0.2,1.15,0.0,100.0,0.0,0.0,0.0,0.0,0.0,0
5.060000000000027,0.00785334635445061,0.015180000000000082,0.0,0.02,0.07500000000000001,0.0,0.185,1.15,0.0,0.0,150.0,0.0,0.0,0.0,-150.0,0
5.060000000000027,0.00785334635445061,0.015180000000000082,0.0,0.02,0.07500000000000001,0.0,0.185,1.15,0.0,0.0,150.0,0.0,0.0,0.0,-150.0,0
5.060000000000027,0.006282321704592966,0.015180000000000082,0.0,0.0,0.07500000000000001,0.0,0.156,0.6,0.0,100.0,150.0,0.0,0.0,0.0,0.0,0
5.060000000000027,0.006282321704592966,0.015180000000000082,0.0,0.0,0.07500000000000001,0.0,0.156,0.6,0.0,100.0,150.0,0.0,0.0,0.0,0.0,0
5.066666666666664,0.008239069171624586,0.015199999999999991,-0.01,0.02,0.085,0.04,0.2,0.85,0.15,100.0,150.0,0.0,0.0,0.0,0.0,0
5.066666666666664,0.00722958254519427,0.015199999999999991,0.01,0.02,0.02,0.0,0.2,1.15,0.0,0.0,400.0,0.0,0.0,0.0,0.0,0
5.066666666666664,0.006506923668649374,0.015199999999999991,0.0,0.02,0.07500000000000001,0.0,0.2,1.275,0.0,100.0,0.0,0.0,0.0,0.0,0.0,0
5.066666666666664,0.006506923668649374,0.015199999999999991,0.0,0.02,0.07500000000000001,0.0,0.2,1.275,0.0,100.0,0.0,0.0,0.0,0.0,0.0,0
5.069999999999982,0.006713771865849066,0.015209999999999946,0.0,0.01,0.07500000000000001,0.0,0.2,1.275,0.0,0.0,0.0,0.0,0.0,0.0,-600.0,0
5.069999999999982,0.006713771865849066,0.015209999999999946,0.0,0.01,0.07500000000000001,0.0,0.2,1.275,0.0,0.0,0.0,0.0,0.0,0.0,-600.0,0
5.069999999999982,0.007641585258260173,0.015209999999999946,0.01,0.0,0.03,0.0,0.156,0.35,0.3,100.0,0.0,0.0,0.0,0.0,-150.0,0
5.069999999999982,0.008071702748445276,0.015209999999999946,0.01,0.0,0.03,0.0,0.156,0.475,0.22499999999999998,100.0,0.0,0.0,0.0,0.0,-150.0,0
5.07,0.006652175088450948,0.015210000000000001,0.0,0.02,0.085,0.0,0.185,1.025,0.075,0.0,150.0,0.0,0.0,0.0,-150.0,0
5.070000000000019,0.0062820289303282765,0.015210000000000057,0.01,0.0,0.01,0.0,0.156,0.725,0.0,0.0,400.0,0.0,0.0,0.0,-600.0,0
5.070000000000019,0.0062820289303282765,0.015210000000000057,0.01,0.0,0.01,0.0,0.156,0.725,0.0,0.0,400.0,0.0,0.0,0.0,-600.0,0
5.073333333333337,0.007851672862565062,0.015220000000000011,0.01,0.02,0.045,0.0,0.2,1.15,0.0,0.0,150.0,0.0,0.0,0.0,-600.0,0
5.073333333333337,0.007561684218626311,0.015220000000000011,0.0,0.0,0.085,0.0,0.17099999999999999,0.725,0.0,100.0,150.0,0.0,0.0,0.0,0.0,0
5.073333333333337,0.007561684218626311,0.015220000000000011,0.0,0.0,0.085,0.0,0.17099999999999999,0.725,0.0,100.0,150.0,0.0,0.0,0.0,0.0,0
5.076666666666656,0.007579445992653777,0.015229999999999966,0.01,0.0,0.03,0.0,0.156,0.35,0.15,100.0,0.0,0.0,0.0,0.0,-600.0,0
5.076666666666656,0.007162301880137556,0.015229999999999966,0.01,0.0,0.02,0.0,0.17099999999999999,0.725,0.075,100.0,150.0,0.0,0.0,0.0,0.0,0
5.079999999999973,0.007473799425449639,0.01523999999999992,0.0,0.02,0.07500000000000001,0.0,0.2,1.275,0.0,0.0,0.0,0.0,0.0,0.0,0.0,0
5.079999999999973,0.007473799425449639,0.01523999999999992,0.0,0.02,0.07500000000000001,0.0,0.2,1.275,0.0,0.0,0.0,0.0,0.0,0.0,0.0,0
5.079999999999973,0.007267443439624957,0.01523999999999992,0.0,0.01,0.07500000000000001,0.0,0.185,1.025,0.075,0.0,0.0,0.0,0.0,0.0,0.0,0
5.079999999999992,0.007096756906685786,0.015239999999999976,0.01,0.02,0.03,0.0,0.2,1.15,0.075,0.0,150.0,0.0,0.0,0.0,-600.0,0
5.083333333333329,0.008610575371148075,0.015249999999999986,0.0,0.02,0.085,0.0,0.2,0.85,0.0,0.0,150.0,0.0,0.0,0.0,-150.0,0
5.083333333333329,0.008778638724304113,0.015249999999999986,0.0,0.01,0.095,0.01,0.2,0.975,0.075,0.0,0.0,0.0,0.0,0.0,-600.0,0
5.083333333333329,0.007908757785120454,0.015249999999999986,0.01,0.02,0.02,0.0,0.21500000000000002,1.275,0.0,0.0,150.0,0.0,0.0,0.0,-600.0,0
5.083333333333329,0.007908757785120454,0.015249999999999986,0.01,0.02,0.02,0.0,0.21500000000000002,1.275,0.0,0.0,150.0,0.0,0.0,0.0,-600.0,0
5.083333333333329,0.007470912042096372,0.015249999999999986,0.01,0.01,0.055,0.0,0.17099999999999999,0.475,0.0,0.0,150.0,0.0,0.0,1.0,-150.0,0
5.083333333333329,0.007470912042096372,0.015249999999999986,0.01,0.01,0.055,0.0,0.17099999999999999,0.475,0.0,0.0,150.0,0.0,0.0,1.0,-150.0,0
5.083333333333366,0.007184360952534066,0.015250000000000097,0.0,0.0,0.07500000000000001,0.0,0.156,0.6,0.075,100.0,0.0,0.0,0.0,0.0,0.0,0
5.0866666666666465,0.008208404459928714,0.01525999999999994,0.0,0.0,0.085,0.01,0.2,1.15,0.0,0.0,400.0,0.0,0.0,0.0,-600.0,0
5.086666666666665,0.007135593676149933,0.015259999999999996,0.0,0.0,0.07500000000000001,0.0,0.17099999999999999,0.975,0.075,0.0,150.0,0.0,0.0,0.0,-600.0,0
5.086666666666684,0.0069226565281983714,0.015260000000000051,0.0,0.01,0.085,0.0,0.156,0.85,0.0,100.0,150.0,0.0,0.0,0.0,0.0,0
5.090000000000002,0.007535675058851222,0.015270000000000006,0.0,0.0,0.085,0.0,0.156,0.35,0.15,0.0,0.0,0.0,0.0,0.0,-150.0,0
5.090000000000002,0.008534682579963974,0.015270000000000006,0.0,0.01,0.085,0.0,0.2,1.025,0.0,0.0,0.0,0.0,0.0,0.0,-150.0,0
5.090000000000002,0.008534682579963974,0.015270000000000006,0.0,0.01,0.085,0.0,0.2,1.025,0.0,0.0,0.0,0.0,0.0,0.0,-150.0,0
5.090000000000002,0.00817510725266602,0.015270000000000006,0.0,0.02,0.095,0.01,0.185,0.725,0.15,100.0,0.0,0.0,0.0,0.0,0.0,0
5.09333333333332,0.006679462725122148,0.01527999999999996,0.0,0.0,0.07500000000000001,0.0,0.156,0.725,0.075,100.0,150.0,0.0,0.0,0.0,-150.0,0
5.093333333333338,0.007798937871654443,0.015280000000000016,0.0,0.0,0.085,0.0,0.156,0.35,0.0,100.0,0.0,0.0,0.0,0.0,-150.0,0
5.093333333333357,0.006779764177041588,0.015280000000000071,0.0,0.01,0.085,0.0,0.156,0.6,0.0,0.0,400.0,0.0,0.0,0.0,-150.0,0
5.095600000000022,0.007085600217655812,0.012739000000000056,0.0,0.01,0.085,0.0,0.185,1.025,0.0,0.0,0.0,0.0,0.0,0.0,-150.0,0
5.095600000000022,0.007085600217655812,0.012739000000000056,0.0,0.01,0.085,0.0,0.185,1.025,0.0,0.0,0.0,0.0,0.0,0.0,-150.0,0
5.099999999999993,0.007543905516670026,0.01529999999999998,0.01,0.0,0.02,0.0,0.156,0.35,0.15,100.0,150.0,0.0,0.0,0.0,-600.0,0
5.099999999999993,0.006848115993955312,0.01529999999999998,0.01,0.01,0.034999999999999996,0.0,0.156,0.475,0.075,100.0,0.0,0.0,0.0,1.0,-150.0,0
5.10333333333333,0.005835188981039465,0.01530999999999999,0.0,0.02,0.085,0.0,0.185,1.275,0.0,100.0,0.0,0.0,0.0,0.0,-600.0,0
5.10333333333333,0.005835188981039465,0.01530999999999999,0.0,0.02,0.085,0.0,0.185,1.275,0.0,100.0,0.0,0.0,0.0,0.0,-600.0,0
5.10333333333333,0.008425464053600755,0.01530999999999999,0.0,0.01,0.07500000000000001,0.0,0.2,1.275,0.075,0.0,0.0,0.0,0.0,0.0,-150.0,0
5.103333333333349,0.008922075622152466,0.015310000000000046,0.0,0.02,0.085,0.0,0.2,1.15,0.0,0.0,400.0,0.0,0.0,0.0,-150.0,0
5.103333333333349,0.00864169616838422,0.015310000000000046,0.0,0.02,0.095,0.0,0.2,1.025,0.0,100.0,0.0,0.0,0.0,0.0,0.0,0
5.103333333333349,0.00864169616838422,0.015310000000000046,0.0,0.02,0.095,0.0,0.2,1.025,0.0,100.0,0.0,0.0,0.0,0.0,0.0,0
5.103333333333349,0.008501143021186422,0.015310000000000046,0.0,0.01,0.095,0.0,0.2,1.15,0.0,0.0,0.0,0.0,0.0,0.0,-600.0,0
5.103333333333349,0.008501143021186422,0.015310000000000046,0.0,0.01,0.095,0.0,0.2,1.15,0.0,0.0,0.0,0.0,0.0,0.0,-600.0,0
5.103333333333349,0.008669390473682962,0.015310000000000046,0.01,0.02,0.02,0.0,0.2,0.725,0.15,0.0,0.0,0.0,0.0,0.0,-600.0,0
5.103333333333349,0.008674942804806641,0.015310000000000046,0.01,0.02,0.02,0.0,0.2,0.85,0.22499999999999998,0.0,0.0,0.0,0.0,0.0,-600.0,0
5.103599999999986,0.009001320483375985,0.015189999999999926,-0.01,0.02,0.085,0.04,0.2,0.85,0.15,0.0,0.0,0.0,0.0,0.0,-600.0,0
5.106399999999978,0.00873969946512696,0.015190000000000037,0.01,0.02,0.03,0.0,0.2,0.85,0.075,0.0,0.0,0.0,0.0,0.0,-600.0,0
5.1066666666666665,0.006816643906509133,0.01532,0.0,0.0,0.085,0.0,0.156,0.975,0.0,100.0,0.0,0.0,0.0,0.0,0.0,0
5.1066666666666665,0.006816643906509133,0.01532,0.0,0.0,0.085,0.0,0.156,0.975,0.0,100.0,0.0,0.0,0.0,0.0,0.0,0
5.1066666666666665,0.007933243141410744,0.01532,0.0,0.0,0.085,0.0,0.17099999999999999,0.6,0.0,100.0,0.0,0.0,0.0,0.0,0.0,0
5.1066666666666665,0.007933243141410744,0.01532,0.0,0.0,0.085,0.0,0.17099999999999999,0.6,0.0,100.0,0.0,0.0,0.0,0.0,0.0,0
5.1066666666666665,0.0068011563886020135,0.01532,0.0,0.0,0.07500000000000001,0.01,0.185,1.025,0.075,100.0,150.0,0.0,0.0,0.0,-150.0,0
5.1066666666666665,0.008262677491790014,0.01532,0.0,0.02,0.095,0.01,0.185,0.725,0.15,100.0,0.0,0.0,0.0,0.0,-150.0,0
5.109999999999985,0.008284531462645016,0.015329999999999955,0.0,0.0,0.095,0.01,0.2,1.15,0.0,100.0,0.0,0.0,0.0,0.0,-600.0,0
5.109999999999985,0.008284531462645016,0.015329999999999955,0.0,0.0,0.095,0.01,0.2,1.15,0.0,100.0,0.0,0.0,0.0,0.0,-600.0,0
5.109999999999985,0.00916465881444503,0.015329999999999955,0.0,0.02,0.085,0.01,0.21500000000000002,0.975,0.075,100.0,0.0,0.0,0.0,0.0,-150.0,0
5.109999999999985,0.007621557831426436,0.015329999999999955,0.0,0.01,0.07500000000000001,0.0,0.17099999999999999,0.475,0.22499999999999998,100.0,0.0,0.0,0.0,0.0,-150.0,0
5.111599999999994,0.009063272571411698,0.015210000000000057,0.0,0.02,0.07500000000000001,0.0,0.185,1.275,0.0,0.0,0.0,0.0,0.0,0.0,0.0,0
5.111599999999994,0.009063272571411698,0.015210000000000057,0.0,0.02,0.07500000000000001,0.0,0.185,1.275,0.0,0.0,0.0,0.0,0.0,0.0,0.0,0
5.113333333333322,0.00863809084273877,0.015339999999999965,0.01,0.02,0.045,0.0,0.185,1.15,0.0,100.0,0.0,0.0,0.0,0.0,-150.0,0
5.113333333333322,0.00863809084273877,0.015339999999999965,0.01,0.02,0.045,0.0,0.185,1.15,0.0,100.0,0.0,0.0,0.0,0.0,-150.0,0
5.114399999999986,0.008579861610728866,0.013909999999999978,0.01,0.0,0.034999999999999996,0.0,0.2,1.15,0.0,0.0,150.0,0.0,0.0,0.0,-150.0,0
5.114399999999986,0.008579861610728866,0.013909999999999978,0.01,0.0,0.034999999999999996,0.0,0.2,1.15,0.0,0.0,150.0,0.0,0.0,0.0,-150.0,0
5.116666666666696,0.00668238552991147,0.015350000000000086,0.0,0.0,0.07500000000000001,0.0,0.156,0.475,0.0,100.0,0.0,0.0,0.0,0.0,-600.0,0
5.116666666666696,0.00668238552991147,0.015350000000000086,0.0,0.0,0.07500000000000001,0.0,0.156,0.475,0.0,100.0,0.0,0.0,0.0,0.0,-600.0,0
5.116666666666696,0.007606842976825134,0.015350000000000086,0.01,0.0,0.02,0.0,0.156,0.475,0.22499999999999998,100.0,0.0,0.0,0.0,0.0,-150.0,0
5.119999999999976,0.006763067630726269,0.01535999999999993,0.01,0.0,0.034999999999999996,0.0,0.156,0.35,0.075,0.0,0.0,0.0,0.0,1.0,-150.0,0
5.119999999999976,0.00749745468414051,0.01535999999999993,0.01,0.0,0.01,0.0,0.156,0.475,0.22499999999999998,100.0,150.0,0.0,0.0,0.0,0.0,0
5.120000000000013,0.007617971106388995,0.01536000000000004,0.01,0.01,0.045,0.0,0.2,1.15,0.0,0.0,150.0,0.0,0.0,0.0,-600.0,0
5.123333333333331,0.008019739817521541,0.015369999999999995,0.01,0.02,0.02,0.0,0.2,1.15,0.0,100.0,0.0,0.0,0.0,0.0,-150.0,0
5.123333333333331,0.008026462626605576,0.015369999999999995,0.0,0.01,0.085,0.0,0.2,1.025,0.0,0.0,0.0,0.0,0.0,0.0,-600.0,0
5.123333333333331,0.008026462626605576,0.015369999999999995,0.0,0.01,0.085,0.0,0.2,1.025,0.0,0.0,0.0,0.0,0.0,0.0,-600.0,0
5.123333333333331,0.007528101580571777,0.015369999999999995,0.01,0.0,0.01,0.0,0.156,0.475,0.3,100.0,0.0,0.0,0.0,0.0,0.0,0
5.123600000000028,0.00778169695384505,0.01280900000000007,0.0,0.02,0.085,0.0,0.2,1.025,0.0,0.0,0.0,0.0,0.0,0.0,-150.0,0
5.123600000000028,0.00778169695384505,0.01280900000000007,0.0,0.02,0.085,0.0,0.2,1.025,0.0,0.0,0.0,0.0,0.0,0.0,-150.0,0
5.12666666666665,0.006978582902949081,0.01537999999999995,0.0,0.0,0.085,0.0,0.156,0.475,0.075,100.0,0.0,0.0,0.0,0.0,-600.0,0
5.12760000000001,0.008163310153771352,0.015060000000000073,0.0,0.02,0.07500000000000001,0.0,0.185,1.025,0.0,0.0,0.0,0.0,0.0,0.0,-600.0,0
5.12760000000001,0.008163310153771352,0.015060000000000073,0.0,0.02,0.07500000000000001,0.0,0.185,1.025,0.0,0.0,0.0,0.0,0.0,0.0,-600.0,0
5.129999999999968,0.00692279627189924,0.015389999999999904,0.01,0.0,0.02,0.0,0.17099999999999999,0.725,0.0,0.0,400.0,0.0,0.0,0.0,-600.0,0
5.129999999999968,0.00692279627189924,0.015389999999999904,0.01,0.0,0.02,0.0,0.17099999999999999,0.725,0.0,0.0,400.0,0.0,0.0,0.0,-600.0,0
5.130000000000005,0.007642230675902385,0.015390000000000015,0.0,0.0,0.085,0.0,0.156,0.35,0.15,0.0,0.0,0.0,0.0,0.0,0.0,0
5.130000000000005,0.007642230675902385,0.015390000000000015,0.0,0.0,0.085,0.0,0.156,0.35,0.15,0.0,0.0,0.0,0.0,0.0,0.0,0
5.130000000000005,0.008066860011457023,0.015390000000000015,0.0,0.0,0.085,0.0,0.17099999999999999,0.725,0.075,100.0,0.0,0.0,0.0,0.0,-600.0,0
5.130000000000005,0.008066860011457023,0.015390000000000015,0.0,0.0,0.085,0.0,0.17099999999999999,0.725,0.075,100.0,0.0,0.0,0.0,0.0,-600.0,0
5.131599999999992,0.008055274559083747,0.01282899999999998,0.0,0.02,0.07500000000000001,0.01,0.2,0.85,0.15,0.0,150.0,0.0,0.0,0.0,-600.0,0
5.133333333333323,0.006904189930222987,0.01539999999999997,0.01,0.0,0.02,0.0,0.156,0.35,0.3,100.0,0.0,0.0,0.0,0.0,-600.0,0
5.133333333333323,0.007417136719186927,0.01539999999999997,0.0,0.0,0.085,0.0,0.156,0.35,0.0,0.0,150.0,0.0,0.0,0.0,-600.0,0
5.133333333333323,0.007815417104577232,0.01539999999999997,0.0,0.02,0.095,0.0,0.2,1.275,0.0,100.0,0.0,0.0,0.0,0.0,-150.0,0
5.133333333333323,0.007815417104577232,0.01539999999999997,0.0,0.02,0.095,0.0,0.2,1.275,0.0,100.0,0.0,0.0,0.0,0.0,-150.0,0
5.135600000000018,0.009395412556727394,0.01487000000000005,0.0,0.01,0.085,0.01,0.2,0.725,0.15,0.0,0.0,0.0,0.0,0.0,-600.0,0
5.136666666666641,0.008858459656254094,0.015409999999999924,0.0,0.02,0.085,0.0,0.2,1.15,0.0,0.0,400.0,0.0,0.0,0.0,0.0,0
5.13666666666666,0.00828632251453047,0.01540999999999998,0.0,0.0,0.07500000000000001,0.01,0.2,1.15,0.075,100.0,0.0,0.0,0.0,0.0,-600.0,0
5.136666666666678,0.00771651356219604,0.015410000000000035,0.01,0.0,0.02,0.0,0.156,0.35,0.15,100.0,0.0,0.0,0.0,0.0,0.0,0
5.139999999999996,0.007765076045989508,0.01541999999999999,0.0,0.01,0.085,0.0,0.156,0.85,0.0,0.0,400.0,0.0,0.0,0.0,0.0,0
5.139999999999996,0.007834632001095692,0.01541999999999999,0.0,0.01,0.085,0.0,0.156,0.85,0.0,0.0,400.0,0.0,0.0,0.0,-150.0,0
5.139999999999996,0.007295129024320353,0.01541999999999999,0.01,0.01,0.045,0.0,0.17099999999999999,0.475,0.075,0.0,150.0,0.0,0.0,1.0,-150.0,0
5.140000000000015,0.008195409424161172,0.015420000000000045,0.0,0.01,0.085,0.0,0.156,0.35,0.0,100.0,150.0,0.0,0.0,0.0,-150.0,0
5.143333333333315,0.007259908330203821,0.015429999999999944,0.0,0.0,0.085,0.0,0.156,0.35,0.15,0.0,0.0,0.0,0.0,0.0,-600.0,0
5.143333333333315,0.007959441544713014,0.015429999999999944,-0.01,0.01,0.085,0.04,0.2,0.85,0.15,100.0,0.0,0.0,0.0,0.0,-600.0,0
5.143333333333351,0.008547852192867578,0.015430000000000055,0.0,0.02,0.085,0.0,0.2,0.85,0.075,0.0,0.0,0.0,0.0,0.0,-600.0,0
5.14666666666667,0.007962965672178678,0.01544000000000001,0.01,0.0,0.03,0.0,0.17099999999999999,0.725,0.15,100.0,150.0,0.0,0.0,0.0,0.0,0
5.147600000000008,0.008786771079298684,0.01537999999999995,-0.01,0.01,0.085,0.04,0.2,0.85,0.15,0.0,150.0,0.0,0.0,0.0,-600.0,0
5.149999999999988,0.006896238271427109,0.015449999999999964,0.01,0.02,0.045,0.0,0.2,1.15,0.0,0.0,0.0,0.0,0.0,1.0,-600.0,0
5.149999999999988,0.006909016604730684,0.015449999999999964,0.01,0.02,0.045,0.0,0.2,1.15,0.0,100.0,150.0,0.0,0.0,0.0,-150.0,0
5.149999999999988,0.006783256406880208,0.015449999999999964,0.01,0.0,0.045,0.0,0.156,0.35,0.0,0.0,0.0,0.0,0.0,1.0,-600.0,0
5.149999999999988,0.007475430625525002,0.015449999999999964,0.01,0.0,0.02,0.0,0.156,0.35,0.0,0.0,400.0,0.0,0.0,0.0,-150.0,0
5.150000000000025,0.006645858922277446,0.015450000000000075,0.01,0.0,0.02,0.0,0.156,0.85,0.0,100.0,150.0,0.0,0.0,0.0,-600.0,0
5.153333333333306,0.0066269929553025375,0.015459999999999918,0.0,0.0,0.095,0.0,0.156,0.725,0.0,100.0,0.0,0.0,0.0,0.0,0.0,0
5.153333333333306,0.0066269929553025375,0.015459999999999918,0.0,0.0,0.095,0.0,0.156,0.725,0.0,100.0,0.0,0.0,0.0,0.0,0.0,0
5.153333333333306,0.0066269929553025375,0.015459999999999918,0.0,0.0,0.095,0.0,0.156,0.725,0.0,100.0,0.0,0.0,0.0,0.0,0.0,0
5.153333333333306,0.0066269929553025375,0.015459999999999918,0.0,0.0,0.095,0.0,0.156,0.725,0.0,100.0,0.0,0.0,0.0,0.0,0.0,0
5.153333333333324,0.006648378532477743,0.015459999999999974,0.0,0.02,0.07500000000000001,0.0,0.185,1.025,0.075,0.0,0.0,0.0,0.0,0.0,-600.0,0
5.153333333333324,0.005949503315714993,0.015459999999999974,0.01,0.02,0.02,0.0,0.185,1.275,0.0,100.0,150.0,0.0,0.0,0.0,-600.0,0
5.153333333333324,0.005949503315714993,0.015459999999999974,0.01,0.02,0.02,0.0,0.185,1.275,0.0,100.0,150.0,0.0,0.0,0.0,-600.0,0
5.153333333333343,0.007890980322142773,0.01546000000000003,0.0,0.01,0.085,0.0,0.156,0.35,0.0,100.0,0.0,0.0,0.0,0.0,-600.0,0
5.153333333333343,0.008842872337944556,0.01546000000000003,0.0,0.02,0.085,0.0,0.2,1.15,0.075,0.0,150.0,0.0,0.0,0.0,-600.0,0
5.153333333333343,0.007076510601722868,0.01546000000000003,0.01,0.0,0.02,0.0,0.156,0.475,0.15,100.0,0.0,0.0,0.0,0.0,-600.0,0
5.153333333333343,0.008772345777752044,0.01546000000000003,0.01,0.0,0.055,0.0,0.185,1.025,0.0,0.0,150.0,0.0,0.0,0.0,-150.0,0
5.153333333333343,0.008772345777752044,0.01546000000000003,0.01,0.0,0.055,0.0,0.185,1.025,0.0,0.0,150.0,0.0,0.0,0.0,-150.0,0
5.156666666666661,0.0066814478969756085,0.015469999999999984,0.0,0.02,0.07500000000000001,0.0,0.2,1.275,0.0,0.0,150.0,0.0,0.0,0.0,0.0,0
5.156666666666661,0.0066814478969756085,0.015469999999999984,0.0,0.02,0.07500000000000001,0.0,0.2,1.275,0.0,0.0,150.0,0.0,0.0,0.0,0.0,0
5.156666666666661,0.006466568962606677,0.015469999999999984,0.0,0.0,0.07500000000000001,0.0,0.17099999999999999,0.975,0.0,100.0,0.0,0.0,0.0,0.0,-150.0,0
5.156666666666661,0.006466568962606677,0.015469999999999984,0.0,0.0,0.07500000000000001,0.0,0.17099999999999999,0.975,0.0,100.0,0.0,0.0,0.0,0.0,-150.0,0
5.156666666666661,0.008025474168522978,0.015469999999999984,0.0,0.02,0.095,0.0,0.185,0.85,0.075,0.0,0.0,0.0,0.0,0.0,-600.0,0
5.156666666666698,0.007071762685602613,0.015470000000000095,0.0,0.01,0.085,0.0,0.156,0.475,0.15,100.0,0.0,0.0,0.0,0.0,0.0,0
5.15999999999998,0.006511270974525909,0.015479999999999938,0.01,0.02,0.01,0.0,0.185,1.025,0.0,100.0,150.0,0.0,0.0,0.0,-600.0,0
5.15999999999998,0.006511270974525909,0.015479999999999938,0.01,0.02,0.01,0.0,0.185,1.025,0.0,100.0,150.0,0.0,0.0,0.0,-600.0,0
5.15999999999998,0.0076147176742975275,0.015479999999999938,0.0,0.01,0.07500000000000001,0.0,0.17099999999999999,0.475,0.22499999999999998,100.0,0.0,0.0,0.0,0.0,0.0,0
5.160000000000016,0.007224219711805857,0.01548000000000005,0.0,0.0,0.07500000000000001,0.0,0.156,0.475,0.075,100.0,0.0,0.0,0.0,0.0,0.0,0
5.163333333333335,0.007559882377097903,0.015490000000000004,0.01,0.0,0.03,0.0,0.156,0.35,0.22499999999999998,100.0,0.0,0.0,0.0,0.0,-600.0,0
5.163333333333335,0.007077378469461696,0.015490000000000004,0.01,0.0,0.02,0.0,0.156,0.475,0.22499999999999998,100.0,0.0,0.0,0.0,0.0,-600.0,0
5.163600000000024,0.00904702955548269,0.013399999999999967,0.0,0.01,0.085,0.01,0.2,0.85,0.15,0.0,150.0,0.0,0.0,0.0,-150.0,0
5.166666666666653,0.006752660276869765,0.015499999999999958,0.0,0.0,0.095,0.0,0.156,0.725,0.0,100.0,0.0,0.0,0.0,0.0,-150.0,0
5.166666666666653,0.006752660276869765,0.015499999999999958,0.0,0.0,0.095,0.0,0.156,0.725,0.0,100.0,0.0,0.0,0.0,0.0,-150.0,0
5.166666666666653,0.006752660276869765,0.015499999999999958,0.0,0.0,0.095,0.0,0.156,0.725,0.0,100.0,0.0,0.0,0.0,0.0,-150.0,0
5.166666666666653,0.006752660276869765,0.015499999999999958,0.0,0.0,0.095,0.0,0.156,0.725,0.0,100.0,0.0,0.0,0.0,0.0,-150.0,0
5.166666666666653,0.007251214003083783,0.015499999999999958,0.0,0.0,0.095,0.01,0.185,1.275,0.0,100.0,150.0,0.0,0.0,0.0,-150.0,0
5.166666666666653,0.007251214003083783,0.015499999999999958,0.0,0.0,0.095,0.01,0.185,1.275,0.0,100.0,150.0,0.0,0.0,0.0,-150.0,0
5.166666666666671,0.006729004939921026,0.015500000000000014,0.0,0.02,0.095,0.0,0.185,1.275,0.0,100.0,0.0,0.0,0.0,0.0,0.0,0
5.166666666666671,0.006729004939921026,0.015500000000000014,0.0,0.02,0.095,0.0,0.185,1.275,0.0,100.0,0.0,0.0,0.0,0.0,0.0,0
5.16666666666669,0.008663562653542248,0.01550000000000007,0.0,0.0,0.095,0.0,0.17099999999999999,0.6,0.0,100.0,0.0,0.0,0.0,0.0,0.0,0
5.16666666666669,0.008663562653542248,0.01550000000000007,0.0,0.0,0.095,0.0,0.17099999999999999,0.6,0.0,100.0,0.0,0.0,0.0,0.0,0.0,0
5.1676000000000055,0.007752617866100289,0.012919000000000014,0.0,0.0,0.085,0.01,0.2,1.15,0.0,0.0,150.0,0.0,0.0,0.0,-600.0,0
5.169999999999971,0.007493214713375068,0.015509999999999913,0.01,0.02,0.045,0.0,0.2,1.15,0.0,0.0,150.0,0.0,0.0,1.0,-600.0,0
5.173333333333326,0.007392410577622714,0.015519999999999978,0.0,0.02,0.095,0.0,0.185,1.15,0.0,100.0,0.0,0.0,0.0,0.0,-600.0,0
5.173333333333326,0.007392410577622714,0.015519999999999978,0.0,0.02,0.095,0.0,0.185,1.15,0.0,100.0,0.0,0.0,0.0,0.0,-600.0,0
5.173333333333363,0.006938438510426025,0.01552000000000009,0.0,0.02,0.085,0.0,0.156,0.35,0.0,0.0,0.0,0.0,0.0,1.0,-150.0,0
5.173333333333363,0.006777484571071426,0.01552000000000009,0.0,0.01,0.085,0.0,0.156,0.6,0.0,0.0,400.0,0.0,0.0,0.0,0.0,0
5.1766666666666445,0.00680925166389247,0.015529999999999933,0.01,0.01,0.045,0.0,0.156,0.35,0.0,0.0,150.0,0.0,0.0,1.0,-600.0,0
5.176666666666662,0.008042644355075132,0.015529999999999988,0.01,0.02,0.01,0.0,0.185,0.85,0.15,0.0,0.0,0.0,0.0,0.0,-600.0,0
5.176666666666662,0.008574871129579095,0.015529999999999988,0.0,0.02,0.095,0.0,0.185,0.975,0.075,0.0,0.0,0.0,0.0,0.0,-600.0,0
5.18,0.0077508377133867976,0.015539999999999998,-0.01,0.02,0.085,0.04,0.2,0.85,0.15,0.0,400.0,0.0,0.0,0.0,-150.0,0
5.18,0.008571684742997325,0.015539999999999998,-0.01,0.01,0.085,0.04,0.2,0.85,0.15,100.0,150.0,0.0,0.0,0.0,0.0,0
5.18,0.00831234241176158,0.015539999999999998,0.0,0.01,0.095,0.0,0.2,1.275,0.0,0.0,0.0,0.0,0.0,0.0,-600.0,0
5.18,0.00831234241176158,0.015539999999999998,0.0,0.01,0.095,0.0,0.2,1.275,0.0,0.0,0.0,0.0,0.0,0.0,-600.0,0
5.18,0.007666127667043336,0.015539999999999998,0.01,0.0,0.02,0.0,0.156,0.475,0.22499999999999998,100.0,0.0,0.0,0.0,0.0,0.0,0
5.18,0.006869022632509358,0.015539999999999998,0.01,0.0,0.034999999999999996,0.0,0.156,0.35,0.075,0.0,0.0,0.0,0.0,1.0,0.0,0
5.183333333333318,0.007936792341158136,0.015549999999999953,0.0,0.02,0.095,0.0,0.2,1.275,0.0,100.0,0.0,0.0,0.0,0.0,0.0,0
5.183333333333318,0.007936792341158136,0.015549999999999953,0.0,0.02,0.095,0.0,0.2,1.275,0.0,100.0,0.0,0.0,0.0,0.0,0.0,0
5.183333333333318,0.008496403949558543,0.015549999999999953,0.0,0.0,0.095,0.0,0.17099999999999999,0.725,0.0,100.0,0.0,0.0,0.0,0.0,-600.0,0
5.183333333333318,0.008496403949558543,0.015549999999999953,0.0,0.0,0.095,0.0,0.17099999999999999,0.725,0.0,100.0,0.0,0.0,0.0,0.0,-600.0,0
5.183333333333318,0.008496403949558543,0.015549999999999953,0.0,0.0,0.095,0.0,0.17099999999999999,0.725,0.0,100.0,0.0,0.0,0.0,0.0,-600.0,0
5.183333333333318,0.008496403949558543,0.015549999999999953,0.0,0.0,0.095,0.0,0.17099999999999999,0.725,0.0,100.0,0.0,0.0,0.0,0.0,-600.0,0
5.183333333333318,0.0084468121578279,0.015549999999999953,0.0,0.01,0.07500000000000001,0.0,0.2,1.275,0.075,0.0,0.0,0.0,0.0,0.0,0.0,0
5.183333333333318,0.006994455110749947,0.015549999999999953,0.01,0.0,0.02,0.0,0.156,0.475,0.22499999999999998,100.0,150.0,0.0,0.0,0.0,0.0,0
5.183333333333355,0.007126522870392137,0.015550000000000064,0.0,0.01,0.085,0.0,0.156,0.475,0.15,100.0,0.0,0.0,0.0,0.0,-150.0,0
5.1866666666666355,0.008298929163407713,0.015559999999999907,0.0,0.02,0.085,0.0,0.21500000000000002,1.275,0.0,0.0,0.0,0.0,0.0,0.0,-150.0,0
5.1866666666666355,0.008298929163407713,0.015559999999999907,0.0,0.02,0.085,0.0,0.21500000000000002,1.275,0.0,0.0,0.0,0.0,0.0,0.0,-150.0,0
5.186666666666673,0.006979845328860422,0.015560000000000018,0.01,0.01,0.034999999999999996,0.0,0.156,0.475,0.075,100.0,0.0,0.0,0.0,1.0,0.0,0
5.189999999999991,0.006821679878913274,0.015569999999999973,0.0,0.02,0.085,0.0,0.185,1.025,0.075,0.0,0.0,0.0,0.0,0.0,-150.0,0
5.189999999999991,0.007016460493144085,0.015569999999999973,0.01,0.0,0.02,0.0,0.156,0.35,0.375,100.0,0.0,0.0,0.0,0.0,0.0,0
5.189999999999991,0.007160905648289446,0.015569999999999973,0.0,0.0,0.095,0.01,0.185,1.275,0.0,100.0,150.0,0.0,0.0,0.0,0.0,0
5.189999999999991,0.007160905648289446,0.015569999999999973,0.0,0.0,0.095,0.01,0.185,1.275,0.0,100.0,150.0,0.0,0.0,0.0,0.0,0
5.193333333333327,0.006289982871083059,0.015579999999999983,0.0,0.02,0.07500000000000001,0.0,0.185,1.025,0.075,100.0,0.0,0.0,0.0,0.0,-150.0,0
5.193333333333327,0.007302715431034307,0.015579999999999983,0.0,0.0,0.085,0.01,0.185,1.025,0.075,100.0,150.0,0.0,0.0,0.0,0.0,0
5.193333333333346,0.006943750939593893,0.015580000000000038,0.01,0.02,0.045,0.0,0.2,1.15,0.0,100.0,150.0,0.0,0.0,0.0,0.0,0
5.193333333333346,0.007467000840736231,0.015580000000000038,0.0,0.02,0.095,0.0,0.185,1.275,0.0,0.0,150.0,0.0,0.0,0.0,-600.0,0
5.193333333333346,0.007467000840736231,0.015580000000000038,0.0,0.02,0.095,0.0,0.185,1.275,0.0,0.0,150.0,0.0,0.0,0.0,-600.0,0
5.193333333333346,0.008226204160418641,0.015580000000000038,0.01,0.0,0.03,0.0,0.17099999999999999,0.725,0.075,0.0,400.0,0.0,0.0,0.0,-600.0,0
5.1966666666666645,0.00715771958822806,0.015589999999999993,0.0,0.02,0.085,0.0,0.185,1.025,0.075,0.0,150.0,0.0,0.0,0.0,-600.0,0
5.199599999999993,0.007965919774379583,0.01373000000000002,0.01,0.0,0.034999999999999996,0.0,0.185,1.15,0.0,0.0,150.0,0.0,0.0,0.0,-150.0,0
5.199599999999993,0.007965919774379583,0.01373000000000002,0.01,0.0,0.034999999999999996,0.0,0.185,1.15,0.0,0.0,150.0,0.0,0.0,0.0,-150.0,0
5.20000000000002,0.008392129076965165,0.015600000000000058,0.01,0.0,0.045,0.0,0.2,1.15,0.0,0.0,0.0,0.0,0.0,0.0,-600.0,0
5.203333333333338,0.009133267440962638,0.015610000000000013,0.01,0.02,0.055,0.0,0.185,1.025,0.0,100.0,0.0,0.0,0.0,0.0,0.0,0
5.203333333333338,0.009133267440962638,0.015610000000000013,0.01,0.02,0.055,0.0,0.185,1.025,0.0,100.0,0.0,0.0,0.0,0.0,0.0,0
5.203333333333338,0.008135967246556292,0.015610000000000013,0.01,0.0,0.03,0.0,0.156,0.475,0.075,100.0,0.0,0.0,0.0,0.0,-600.0,0
5.203600000000019,0.007883473717331177,0.013009000000000048,0.0,0.02,0.085,0.0,0.2,1.025,0.0,0.0,0.0,0.0,0.0,0.0,0.0,0
5.203600000000019,0.007883473717331177,0.013009000000000048,0.0,0.02,0.085,0.0,0.2,1.025,0.0,0.0,0.0,0.0,0.0,0.0,0.0,0
5.203600000000019,0.00716741975888114,0.013009000000000048,0.0,0.01,0.085,0.0,0.185,1.025,0.0,0.0,0.0,0.0,0.0,0.0,0.0,0
5.203600000000019,0.00716741975888114,0.013009000000000048,0.0,0.01,0.085,0.0,0.185,1.025,0.0,0.0,0.0,0.0,0.0,0.0,0.0,0
5.2066666666666555,0.007588304114447002,0.015619999999999967,0.0,0.01,0.085,0.0,0.156,0.6,0.0,0.0,400.0,0.0,0.0,0.0,-600.0,0
5.2066666666666555,0.007305252301268269,0.015619999999999967,0.0,0.02,0.095,0.0,0.185,1.275,0.0,0.0,0.0,0.0,0.0,0.0,-600.0,0
5.2066666666666555,0.007305252301268269,0.015619999999999967,0.0,0.02,0.095,0.0,0.185,1.275,0.0,0.0,0.0,0.0,0.0,0.0,-600.0,0
5.2066666666666555,0.007749750156068343,0.015619999999999967,0.0,0.02,0.07500000000000001,0.0,0.2,1.025,0.075,0.0,0.0,0.0,0.0,0.0,0.0,0
5.2066666666666555,0.007879386754667489,0.015619999999999967,0.01,0.0,0.03,0.0,0.17099999999999999,0.6,0.15,100.0,150.0,0.0,0.0,0.0,0.0,0
5.206666666666693,0.0062933323387475626,0.015620000000000078,0.01,0.0,0.02,0.0,0.156,0.85,0.0,0.0,400.0,0.0,0.0,0.0,-150.0,0
5.211600000000027,0.008130987917745195,0.013029000000000068,0.0,0.0,0.07500000000000001,0.01,0.2,1.15,0.0,100.0,0.0,0.0,0.0,0.0,-600.0,0
5.211600000000027,0.008130987917745195,0.013029000000000068,0.0,0.0,0.07500000000000001,0.01,0.2,1.15,0.0,100.0,0.0,0.0,0.0,0.0,-600.0,0
5.213333333333329,0.009181927744820847,0.015639999999999987,0.0,0.02,0.085,0.01,0.2,0.6,0.15,100.0,0.0,0.0,0.0,0.0,0.0,0
5.213333333333329,0.007985452982350686,0.015639999999999987,0.0,0.02,0.095,0.0,0.185,1.025,0.075,0.0,150.0,0.0,0.0,0.0,0.0,0
5.219599999999991,0.008500693135137712,0.013048999999999977,0.0,0.02,0.07500000000000001,0.01,0.2,0.725,0.22499999999999998,0.0,0.0,0.0,0.0,0.0,-600.0,0
5.219999999999965,0.0075913673242606105,0.015659999999999896,0.01,0.0,0.01,0.0,0.17099999999999999,0.975,0.0,0.0,400.0,0.0,0.0,0.0,-600.0,0
5.219999999999965,0.0075913673242606105,0.015659999999999896,0.01,0.0,0.01,0.0,0.17099999999999999,0.975,0.0,0.0,400.0,0.0,0.0,0.0,-600.0,0
5.220000000000002,0.008679746288321428,0.015660000000000007,0.0,0.02,0.085,0.01,0.2,0.85,0.15,100.0,150.0,0.0,0.0,0.0,-600.0,0
5.220000000000002,0.007594993433786439,0.015660000000000007,0.01,0.0,0.02,0.0,0.156,0.35,0.0,100.0,150.0,0.0,0.0,0.0,-600.0,0
5.220000000000002,0.009248336150657344,0.015660000000000007,0.0,0.02,0.085,0.0,0.2,1.15,0.075,100.0,0.0,0.0,0.0,0.0,-150.0,0
5.220000000000002,0.008621856296645159,0.015660000000000007,0.0,0.01,0.07500000000000001,0.0,0.2,1.15,0.075,0.0,0.0,0.0,0.0,0.0,-600.0,0
5.220000000000002,0.00859764257525583,0.015660000000000007,0.0,0.01,0.085,0.0,0.2,1.025,0.0,0.0,0.0,0.0,0.0,0.0,0.0,0
5.220000000000002,0.00859764257525583,0.015660000000000007,0.0,0.01,0.085,0.0,0.2,1.025,0.0,0.0,0.0,0.0,0.0,0.0,0.0,0
5.22333333333332,0.007825664951039348,0.015669999999999962,-0.01,0.02,0.085,0.04,0.2,0.85,0.15,0.0,400.0,0.0,0.0,0.0,0.0,0
5.22333333333332,0.009274997418388373,0.015669999999999962,0.0,0.02,0.085,0.01,0.21500000000000002,0.975,0.075,100.0,0.0,0.0,0.0,0.0,0.0,0
5.22333333333332,0.009529142672563664,0.015669999999999962,0.0,0.02,0.085,0.01,0.21500000000000002,0.975,0.15,0.0,0.0,0.0,0.0,0.0,-600.0,0
5.226666666666639,0.008121503240711581,0.015679999999999916,0.01,0.0,0.03,0.0,0.17099999999999999,0.475,0.22499999999999998,100.0,0.0,0.0,0.0,0.0,-150.0,0
5.226666666666657,0.007634192921033327,0.015679999999999972,-0.01,0.02,0.085,0.04,0.2,0.85,0.15,100.0,0.0,0.0,0.0,0.0,-600.0,0
5.2266666666666755,0.006261835969083148,0.015680000000000027,0.01,0.0,0.02,0.0,0.156,0.85,0.0,0.0,400.0,0.0,0.0,0.0,0.0,0
5.2266666666666755,0.008306299220515744,0.015680000000000027,0.01,0.02,0.01,0.0,0.185,0.725,0.15,0.0,0.0,0.0,0.0,0.0,-600.0,0
5.2266666666666755,0.008823524915017,0.015680000000000027,0.0,0.02,0.085,0.01,0.2,0.725,0.22499999999999998,0.0,0.0,0.0,0.0,0.0,-600.0,0
5.229999999999994,0.007340149211320192,0.015689999999999982,0.0,0.02,0.085,0.0,0.156,0.35,0.0,0.0,0.0,0.0,0.0,1.0,-600.0,0
5.229999999999994,0.007618873402670872,0.015689999999999982,0.0,0.02,0.07500000000000001,0.0,0.2,1.025,0.075,0.0,150.0,0.0,0.0,0.0,0.0,0
5.229999999999994,0.007639730415061432,0.015689999999999982,0.0,0.02,0.095,0.0,0.185,1.025,0.075,0.0,0.0,0.0,0.0,0.0,0.0,0
5.229999999999994,0.00807307431917746,0.015689999999999982,0.0,0.02,0.07500000000000001,0.0,0.2,0.85,0.075,0.0,0.0,0.0,0.0,0.0,-600.0,0
5.233333333333312,0.007135054885718952,0.015699999999999936,0.0,0.02,0.07500000000000001,0.0,0.2,1.15,0.0,100.0,0.0,0.0,0.0,0.0,-150.0,0
5.233333333333312,0.007135054885718952,0.015699999999999936,0.0,0.02,0.07500000000000001,0.0,0.2,1.15,0.0,100.0,0.0,0.0,0.0,0.0,-150.0,0
5.233333333333331,0.005967674657252581,0.015699999999999992,0.0,0.0,0.085,0.01,0.185,1.275,0.0,100.0,0.0,0.0,0.0,0.0,-600.0,0
5.233333333333331,0.005967674657252581,0.015699999999999992,0.0,0.0,0.085,0.01,0.185,1.275,0.0,100.0,0.0,0.0,0.0,0.0,-600.0,0
5.235600000000007,0.008146647758661436,0.014519999999999977,0.0,0.02,0.085,0.01,0.185,0.725,0.15,100.0,0.0,0.0,0.0,0.0,-150.0,0
5.236666666666667,0.0077233785593074636,0.015710000000000002,0.0,0.0,0.085,0.0,0.156,0.35,0.0,100.0,0.0,0.0,0.0,0.0,0.0,0
5.236666666666667,0.009157827338160252,0.015710000000000002,0.0,0.02,0.085,0.01,0.2,0.6,0.15,100.0,0.0,0.0,0.0,0.0,-150.0,0
5.236666666666667,0.0068325634850894485,0.015710000000000002,0.0,0.0,0.085,0.0,0.156,0.975,0.0,100.0,0.0,0.0,0.0,0.0,-150.0,0
5.236666666666667,0.0068325634850894485,0.015710000000000002,0.0,0.0,0.085,0.0,0.156,0.975,0.0,100.0,0.0,0.0,0.0,0.0,-150.0,0
5.236666666666667,0.008246501754391667,0.015710000000000002,0.0,0.01,0.07500000000000001,0.01,0.2,0.975,0.15,0.0,0.0,0.0,0.0,0.0,-600.0,0
5.236666666666667,0.00791006625902856,0.015710000000000002,0.01,0.02,0.02,0.0,0.185,1.025,0.075,0.0,150.0,0.0,0.0,0.0,-600.0,0
5.236666666666667,0.00695288286066102,0.015710000000000002,0.01,0.01,0.034999999999999996,0.0,0.17099999999999999,0.475,0.075,0.0,0.0,0.0,0.0,1.0,-600.0,0
5.239999999999985,0.008703945639978655,0.015719999999999956,0.0,0.02,0.085,0.0,0.2,0.85,0.0,0.0,150.0,0.0,0.0,0.0,0.0,0
5.239999999999985,0.008708983403700209,0.015719999999999956,0.01,0.0,0.045,0.0,0.2,1.15,0.0,100.0,0.0,0.0,0.0,0.0,-150.0,0
5.239999999999985,0.007454593070842417,0.015719999999999956,0.01,0.0,0.02,0.0,0.156,0.35,0.0,0.0,400.0,0.0,0.0,0.0,0.0,0
5.239999999999985,0.008161428574114341,0.015719999999999956,0.01,0.0,0.03,0.0,0.17099999999999999,0.475,0.22499999999999998,100.0,0.0,0.0,0.0,0.0,0.0,0
5.239999999999985,0.0072081844994268665,0.015719999999999956,0.01,0.01,0.045,0.0,0.17099999999999999,0.475,0.075,0.0,0.0,0.0,0.0,1.0,-600.0,0
5.240000000000004,0.008980477595977391,0.015720000000000012,0.01,0.0,0.034999999999999996,0.0,0.2,1.275,0.075,0.0,150.0,0.0,0.0,0.0,-150.0,0
5.240000000000022,0.007718862759260347,0.015720000000000067,0.0,0.01,0.085,0.0,0.156,0.35,0.15,0.0,150.0,0.0,0.0,0.0,-150.0,0
5.240000000000022,0.006655914112025968,0.015720000000000067,0.0,0.0,0.07500000000000001,0.0,0.156,0.6,0.0,100.0,0.0,0.0,0.0,0.0,-600.0,0
5.240000000000022,0.006655914112025968,0.015720000000000067,0.0,0.0,0.07500000000000001,0.0,0.156,0.6,0.0,100.0,0.0,0.0,0.0,0.0,-600.0,0
5.243333333333322,0.006850041908495754,0.015729999999999966,0.0,0.0,0.07500000000000001,0.0,0.156,0.975,0.0,100.0,0.0,0.0,0.0,0.0,-600.0,0
5.243333333333322,0.006850041908495754,0.015729999999999966,0.0,0.0,0.07500000000000001,0.0,0.156,0.975,0.0,100.0,0.0,0.0,0.0,0.0,-600.0,0
5.24333333333334,0.008015836967921455,0.015730000000000022,0.02,0.02,0.0,0.01,0.2,1.15,0.0,0.0,0.0,0.0,0.0,1.0,-600.0,0
5.24333333333334,0.0081070492919571,0.015730000000000022,0.0,0.0,0.095,0.0,0.17099999999999999,0.85,0.0,100.0,0.0,0.0,0.0,0.0,-600.0,0
5.24333333333334,0.0081070492919571,0.015730000000000022,0.0,0.0,0.095,0.0,0.17099999999999999,0.85,0.0,100.0,0.0,0.0,0.0,0.0,-600.0,0
5.243600000000015,0.0072863330258067915,0.013109000000000037,0.0,0.0,0.07500000000000001,0.01,0.185,1.025,0.0,100.0,150.0,0.0,0.0,0.0,-150.0,0
5.243600000000015,0.0072863330258067915,0.013109000000000037,0.0,0.0,0.07500000000000001,0.01,0.185,1.025,0.0,100.0,150.0,0.0,0.0,0.0,-150.0,0
5.246666666666659,0.00749066852082568,0.015739999999999976,0.01,0.0,0.02,0.0,0.156,0.35,0.3,100.0,150.0,0.0,0.0,0.0,0.0,0
5.246666666666659,0.006908230844970899,0.015739999999999976,-0.01,0.02,0.085,0.04,0.2,0.85,0.15,100.0,150.0,0.0,0.0,0.0,-600.0,0
5.2466666666666955,0.007714433951054668,0.015740000000000087,0.01,0.0,0.02,0.0,0.156,0.35,0.0,100.0,0.0,0.0,0.0,0.0,-600.0,0
5.249999999999977,0.007007009775931513,0.01574999999999993,0.01,0.0,0.02,0.0,0.156,0.35,0.375,100.0,0.0,0.0,0.0,0.0,-150.0,0
5.249999999999996,0.008786632148810964,0.015749999999999986,0.01,0.02,0.02,0.0,0.2,1.15,0.075,100.0,150.0,0.0,0.0,0.0,-600.0,0
5.250000000000014,0.008411207518895597,0.015750000000000042,0.01,0.02,0.045,0.0,0.2,1.025,0.0,100.0,0.0,0.0,0.0,0.0,-150.0,0
5.250000000000014,0.008411207518895597,0.015750000000000042,0.01,0.02,0.045,0.0,0.2,1.025,0.0,100.0,0.0,0.0,0.0,0.0,-150.0,0
5.253333333333332,0.009121766483405366,0.015759999999999996,0.01,0.02,0.02,0.0,0.185,0.975,0.075,0.0,0.0,0.0,0.0,0.0,-600.0,0
5.25666666666665,0.006859503442777864,0.01576999999999995,0.01,0.0,0.045,0.0,0.156,0.35,0.0,0.0,150.0,0.0,0.0,1.0,0.0,0
5.25666666666665,0.008302480847446848,0.01576999999999995,0.0,0.0,0.07500000000000001,0.0,0.17099999999999999,0.6,0.0,100.0,0.0,0.0,0.0,0.0,-150.0,0
5.25666666666665,0.008302480847446848,0.01576999999999995,0.0,0.0,0.07500000000000001,0.0,0.17099999999999999,0.6,0.0,100.0,0.0,0.0,0.0,0.0,-150.0,0
5.258399999999996,0.008599702626210933,0.014759999999999995,0.01,0.02,0.02,0.0,0.2,1.025,0.0,0.0,150.0,0.0,0.0,0.0,-600.0,0
5.258399999999996,0.008599702626210933,0.014759999999999995,0.01,0.02,0.02,0.0,0.2,1.025,0.0,0.0,150.0,0.0,0.0,0.0,-600.0,0
5.2595999999999865,0.009086935232845319,0.013390000000000013,0.0,0.01,0.085,0.01,0.2,0.85,0.15,0.0,150.0,0.0,0.0,0.0,0.0,0
5.260000000000005,0.007659974330292541,0.015780000000000016,0.0,0.02,0.085,0.0,0.156,0.35,0.0,0.0,150.0,0.0,0.0,1.0,-150.0,0
5.260000000000005,0.008000269583420755,0.015780000000000016,0.01,0.02,0.02,0.0,0.185,0.725,0.22499999999999998,0.0,0.0,0.0,0.0,0.0,-600.0,0
5.262399999999978,0.009251814160436812,0.015739999999999976,0.01,0.02,0.0,0.01,0.2,0.6,0.3,0.0,0.0,0.0,0.0,0.0,-600.0,0
5.263333333333324,0.007755510972492042,0.01578999999999997,0.0,0.01,0.085,0.0,0.156,0.35,0.0,0.0,0.0,0.0,0.0,1.0,0.0,0
5.263333333333324,0.007560511696380822,0.01578999999999997,0.01,0.01,0.045,0.0,0.156,0.35,0.0,100.0,0.0,0.0,0.0,1.0,-600.0,0
5.263333333333324,0.008094267386151663,0.01578999999999997,0.0,0.0,0.095,0.01,0.2,1.275,0.0,100.0,0.0,0.0,0.0,0.0,-600.0,0
5.263333333333324,0.008094267386151663,0.01578999999999997,0.0,0.0,0.095,0.01,0.2,1.275,0.0,100.0,0.0,0.0,0.0,0.0,-600.0,0
5.263333333333324,0.007458385591374942,0.01578999999999997,0.0,0.0,0.07500000000000001,0.0,0.17099999999999999,0.725,0.075,100.0,0.0,0.0,0.0,0.0,0.0,0
5.263333333333324,0.007458385591374942,0.01578999999999997,0.0,0.0,0.07500000000000001,0.0,0.17099999999999999,0.725,0.075,100.0,0.0,0.0,0.0,0.0,0.0,0
5.263333333333324,0.00936336229179493,0.01578999999999997,0.0,0.01,0.085,0.0,0.2,1.275,0.075,0.0,0.0,0.0,0.0,0.0,0.0,0
5.26333333333336,0.006998874941334812,0.015790000000000082,0.0,0.02,0.085,0.0,0.156,0.35,0.0,0.0,0.0,0.0,0.0,1.0,0.0,0
5.266666666666642,0.00765096881301824,0.015799999999999925,0.01,0.01,0.02,0.0,0.156,0.35,0.3,100.0,150.0,0.0,0.0,0.0,-600.0,0
5.266666666666642,0.007399047190911354,0.015799999999999925,0.0,0.0,0.085,0.0,0.17099999999999999,0.85,0.075,0.0,150.0,0.0,0.0,0.0,-600.0,0
5.266666666666679,0.00735851142857333,0.015800000000000036,0.0,0.0,0.07500000000000001,0.0,0.156,0.85,0.0,100.0,0.0,0.0,0.0,0.0,-150.0,0
5.266666666666679,0.00735851142857333,0.015800000000000036,0.0,0.0,0.07500000000000001,0.0,0.156,0.85,0.0,100.0,0.0,0.0,0.0,0.0,-150.0,0
5.269999999999997,0.00785770935899072,0.01580999999999999,0.0,0.01,0.085,0.0,0.156,0.35,0.0,100.0,0.0,0.0,0.0,0.0,-150.0,0
5.269999999999997,0.007872219184505017,0.01580999999999999,0.0,0.0,0.085,0.0,0.17099999999999999,0.6,0.0,100.0,0.0,0.0,0.0,0.0,-600.0,0
5.269999999999997,0.007872219184505017,0.01580999999999999,0.0,0.0,0.085,0.0,0.17099999999999999,0.6,0.0,100.0,0.0,0.0,0.0,0.0,-600.0,0
5.273333333333315,0.008172538664467864,0.015819999999999945,0.0,0.02,0.095,0.0,0.185,1.025,0.075,0.0,150.0,0.0,0.0,0.0,-150.0,0
5.273333333333315,0.009104590136604468,0.015819999999999945,0.0,0.01,0.085,0.0,0.2,1.15,0.075,0.0,0.0,0.0,0.0,0.0,-150.0,0
5.273333333333315,0.009642649439973549,0.015819999999999945,0.0,0.01,0.085,0.0,0.2,1.15,0.075,0.0,0.0,0.0,0.0,0.0,-600.0,0
5.273333333333352,0.007258865083213512,0.015820000000000056,0.01,0.01,0.045,0.0,0.156,0.475,0.0,0.0,0.0,0.0,0.0,1.0,-600.0,0
5.273333333333352,0.007258865083213512,0.015820000000000056,0.01,0.01,0.045,0.0,0.156,0.475,0.0,0.0,0.0,0.0,0.0,1.0,-600.0,0
5.27666666666667,0.00825210218334967,0.01583000000000001,0.0,0.0,0.085,0.0,0.156,0.35,0.0,100.0,0.0,0.0,0.0,0.0,-600.0,0
5.27666666666667,0.00915508844951913,0.01583000000000001,0.0,0.01,0.085,0.0,0.156,0.35,0.0,0.0,400.0,0.0,0.0,0.0,0.0,0
5.27666666666667,0.006880611573808647,0.01583000000000001,0.01,0.0,0.045,0.0,0.156,0.35,0.0,0.0,150.0,0.0,0.0,1.0,-150.0,0
5.27666666666667,0.009350360266380697,0.01583000000000001,0.0,0.02,0.085,0.0,0.2,1.15,0.075,100.0,0.0,0.0,0.0,0.0,0.0,0
5.27666666666667,0.008491370089685162,0.01583000000000001,0.01,0.02,0.045,0.0,0.2,1.025,0.0,100.0,0.0,0.0,0.0,0.0,0.0,0
5.27666666666667,0.008491370089685162,0.01583000000000001,0.01,0.02,0.045,0.0,0.2,1.025,0.0,100.0,0.0,0.0,0.0,0.0,0.0,0
5.279999999999989,0.007741258970247943,0.015839999999999965,0.0,0.02,0.095,0.0,0.2,1.025,0.0,0.0,0.0,0.0,0.0,0.0,-600.0,0
5.279999999999989,0.007741258970247943,0.015839999999999965,0.0,0.02,0.095,0.0,0.2,1.025,0.0,0.0,0.0,0.0,0.0,0.0,-600.0,0
5.279999999999989,0.00880456241577814,0.015839999999999965,0.0,0.02,0.085,0.01,0.2,0.725,0.22499999999999998,0.0,150.0,0.0,0.0,0.0,-600.0,0
5.283333333333307,0.007483050977103236,0.01584999999999992,0.01,0.0,0.02,0.0,0.156,0.35,0.3,100.0,150.0,0.0,0.0,0.0,-150.0,0
5.283333333333307,0.009173928158202003,0.01584999999999992,0.0,0.02,0.095,0.0,0.21500000000000002,1.275,0.0,0.0,0.0,0.0,0.0,0.0,-150.0,0
5.283333333333307,0.009173928158202003,0.01584999999999992,0.0,0.02,0.095,0.0,0.21500000000000002,1.275,0.0,0.0,0.0,0.0,0.0,0.0,-150.0,0
5.283333333333307,0.007367060627977488,0.01584999999999992,0.0,0.0,0.07500000000000001,0.0,0.17099999999999999,0.725,0.0,100.0,150.0,0.0,0.0,0.0,0.0,0
5.283333333333307,0.007367060627977488,0.01584999999999992,0.0,0.0,0.07500000000000001,0.0,0.17099999999999999,0.725,0.0,100.0,150.0,0.0,0.0,0.0,0.0,0
5.2836000000000105,0.008445765237350862,0.013209000000000026,0.0,0.02,0.085,0.01,0.2,0.85,0.15,0.0,150.0,0.0,0.0,0.0,-150.0,0
5.2836000000000105,0.008169665667033813,0.013270000000000004,0.0,0.02,0.07500000000000001,0.01,0.2,0.85,0.15,100.0,0.0,0.0,0.0,0.0,-150.0,0
5.287599999999992,0.007946866007007612,0.01321899999999998,0.0,0.02,0.085,0.0,0.185,0.725,0.0,0.0,0.0,0.0,0.0,0.0,-600.0,0
5.287599999999992,0.007946866007007612,0.01321899999999998,0.0,0.02,0.085,0.0,0.185,0.725,0.0,0.0,0.0,0.0,0.0,0.0,-600.0,0
5.289999999999998,0.007421700219501448,0.015869999999999995,0.0,0.02,0.07500000000000001,0.0,0.2,1.275,0.075,0.0,150.0,0.0,0.0,0.0,-150.0,0
5.293333333333335,0.007903320825708266,0.015880000000000005,0.0,0.01,0.085,0.0,0.156,0.35,0.15,100.0,0.0,0.0,0.0,0.0,-600.0,0
5.293333333333335,0.00810459444914952,0.015880000000000005,0.0,0.01,0.085,0.0,0.156,0.35,0.0,100.0,150.0,0.0,0.0,0.0,0.0,0
5.293333333333335,0.007972523142597903,0.015880000000000005,0.0,0.0,0.07500000000000001,0.0,0.17099999999999999,0.725,0.0,100.0,0.0,0.0,0.0,0.0,0.0,0
5.293333333333335,0.007972523142597903,0.015880000000000005,0.0,0.0,0.07500000000000001,0.0,0.17099999999999999,0.725,0.0,100.0,0.0,0.0,0.0,0.0,0.0,0
5.293333333333335,0.00753971755537399,0.015880000000000005,0.01,0.02,0.01,0.0,0.185,1.025,0.075,100.0,150.0,0.0,0.0,0.0,-600.0,0
5.293333333333335,0.008466312070439755,0.015880000000000005,0.0,0.0,0.07500000000000001,0.0,0.17099999999999999,0.6,0.0,100.0,0.0,0.0,0.0,0.0,0.0,0
5.293333333333335,0.008466312070439755,0.015880000000000005,0.0,0.0,0.07500000000000001,0.0,0.17099999999999999,0.6,0.0,100.0,0.0,0.0,0.0,0.0,0.0,0
5.293333333333335,0.007972523142597903,0.015880000000000005,0.0,0.0,0.07500000000000001,0.0,0.17099999999999999,0.725,0.0,100.0,0.0,0.0,0.0,0.0,0.0,0
5.293333333333335,0.007972523142597903,0.015880000000000005,0.0,0.0,0.07500000000000001,0.0,0.17099999999999999,0.725,0.0,100.0,0.0,0.0,0.0,0.0,0.0,0
5.293333333333335,0.00912908478232965,0.015880000000000005,0.01,0.02,0.055,0.0,0.185,1.025,0.0,100.0,0.0,0.0,0.0,0.0,-150.0,0
5.293333333333335,0.00912908478232965,0.015880000000000005,0.01,0.02,0.055,0.0,0.185,1.025,0.0,100.0,0.0,0.0,0.0,0.0,-150.0,0
5.2966666666666535,0.008720991835370123,0.01588999999999996,0.01,0.0,0.045,0.0,0.2,1.15,0.0,100.0,0.0,0.0,0.0,0.0,0.0,0
5.29666666666669,0.008592735178733938,0.01589000000000007,0.01,0.02,0.03,0.0,0.21500000000000002,1.275,0.075,0.0,150.0,0.0,0.0,0.0,-600.0,0
5.299999999999971,0.00892524231852806,0.015899999999999914,0.0,0.01,0.095,0.0,0.2,1.025,0.0,0.0,0.0,0.0,0.0,0.0,-150.0,0
5.299999999999971,0.00892524231852806,0.015899999999999914,0.0,0.01,0.095,0.0,0.2,1.025,0.0,0.0,0.0,0.0,0.0,0.0,-150.0,0
5.29999999999999,0.008772508957385393,0.01589999999999997,0.0,0.01,0.07500000000000001,0.01,0.2,0.85,0.22499999999999998,0.0,0.0,0.0,0.0,0.0,-600.0,0
5.303333333333327,0.007718135838064444,0.01590999999999998,0.0,0.01,0.085,0.0,0.156,0.35,0.0,0.0,0.0,0.0,0.0,1.0,-150.0,0
5.303333333333327,0.007285389442804908,0.01590999999999998,0.0,0.0,0.07500000000000001,0.0,0.17099999999999999,0.725,0.0,100.0,150.0,0.0,0.0,0.0,-150.0,0
5.303333333333327,0.007285389442804908,0.01590999999999998,0.0,0.0,0.07500000000000001,0.0,0.17099999999999999,0.725,0.0,100.0,150.0,0.0,0.0,0.0,-150.0,0
5.303333333333327,0.009015110693431042,0.01590999999999998,0.01,0.02,0.034999999999999996,0.0,0.21500000000000002,1.15,0.0,100.0,0.0,0.0,0.0,0.0,-150.0,0
5.303333333333327,0.009015110693431042,0.01590999999999998,0.01,0.02,0.034999999999999996,0.0,0.21500000000000002,1.15,0.0,100.0,0.0,0.0,0.0,0.0,-150.0,0
5.303333333333364,0.008817548248300715,0.01591000000000009,0.0,0.01,0.085,0.0,0.156,0.6,0.15,0.0,0.0,0.0,0.0,0.0,-150.0,0
5.303333333333364,0.007575134473809439,0.01591000000000009,0.0,0.0,0.07500000000000001,0.0,0.156,0.85,0.0,100.0,0.0,0.0,0.0,0.0,0.0,0
5.303333333333364,0.007575134473809439,0.01591000000000009,0.0,0.0,0.07500000000000001,0.0,0.156,0.85,0.0,100.0,0.0,0.0,0.0,0.0,0.0,0
5.303333333333364,0.006810501700125126,0.01591000000000009,0.01,0.0,0.02,0.0,0.156,0.475,0.075,100.0,150.0,0.0,0.0,0.0,0.0,0
5.306666666666644,0.007671891268105247,0.015919999999999934,0.0,0.0,0.085,0.0,0.156,0.35,0.15,100.0,0.0,0.0,0.0,0.0,0.0,0
5.306666666666644,0.007174156608064607,0.015919999999999934,0.0,0.0,0.095,0.0,0.156,0.725,0.0,0.0,150.0,0.0,0.0,0.0,-600.0,0
5.306666666666644,0.007174156608064607,0.015919999999999934,0.0,0.0,0.095,0.0,0.156,0.725,0.0,0.0,150.0,0.0,0.0,0.0,-600.0,0
5.306666666666663,0.00923934786459319,0.01591999999999999,0.01,0.02,0.03,0.0,0.185,0.975,0.075,0.0,0.0,0.0,0.0,0.0,-600.0,0
5.306666666666682,0.00801052331485138,0.015920000000000045,0.01,0.0,0.02,0.0,0.156,0.35,0.3,0.0,150.0,0.0,0.0,0.0,-150.0,0
5.31,0.007772441205714981,0.01593,0.01,0.01,0.045,0.0,0.2,1.15,0.0,100.0,150.0,0.0,0.0,0.0,0.0,0
5.31,0.007558906059398722,0.01593,0.01,0.01,0.02,0.0,0.2,1.15,0.0,100.0,0.0,0.0,0.0,0.0,-600.0,0
5.31,0.007095805860845869,0.01593,0.0,0.0,0.07500000000000001,0.0,0.17099999999999999,0.85,0.0,100.0,0.0,0.0,0.0,0.0,-150.0,0
5.31,0.007095805860845869,0.01593,0.0,0.0,0.07500000000000001,0.0,0.17099999999999999,0.85,0.0,100.0,0.0,0.0,0.0,0.0,-150.0,0
5.31,0.007414197496595189,0.01593,0.01,0.02,0.02,0.0,0.185,1.15,0.0,100.0,0.0,0.0,0.0,0.0,-600.0,0
5.31,0.007414197496595189,0.01593,0.01,0.02,0.02,0.0,0.185,1.15,0.0,100.0,0.0,0.0,0.0,0.0,-600.0,0
5.31,0.008964952421843952,0.01593,0.01,0.0,0.034999999999999996,0.0,0.2,1.15,0.075,0.0,150.0,0.0,0.0,0.0,-150.0,0
5.313333333333318,0.007863577882307207,0.015939999999999954,0.0,0.01,0.085,0.0,0.156,0.35,0.0,100.0,0.0,0.0,0.0,0.0,0.0,0
5.313333333333318,0.008159444974769817,0.015939999999999954,0.01,0.0,0.02,0.0,0.156,0.35,0.0,0.0,400.0,0.0,0.0,0.0,-600.0,0
5.316666666666636,0.008050323485563919,0.01594999999999991,0.01,0.02,0.02,0.0,0.2,1.15,0.0,100.0,0.0,0.0,0.0,0.0,0.0,0
5.3166666666666735,0.00874166507149652,0.01595000000000002,0.0,0.02,0.085,0.0,0.156,0.35,0.0,100.0,0.0,0.0,0.0,1.0,0.0,0
5.3166666666666735,0.00968450916938239,0.01595000000000002,0.0,0.01,0.085,0.01,0.2,0.725,0.22499999999999998,0.0,0.0,0.0,0.0,0.0,-600.0,0
5.3166666666666735,0.00870077612970585,0.01595000000000002,0.0,0.0,0.095,0.0,0.17099999999999999,0.6,0.0,100.0,0.0,0.0,0.0,0.0,-150.0,0
5.3166666666666735,0.00870077612970585,0.01595000000000002,0.0,0.0,0.095,0.0,0.17099999999999999,0.6,0.0,100.0,0.0,0.0,0.0,0.0,-150.0,0
5.3166666666666735,0.00651810050153785,0.01595000000000002,0.01,0.01,0.034999999999999996,0.0,0.156,0.35,0.0,0.0,150.0,0.0,0.0,1.0,-150.0,0
5.3166666666666735,0.00651810050153785,0.01595000000000002,0.01,0.01,0.034999999999999996,0.0,0.156,0.35,0.0,0.0,150.0,0.0,0.0,1.0,-150.0,0
5.319999999999991,0.008910498431417642,0.015959999999999974,0.0,0.02,0.095,0.0,0.2,1.15,0.0,100.0,0.0,0.0,0.0,0.0,-600.0,0
5.319999999999991,0.008910498431417642,0.015959999999999974,0.0,0.02,0.095,0.0,0.2,1.15,0.0,100.0,0.0,0.0,0.0,0.0,-600.0,0
5.323333333333309,0.008646230353936513,0.01596999999999993,0.01,0.02,0.02,0.0,0.21500000000000002,1.275,0.075,0.0,150.0,0.0,0.0,0.0,-600.0,0
5.323333333333328,0.009323312600779383,0.015969999999999984,0.0,0.01,0.085,0.0,0.2,1.275,0.075,0.0,0.0,0.0,0.0,0.0,-150.0,0
5.323333333333347,0.007087803771006666,0.01597000000000004,0.01,0.02,0.045,0.0,0.2,1.15,0.0,0.0,400.0,0.0,0.0,0.0,0.0,0
5.326666666666664,0.00931053573268635,0.015979999999999994,-0.01,0.0,0.085,0.04,0.2,0.85,0.15,100.0,150.0,0.0,0.0,0.0,-150.0,0
5.326666666666664,0.008391094843145713,0.015979999999999994,0.0,0.02,0.085,0.0,0.21500000000000002,1.275,0.0,0.0,0.0,0.0,0.0,0.0,0.0,0
5.326666666666664,0.008391094843145713,0.015979999999999994,0.0,0.02,0.085,0.0,0.21500000000000002,1.275,0.0,0.0,0.0,0.0,0.0,0.0,0.0,0
5.326666666666664,0.006823803278611197,0.015979999999999994,0.01,0.0,0.02,0.0,0.156,0.6,0.075,100.0,150.0,0.0,0.0,0.0,0.0,0
5.326799999999965,0.007310021791526496,0.013316999999999912,0.0,0.0,0.07500000000000001,0.01,0.185,1.15,0.0,100.0,0.0,0.0,0.0,0.0,-600.0,0
5.326799999999965,0.007310021791526496,0.013316999999999912,0.0,0.0,0.07500000000000001,0.01,0.185,1.15,0.0,100.0,0.0,0.0,0.0,0.0,-600.0,0
5.327599999999988,0.009362501015180663,0.01523999999999992,0.0,0.02,0.085,0.02,0.2,0.6,0.3,100.0,0.0,0.0,0.0,0.0,-150.0,0
5.329999999999983,0.007264638967858839,0.01598999999999995,0.01,0.0,0.01,0.0,0.156,0.6,0.15,100.0,150.0,0.0,0.0,0.0,0.0,0
5.329999999999983,0.007178143631887005,0.01598999999999995,0.01,0.0,0.03,0.0,0.156,0.6,0.15,100.0,150.0,0.0,0.0,0.0,0.0,0
5.330000000000001,0.006854278960917352,0.015990000000000004,0.0,0.02,0.095,0.0,0.185,1.275,0.0,100.0,0.0,0.0,0.0,0.0,-150.0,0
5.330000000000001,0.006854278960917352,0.015990000000000004,0.0,0.02,0.095,0.0,0.185,1.275,0.0,100.0,0.0,0.0,0.0,0.0,-150.0,0
5.331600000000014,0.008274554440281648,0.013329000000000035,0.0,0.01,0.085,0.01,0.2,0.975,0.075,0.0,0.0,0.0,0.0,0.0,-600.0,0
5.331600000000014,0.008114202185742658,0.014149999999999996,0.0,0.02,0.085,0.01,0.185,0.725,0.15,100.0,0.0,0.0,0.0,0.0,0.0,0
5.333333333333338,0.00817714154076947,0.016000000000000014,0.01,0.0,0.045,0.0,0.2,1.15,0.0,0.0,150.0,0.0,0.0,0.0,-600.0,0
5.333333333333338,0.007132847911832487,0.016000000000000014,0.0,0.02,0.07500000000000001,0.0,0.2,1.275,0.075,0.0,0.0,0.0,0.0,0.0,0.0,0
5.333333333333338,0.008653671201245121,0.016000000000000014,0.0,0.02,0.095,0.01,0.2,0.85,0.075,0.0,0.0,0.0,0.0,0.0,-600.0,0
5.334400000000006,0.008368005430739671,0.013869999999999938,0.01,0.01,0.045,0.0,0.2,1.15,0.0,0.0,150.0,0.0,0.0,0.0,-150.0,0
5.336666666666656,0.007689209375144797,0.01600999999999997,0.0,0.02,0.095,0.0,0.185,0.725,0.0,0.0,0.0,0.0,0.0,0.0,-600.0,0
5.336666666666656,0.007689209375144797,0.01600999999999997,0.0,0.02,0.095,0.0,0.185,0.725,0.0,0.0,0.0,0.0,0.0,0.0,-600.0,0
5.3366666666666935,0.007392719496609876,0.01601000000000008,0.0,0.01,0.085,0.0,0.156,0.85,0.0,100.0,0.0,0.0,0.0,0.0,-600.0,0
5.339600000000022,0.008198906164623198,0.013349000000000055,0.0,0.0,0.085,0.01,0.2,1.15,0.0,100.0,0.0,0.0,0.0,0.0,-150.0,0
5.339999999999974,0.007575737788297371,0.016019999999999923,0.0,0.0,0.07500000000000001,0.0,0.17099999999999999,0.6,0.0,100.0,0.0,0.0,0.0,0.0,-600.0,0
5.339999999999974,0.007575737788297371,0.016019999999999923,0.0,0.0,0.07500000000000001,0.0,0.17099999999999999,0.6,0.0,100.0,0.0,0.0,0.0,0.0,-600.0,0
5.339999999999974,0.009085340658934515,0.016019999999999923,0.0,0.02,0.095,0.01,0.185,0.725,0.15,0.0,0.0,0.0,0.0,0.0,-600.0,0
5.339999999999993,0.006538081670178645,0.01601999999999998,0.0,0.02,0.07500000000000001,0.0,0.185,1.025,0.075,100.0,0.0,0.0,0.0,0.0,-600.0,0
5.340000000000011,0.008323666308473384,0.016020000000000034,0.0,0.0,0.095,0.0,0.17099999999999999,0.975,0.0,100.0,0.0,0.0,0.0,0.0,-600.0,0
5.340000000000011,0.008323666308473384,0.016020000000000034,0.0,0.0,0.095,0.0,0.17099999999999999,0.975,0.0,100.0,0.0,0.0,0.0,0.0,-600.0,0
5.343333333333329,0.009393249392417286,0.01602999999999999,0.0,0.02,0.085,0.01,0.2,0.6,0.3,0.0,0.0,0.0,0.0,0.0,-150.0,0
5.343333333333329,0.007526984596178663,0.01602999999999999,-0.01,0.02,0.085,0.04,0.2,0.35,0.3,0.0,150.0,0.0,0.0,0.0,-600.0,0
5.343333333333329,0.008384034567535455,0.01602999999999999,0.01,0.01,0.02,0.0,0.2,1.15,0.0,0.0,0.0,0.0,0.0,0.0,-600.0,0
5.343600000000004,0.008756233254934147,0.014190000000000036,0.0,0.02,0.085,0.01,0.2,0.725,0.15,0.0,0.0,0.0,0.0,0.0,-600.0,0
5.346666666666648,0.007479479190623035,0.016039999999999943,0.01,0.0,0.02,0.0,0.156,0.725,0.075,0.0,400.0,0.0,0.0,0.0,-600.0,0
5.346666666666648,0.00847410675288309,0.016039999999999943,0.0,0.0,0.085,0.01,0.2,1.025,0.0,100.0,150.0,0.0,0.0,0.0,-150.0,0
5.346666666666648,0.00847410675288309,0.016039999999999943,0.0,0.0,0.085,0.01,0.2,1.025,0.0,100.0,150.0,0.0,0.0,0.0,-150.0,0
5.346666666666684,0.008346797793609669,0.016040000000000054,0.0,0.02,0.095,0.01,0.2,0.85,0.075,0.0,150.0,0.0,0.0,0.0,-600.0,0
5.346666666666684,0.007994059326682427,0.016040000000000054,0.01,0.0,0.03,0.0,0.17099999999999999,0.475,0.075,100.0,0.0,0.0,0.0,0.0,-600.0,0
5.350000000000003,0.009370955645167864,0.01605000000000001,0.0,0.01,0.085,0.01,0.2,0.85,0.15,100.0,0.0,0.0,0.0,0.0,-600.0,0
5.350000000000003,0.007778721979196167,0.01605000000000001,0.01,0.01,0.045,0.0,0.2,1.15,0.0,100.0,150.0,0.0,0.0,0.0,-150.0,0
5.350000000000003,0.009492747371897467,0.01605000000000001,-0.01,0.0,0.085,0.04,0.2,0.85,0.15,100.0,150.0,0.0,0.0,0.0,0.0,0
5.350000000000003,0.008768972071182848,0.01605000000000001,0.0,0.01,0.07500000000000001,0.0,0.2,1.275,0.075,0.0,0.0,0.0,0.0,0.0,-600.0,0
5.353333333333321,0.00821399298848096,0.016059999999999963,0.0,0.02,0.07500000000000001,0.0,0.2,1.025,0.0,0.0,150.0,0.0,0.0,0.0,-150.0,0
5.353333333333321,0.00821399298848096,0.016059999999999963,0.0,0.02,0.07500000000000001,0.0,0.2,1.025,0.0,0.0,150.0,0.0,0.0,0.0,-150.0,0
5.353333333333358,0.008117278420934125,0.016060000000000074,0.01,0.0,0.02,0.0,0.156,0.35,0.3,0.0,150.0,0.0,0.0,0.0,0.0,0
5.35960000000002,0.00818685740367743,0.01339900000000005,0.0,0.02,0.07500000000000001,0.01,0.2,0.85,0.15,100.0,0.0,0.0,0.0,0.0,0.0,0
5.359999999999994,0.006861426376922362,0.016079999999999983,0.0,0.02,0.085,0.0,0.185,1.025,0.075,100.0,0.0,0.0,0.0,0.0,0.0,0
5.359999999999994,0.009548610878222216,0.016079999999999983,0.01,0.0,0.02,0.0,0.17099999999999999,0.975,0.075,0.0,400.0,0.0,0.0,0.0,-600.0,0
5.359999999999994,0.007854311205861312,0.016079999999999983,0.0,0.01,0.095,0.0,0.156,0.475,0.075,100.0,0.0,0.0,0.0,0.0,0.0,0
5.360000000000031,0.00765400689544735,0.016080000000000094,0.0,0.02,0.085,0.0,0.156,0.35,0.0,0.0,150.0,0.0,0.0,1.0,0.0,0
5.363333333333313,0.007360998477964276,0.016089999999999938,0.0,0.02,0.07500000000000001,0.0,0.2,1.15,0.0,0.0,150.0,0.0,0.0,0.0,-150.0,0
5.363333333333313,0.007360998477964276,0.016089999999999938,0.0,0.02,0.07500000000000001,0.0,0.2,1.15,0.0,0.0,150.0,0.0,0.0,0.0,-150.0,0
5.363333333333313,0.00892435353401017,0.016089999999999938,0.01,0.02,0.01,0.0,0.2,0.85,0.22499999999999998,0.0,0.0,0.0,0.0,0.0,-600.0,0
5.363333333333331,0.006893105202543572,0.016089999999999993,0.0,0.02,0.085,0.0,0.185,1.025,0.075,0.0,0.0,0.0,0.0,0.0,-600.0,0
5.363333333333349,0.006854131119799741,0.01609000000000005,0.0,0.01,0.07500000000000001,0.0,0.156,0.35,0.22499999999999998,100.0,0.0,0.0,0.0,0.0,-150.0,0
5.363600000000002,0.009747941476898432,0.015770000000000062,0.0,0.02,0.085,0.01,0.21500000000000002,0.85,0.075,0.0,0.0,0.0,0.0,0.0,-600.0,0
5.366666666666668,0.007644391606729525,0.016100000000000003,-0.01,0.02,0.085,0.04,0.2,0.35,0.3,0.0,0.0,0.0,0.0,0.0,-600.0,0
5.366666666666668,0.007176199040346246,0.016100000000000003,0.01,0.02,0.045,0.0,0.2,1.15,0.0,100.0,0.0,0.0,0.0,0.0,-600.0,0
5.366666666666668,0.008802773514952865,0.016100000000000003,0.0,0.02,0.085,0.0,0.156,0.35,0.0,100.0,0.0,0.0,0.0,1.0,-150.0,0
5.366666666666668,0.009001922144536472,0.016100000000000003,0.0,0.01,0.095,0.0,0.2,1.025,0.0,0.0,0.0,0.0,0.0,0.0,-600.0,0
5.366666666666668,0.009001922144536472,0.016100000000000003,0.0,0.01,0.095,0.0,0.2,1.025,0.0,0.0,0.0,0.0,0.0,0.0,-600.0,0
5.366666666666668,0.007404070457075181,0.016100000000000003,0.0,0.01,0.085,0.0,0.156,0.35,0.22499999999999998,100.0,0.0,0.0,0.0,0.0,0.0,0
5.373333333333322,0.008603575316240465,0.016119999999999968,0.0,0.02,0.085,0.0,0.2,1.275,0.075,0.0,150.0,0.0,0.0,0.0,0.0,0
5.373333333333322,0.0073415910627964796,0.016119999999999968,0.0,0.0,0.085,0.01,0.185,1.025,0.075,100.0,150.0,0.0,0.0,0.0,-150.0,0
5.373333333333341,0.008275190233910478,0.016120000000000023,0.01,0.0,0.02,0.0,0.156,0.6,0.15,100.0,0.0,0.0,0.0,0.0,-150.0,0
5.373333333333341,0.007533340073743287,0.016120000000000023,0.0,0.02,0.07500000000000001,0.0,0.2,1.025,0.0,100.0,0.0,0.0,0.0,0.0,-600.0,0
5.373333333333341,0.007533340073743287,0.016120000000000023,0.0,0.02,0.07500000000000001,0.0,0.2,1.025,0.0,100.0,0.0,0.0,0.0,0.0,-600.0,0
5.373333333333341,0.009291879373748667,0.016120000000000023,0.01,0.02,0.02,0.0,0.2,0.725,0.075,0.0,0.0,0.0,0.0,0.0,-600.0,0
5.376666666666696,0.007110627054705578,0.01613000000000009,0.01,0.01,0.034999999999999996,0.0,0.156,0.475,0.075,0.0,0.0,0.0,0.0,1.0,-600.0,0
5.379600000000018,0.008095944210940837,0.013449000000000044,0.0,0.02,0.085,0.01,0.2,0.975,0.075,0.0,0.0,0.0,0.0,0.0,-600.0,0
5.379999999999978,0.008682747862540079,0.016139999999999932,0.01,0.02,0.045,0.0,0.2,1.15,0.0,100.0,0.0,0.0,0.0,1.0,-600.0,0
5.379999999999978,0.008703195415733478,0.016139999999999932,-0.01,0.01,0.085,0.02,0.156,0.35,0.3,100.0,150.0,0.0,0.0,0.0,-150.0,0
5.379999999999978,0.008679163643782462,0.016139999999999932,0.0,0.02,0.07500000000000001,0.0,0.2,0.85,0.0,0.0,0.0,0.0,0.0,0.0,-600.0,0
5.379999999999978,0.008679163643782462,0.016139999999999932,0.0,0.02,0.07500000000000001,0.0,0.2,0.85,0.0,0.0,0.0,0.0,0.0,0.0,-600.0,0
5.380000000000014,0.008333433381621633,0.016140000000000043,0.01,0.0,0.02,0.0,0.156,0.6,0.15,100.0,0.0,0.0,0.0,0.0,0.0,0
5.380000000000014,0.009696967609248505,0.016140000000000043,0.0,0.02,0.085,0.01,0.21500000000000002,0.975,0.15,0.0,150.0,0.0,0.0,0.0,-600.0,0
5.383333333333333,0.009126440265838918,0.016149999999999998,0.0,0.02,0.085,0.0,0.2,1.025,0.075,100.0,0.0,0.0,0.0,0.0,-150.0,0
5.386666666666651,0.007397955278068118,0.016159999999999952,0.0,0.01,0.07500000000000001,0.0,0.2,1.15,0.0,0.0,0.0,0.0,0.0,0.0,-600.0,0
5.386666666666651,0.007397955278068118,0.016159999999999952,0.0,0.01,0.07500000000000001,0.0,0.2,1.15,0.0,0.0,0.0,0.0,0.0,0.0,-600.0,0
5.386666666666651,0.008471697153856863,0.016159999999999952,0.01,0.0,0.03,0.0,0.17099999999999999,0.475,0.3,100.0,0.0,0.0,0.0,0.0,-150.0,0
5.386666666666688,0.007783881165588277,0.016160000000000063,0.0,0.0,0.085,0.0,0.156,0.85,0.0,0.0,0.0,0.0,0.0,0.0,-600.0,0
5.387600000000026,0.009457057098429861,0.015880000000000005,0.01,0.0,0.045,0.0,0.2,1.025,0.0,0.0,150.0,0.0,0.0,0.0,-150.0,0
5.387600000000026,0.009457057098429861,0.015880000000000005,0.01,0.0,0.045,0.0,0.2,1.025,0.0,0.0,150.0,0.0,0.0,0.0,-150.0,0
5.390000000000006,0.007168438390818663,0.016170000000000018,0.01,0.02,0.045,0.0,0.2,1.15,0.0,0.0,400.0,0.0,0.0,0.0,-150.0,0
5.390000000000006,0.006653135941182319,0.016170000000000018,0.0,0.0,0.085,0.0,0.156,0.725,0.075,100.0,0.0,0.0,0.0,0.0,-150.0,0
5.390000000000006,0.006653135941182319,0.016170000000000018,0.0,0.0,0.085,0.0,0.156,0.725,0.075,100.0,0.0,0.0,0.0,0.0,-150.0,0
5.393333333333324,0.009220446526505539,0.016179999999999972,0.0,0.01,0.085,0.0,0.156,0.35,0.0,0.0,400.0,0.0,0.0,0.0,-150.0,0
5.393333333333324,0.007158454835341867,0.016179999999999972,0.0,0.0,0.07500000000000001,0.0,0.17099999999999999,0.85,0.075,100.0,0.0,0.0,0.0,0.0,0.0,0
5.393333333333324,0.00986412114686351,0.016179999999999972,0.0,0.02,0.07500000000000001,0.01,0.21500000000000002,0.975,0.22499999999999998,0.0,150.0,0.0,0.0,0.0,-600.0,0
5.393333333333324,0.009128676513541744,0.016179999999999972,0.0,0.01,0.085,0.0,0.2,1.15,0.075,0.0,0.0,0.0,0.0,0.0,0.0,0
5.393333333333361,0.007572199939642754,0.016180000000000083,0.01,0.0,0.01,0.0,0.156,0.475,0.22499999999999998,100.0,0.0,0.0,0.0,0.0,0.0,0
5.393333333333361,0.0077293697745101616,0.016180000000000083,0.01,0.01,0.034999999999999996,0.0,0.14100000000000001,0.22499999999999998,0.0,100.0,0.0,0.0,0.0,1.0,0.0,0
5.393333333333361,0.0077293697745101616,0.016180000000000083,0.01,0.01,0.034999999999999996,0.0,0.14100000000000001,0.22499999999999998,0.0,100.0,0.0,0.0,0.0,1.0,0.0,0
5.3966666666666425,0.008875374216419341,0.016189999999999927,-0.01,0.01,0.085,0.02,0.156,0.35,0.3,100.0,150.0,0.0,0.0,0.0,0.0,0
5.39666666666666,0.007089138698141067,0.016189999999999982,0.0,0.01,0.07500000000000001,0.0,0.185,1.15,0.075,0.0,0.0,0.0,0.0,0.0,0.0,0
5.396666666666679,0.008973403751581047,0.016190000000000038,0.0,0.01,0.085,0.0,0.156,0.6,0.15,0.0,0.0,0.0,0.0,0.0,0.0,0
5.396666666666679,0.009483625697504631,0.016190000000000038,0.0,0.02,0.085,0.01,0.2,0.6,0.3,0.0,0.0,0.0,0.0,0.0,0.0,0
5.396666666666679,0.008973403751581047,0.016190000000000038,0.0,0.01,0.085,0.0,0.156,0.6,0.15,0.0,0.0,0.0,0.0,0.0,0.0,0
5.396666666666679,0.009483625697504631,0.016190000000000038,0.0,0.02,0.085,0.01,0.2,0.6,0.3,0.0,0.0,0.0,0.0,0.0,0.0,0
5.396666666666679,0.007456094355427439,0.016190000000000038,0.01,0.0,0.01,0.0,0.156,0.475,0.22499999999999998,100.0,0.0,0.0,0.0,0.0,-150.0,0
5.399999999999998,0.008105839646228524,0.016199999999999992,0.01,0.02,0.03,0.0,0.2,0.975,0.15,0.0,0.0,0.0,0.0,0.0,-600.0,0
5.399999999999998,0.007477922225780014,0.016199999999999992,0.01,0.01,0.055,0.0,0.17099999999999999,0.475,0.0,0.0,0.0,0.0,0.0,1.0,-600.0,0
5.399999999999998,0.007477922225780014,0.016199999999999992,0.01,0.01,0.055,0.0,0.17099999999999999,0.475,0.0,0.0,0.0,0.0,0.0,1.0,-600.0,0
5.403333333333316,0.007686236910989138,0.016209999999999947,0.01,0.0,0.02,0.0,0.156,0.35,0.15,0.0,400.0,0.0,0.0,0.0,-150.0,0
5.403333333333316,0.0071916128670576835,0.016209999999999947,0.0,0.0,0.095,0.0,0.156,0.85,0.0,100.0,0.0,0.0,0.0,0.0,0.0,0
5.403333333333316,0.0071916128670576835,0.016209999999999947,0.0,0.0,0.095,0.0,0.156,0.85,0.0,100.0,0.0,0.0,0.0,0.0,0.0,0
5.403333333333316,0.008232856445928057,0.016209999999999947,0.0,0.01,0.07500000000000001,0.0,0.2,1.025,0.0,0.0,0.0,0.0,0.0,0.0,-600.0,0
5.403333333333316,0.008232856445928057,0.016209999999999947,0.0,0.01,0.07500000000000001,0.0,0.2,1.025,0.0,0.0,0.0,0.0,0.0,0.0,-600.0,0
5.403333333333316,0.009574445196188367,0.016209999999999947,0.0,0.02,0.07500000000000001,0.01,0.21500000000000002,0.85,0.15,0.0,0.0,0.0,0.0,0.0,-600.0,0
5.403599999999997,0.009003906275735104,0.015499999999999958,-0.01,0.01,0.085,0.04,0.2,0.85,0.15,0.0,0.0,0.0,0.0,0.0,-600.0,0
5.403599999999997,0.007459552617902702,0.013508999999999993,0.0,0.0,0.07500000000000001,0.01,0.185,1.025,0.0,100.0,150.0,0.0,0.0,0.0,0.0,0
5.403599999999997,0.007459552617902702,0.013508999999999993,0.0,0.0,0.07500000000000001,0.01,0.185,1.025,0.0,100.0,150.0,0.0,0.0,0.0,0.0,0
5.406666666666671,0.007771714435004629,0.016220000000000012,0.0,0.0,0.085,0.0,0.156,0.35,0.15,100.0,0.0,0.0,0.0,0.0,-150.0,0
5.406666666666671,0.007193113069431736,0.016220000000000012,0.01,0.0,0.02,0.0,0.156,0.6,0.15,100.0,150.0,0.0,0.0,0.0,-600.0,0
5.406666666666671,0.008679945899302289,0.016220000000000012,0.0,0.0,0.07500000000000001,0.01,0.2,1.025,0.075,100.0,0.0,0.0,0.0,0.0,-600.0,0
5.406666666666671,0.00927384290875666,0.016220000000000012,0.0,0.02,0.095,0.0,0.21500000000000002,1.275,0.0,0.0,0.0,0.0,0.0,0.0,0.0,0
5.406666666666671,0.00927384290875666,0.016220000000000012,0.0,0.02,0.095,0.0,0.21500000000000002,1.275,0.0,0.0,0.0,0.0,0.0,0.0,0.0,0
5.4076000000000235,0.008317192060892752,0.01544000000000001,0.0,0.02,0.07500000000000001,0.0,0.185,1.025,0.0,0.0,150.0,0.0,0.0,0.0,-150.0,0
5.4076000000000235,0.008317192060892752,0.01544000000000001,0.0,0.02,0.07500000000000001,0.0,0.185,1.025,0.0,0.0,150.0,0.0,0.0,0.0,-150.0,0
5.4076000000000235,0.0077896030469870176,0.013519000000000059,0.0,0.02,0.085,0.0,0.185,1.025,0.0,0.0,0.0,0.0,0.0,0.0,-150.0,0
5.4076000000000235,0.0077896030469870176,0.013519000000000059,0.0,0.02,0.085,0.0,0.185,1.025,0.0,0.0,0.0,0.0,0.0,0.0,-150.0,0
5.409999999999989,0.007427405015162368,0.016229999999999967,0.01,0.0,0.02,0.0,0.156,0.6,0.15,100.0,0.0,0.0,0.0,0.0,-600.0,0
5.409999999999989,0.00663167897292986,0.016229999999999967,0.0,0.0,0.085,0.0,0.156,0.725,0.075,100.0,0.0,0.0,0.0,0.0,0.0,0
5.409999999999989,0.00663167897292986,0.016229999999999967,0.0,0.0,0.085,0.0,0.156,0.725,0.075,100.0,0.0,0.0,0.0,0.0,0.0,0
5.410000000000026,0.007771066331329692,0.016230000000000078,0.0,0.01,0.085,0.0,0.156,0.35,0.15,0.0,150.0,0.0,0.0,0.0,0.0,0
5.413333333333307,0.007661781443560557,0.01623999999999992,0.01,0.0,0.02,0.0,0.156,0.35,0.15,0.0,400.0,0.0,0.0,0.0,0.0,0
5.413333333333325,0.007824217253478436,0.016239999999999977,0.0,0.02,0.095,0.0,0.185,1.025,0.075,0.0,0.0,0.0,0.0,0.0,-150.0,0
5.415599999999987,0.00819496385999759,0.014940000000000064,0.0,0.0,0.085,0.0,0.156,0.6,0.0,0.0,0.0,0.0,0.0,0.0,-600.0,0
5.4166666666666625,0.008175942627725063,0.016249999999999987,0.0,0.0,0.07500000000000001,0.0,0.156,0.975,0.0,0.0,150.0,0.0,0.0,0.0,-600.0,0
5.4166666666666625,0.008175942627725063,0.016249999999999987,0.0,0.0,0.07500000000000001,0.0,0.156,0.975,0.0,0.0,150.0,0.0,0.0,0.0,-600.0,0
5.416666666666699,0.0068893249198925,0.016250000000000098,0.0,0.01,0.07500000000000001,0.0,0.156,0.35,0.22499999999999998,100.0,0.0,0.0,0.0,0.0,0.0,0
5.41999999999998,0.009386345524020305,0.01625999999999994,-0.01,0.0,0.085,0.04,0.2,0.85,0.15,0.0,0.0,0.0,0.0,0.0,-600.0,0
5.41999999999998,0.00992942839352912,0.01625999999999994,0.0,0.02,0.085,0.0,0.2,1.025,0.075,100.0,0.0,0.0,0.0,0.0,-600.0,0
5.423333333333336,0.008241335521939695,0.016270000000000007,0.01,0.02,0.02,0.0,0.185,0.85,0.15,0.0,0.0,0.0,0.0,0.0,-600.0,0
5.423333333333336,0.007819011830148367,0.016270000000000007,0.01,0.01,0.034999999999999996,0.0,0.14100000000000001,0.22499999999999998,0.0,100.0,0.0,0.0,0.0,1.0,-150.0,0
5.423333333333336,0.007819011830148367,0.016270000000000007,0.01,0.01,0.034999999999999996,0.0,0.14100000000000001,0.22499999999999998,0.0,100.0,0.0,0.0,0.0,1.0,-150.0,0
5.426666666666653,0.009334007003465372,0.01627999999999996,0.0,0.0,0.085,0.01,0.2,1.15,0.075,100.0,0.0,0.0,0.0,0.0,-600.0,0
5.426666666666653,0.0074984266053323085,0.01627999999999996,0.01,0.0,0.02,0.0,0.156,0.475,0.3,100.0,0.0,0.0,0.0,0.0,-150.0,0
5.427600000000021,0.009116483975419138,0.016089999999999938,-0.01,0.02,0.085,0.04,0.2,0.85,0.15,100.0,0.0,0.0,0.0,0.0,-150.0,0
5.430000000000009,0.007304642618073655,0.016290000000000027,0.0,0.0,0.095,0.0,0.156,0.85,0.0,100.0,0.0,0.0,0.0,0.0,-150.0,0
5.430000000000009,0.007304642618073655,0.016290000000000027,0.0,0.0,0.095,0.0,0.156,0.85,0.0,100.0,0.0,0.0,0.0,0.0,-150.0,0
5.430000000000009,0.00854537475501827,0.016290000000000027,0.01,0.02,0.03,0.0,0.2,1.025,0.075,100.0,150.0,0.0,0.0,0.0,-600.0,0
5.430000000000009,0.0095767244110105,0.016290000000000027,0.0,0.02,0.085,0.01,0.21500000000000002,0.85,0.075,0.0,150.0,0.0,0.0,0.0,-600.0,0
5.430000000000009,0.007504415100459192,0.016290000000000027,0.01,0.0,0.02,0.0,0.156,0.475,0.3,100.0,0.0,0.0,0.0,0.0,0.0,0
5.430000000000009,0.008552159748880414,0.016290000000000027,0.0,0.01,0.085,0.0,0.17099999999999999,0.475,0.22499999999999998,100.0,0.0,0.0,0.0,0.0,0.0,0
5.433333333333327,0.007619230742739772,0.01629999999999998,0.01,0.01,0.02,0.0,0.2,1.15,0.0,0.0,150.0,0.0,0.0,0.0,-600.0,0
5.433333333333327,0.009088411917666631,0.01629999999999998,0.01,0.02,0.034999999999999996,0.0,0.21500000000000002,1.15,0.0,100.0,0.0,0.0,0.0,0.0,0.0,0
5.433333333333327,0.009088411917666631,0.01629999999999998,0.01,0.02,0.034999999999999996,0.0,0.21500000000000002,1.15,0.0,100.0,0.0,0.0,0.0,0.0,0.0,0
5.435599999999985,0.008350366552167353,0.015260000000000051,0.0,0.02,0.07500000000000001,0.0,0.185,0.975,0.0,0.0,0.0,0.0,0.0,0.0,-600.0,0
5.435599999999985,0.008350366552167353,0.015260000000000051,0.0,0.02,0.07500000000000001,0.0,0.185,0.975,0.0,0.0,0.0,0.0,0.0,0.0,-600.0,0
5.436666666666645,0.008045704494624112,0.016309999999999936,0.0,0.0,0.085,0.0,0.17099999999999999,0.6,0.075,100.0,0.0,0.0,0.0,0.0,-150.0,0
5.436666666666645,0.006734273042237552,0.016309999999999936,0.01,0.0,0.034999999999999996,0.0,0.14100000000000001,0.22499999999999998,0.0,0.0,0.0,0.0,0.0,1.0,0.0,0
5.436666666666645,0.006734273042237552,0.016309999999999936,0.01,0.0,0.034999999999999996,0.0,0.14100000000000001,0.22499999999999998,0.0,0.0,0.0,0.0,0.0,1.0,0.0,0
5.436666666666645,0.00856881560163449,0.016309999999999936,0.0,0.0,0.085,0.01,0.2,1.025,0.0,100.0,150.0,0.0,0.0,0.0,0.0,0
5.436666666666645,0.00856881560163449,0.016309999999999936,0.0,0.0,0.085,0.01,0.2,1.025,0.0,100.0,150.0,0.0,0.0,0.0,0.0,0
5.436666666666664,0.0074261250600435764,0.01630999999999999,0.01,0.02,0.01,0.0,0.2,1.275,0.075,0.0,150.0,0.0,0.0,0.0,-600.0,0
5.4366666666666825,0.009434433940506318,0.016310000000000047,0.01,0.02,0.03,0.0,0.185,1.15,0.0,0.0,150.0,0.0,0.0,0.0,-600.0,0
5.4366666666666825,0.009434433940506318,0.016310000000000047,0.01,0.02,0.03,0.0,0.185,1.15,0.0,0.0,150.0,0.0,0.0,0.0,-600.0,0
5.44,0.007740809178680281,0.01632,0.0,0.0,0.085,0.0,0.156,0.85,0.0,100.0,150.0,0.0,0.0,0.0,-600.0,0
5.44,0.00811395049693221,0.01632,-0.01,0.02,0.085,0.04,0.2,0.6,0.3,100.0,0.0,0.0,0.0,0.0,0.0,0
5.442400000000003,0.008501932769365714,0.014529999999999932,0.01,0.02,0.034999999999999996,0.0,0.2,1.025,0.0,100.0,0.0,0.0,0.0,0.0,-150.0,0
5.442400000000003,0.008501932769365714,0.014529999999999932,0.01,0.02,0.034999999999999996,0.0,0.2,1.025,0.0,100.0,0.0,0.0,0.0,0.0,-150.0,0
5.443333333333318,0.00812702014088621,0.016329999999999956,0.02,0.02,0.0,0.01,0.2,0.85,0.0,0.0,150.0,0.0,0.0,1.0,-150.0,0
5.443333333333318,0.007321687930262248,0.016329999999999956,0.0,0.02,0.07500000000000001,0.0,0.2,1.15,0.0,100.0,0.0,0.0,0.0,0.0,0.0,0
5.443333333333318,0.007321687930262248,0.016329999999999956,0.0,0.02,0.07500000000000001,0.0,0.2,1.15,0.0,100.0,0.0,0.0,0.0,0.0,0.0,0
5.443333333333356,0.007864716994743497,0.016330000000000067,0.01,0.02,0.01,0.0,0.185,1.025,0.075,0.0,150.0,0.0,0.0,0.0,-600.0,0
5.443599999999993,0.009019366492494104,0.014619999999999966,0.0,0.02,0.07500000000000001,0.01,0.21500000000000002,0.975,0.075,0.0,150.0,0.0,0.0,0.0,-600.0,0
5.446399999999985,0.008393368727310412,0.014170000000000016,0.01,0.01,0.045,0.0,0.2,1.15,0.0,0.0,150.0,0.0,0.0,0.0,0.0,0
5.446666666666655,0.007546761243027304,0.016339999999999966,0.0,0.02,0.07500000000000001,0.01,0.2,0.975,0.15,0.0,150.0,0.0,0.0,0.0,-600.0,0
5.446666666666673,0.006879779825288334,0.01634000000000002,0.01,0.0,0.01,0.0,0.156,0.475,0.15,100.0,0.0,0.0,0.0,0.0,-600.0,0
5.447600000000019,0.009909079491575908,0.016170000000000018,0.0,0.01,0.085,0.02,0.2,0.6,0.3,100.0,0.0,0.0,0.0,0.0,-150.0,0
5.447600000000019,0.008149059254953323,0.015469999999999984,0.0,0.01,0.07500000000000001,0.0,0.185,1.15,0.0,0.0,0.0,0.0,0.0,0.0,0.0,0
5.447600000000019,0.008149059254953323,0.015469999999999984,0.0,0.01,0.07500000000000001,0.0,0.185,1.15,0.0,0.0,0.0,0.0,0.0,0.0,0.0,0
5.453333333333347,0.007143545706388332,0.01636000000000004,0.01,0.0,0.01,0.0,0.156,0.475,0.075,100.0,150.0,0.0,0.0,0.0,0.0,0
5.456666666666665,0.009121518477388145,0.016369999999999996,0.0,0.0,0.085,0.0,0.156,0.85,0.0,0.0,0.0,0.0,0.0,0.0,0.0,0
5.456666666666665,0.009121518477388145,0.016369999999999996,0.0,0.0,0.085,0.0,0.156,0.85,0.0,0.0,0.0,0.0,0.0,0.0,0.0,0
5.458399999999974,0.009646015339295582,0.01483000000000001,0.01,0.02,0.03,0.0,0.185,0.85,0.075,0.0,0.0,0.0,0.0,0.0,-600.0,0
5.459999999999983,0.00812226706629966,0.01637999999999995,0.02,0.02,0.0,0.01,0.2,0.85,0.0,0.0,150.0,0.0,0.0,1.0,0.0,0
5.459999999999983,0.009015826089387141,0.01637999999999995,0.0,0.01,0.095,0.0,0.2,1.025,0.0,0.0,0.0,0.0,0.0,0.0,0.0,0
5.459999999999983,0.009015826089387141,0.01637999999999995,0.0,0.01,0.095,0.0,0.2,1.025,0.0,0.0,0.0,0.0,0.0,0.0,0.0,0
5.459999999999983,0.007547874417491469,0.01637999999999995,0.01,0.01,0.055,0.0,0.156,0.35,0.0,0.0,150.0,0.0,0.0,1.0,-150.0,0
5.459999999999983,0.007547874417491469,0.01637999999999995,0.01,0.01,0.055,0.0,0.156,0.35,0.0,0.0,150.0,0.0,0.0,1.0,-150.0,0
5.460000000000002,0.007321383298763113,0.016380000000000006,0.0,0.0,0.07500000000000001,0.0,0.17099999999999999,0.975,0.075,100.0,0.0,0.0,0.0,0.0,0.0,0
5.463333333333338,0.007432179486928831,0.016390000000000016,-0.01,0.01,0.085,0.04,0.2,0.85,0.15,100.0,150.0,0.0,0.0,0.0,-600.0,0
5.463599999999991,0.00850341452550635,0.013658999999999977,0.0,0.02,0.085,0.01,0.2,0.85,0.15,0.0,150.0,0.0,0.0,0.0,0.0,0
5.466666666666657,0.007978291662495899,0.01639999999999997,0.0,0.02,0.07500000000000001,0.01,0.2,0.85,0.22499999999999998,0.0,150.0,0.0,0.0,0.0,-600.0,0
5.466666666666657,0.007193995443732512,0.01639999999999997,0.01,0.01,0.034999999999999996,0.0,0.17099999999999999,0.475,0.0,0.0,150.0,0.0,0.0,1.0,-150.0,0
5.466666666666657,0.007193995443732512,0.01639999999999997,0.01,0.01,0.034999999999999996,0.0,0.17099999999999999,0.475,0.0,0.0,150.0,0.0,0.0,1.0,-150.0,0
5.469999999999975,0.007791044816539911,0.016409999999999925,0.01,0.01,0.055,0.0,0.156,0.35,0.0,100.0,0.0,0.0,0.0,1.0,0.0,0
5.469999999999975,0.007791044816539911,0.016409999999999925,0.01,0.01,0.055,0.0,0.156,0.35,0.0,100.0,0.0,0.0,0.0,1.0,0.0,0
5.4699999999999935,0.008286919684168028,0.01640999999999998,0.0,0.01,0.085,0.01,0.185,0.975,0.075,0.0,0.0,0.0,0.0,0.0,-600.0,0
5.470000000000012,0.007733845677472673,0.016410000000000036,0.01,0.0,0.02,0.0,0.156,0.35,0.15,0.0,150.0,0.0,0.0,0.0,-600.0,0
5.470000000000012,0.007191610395041852,0.016410000000000036,0.01,0.01,0.045,0.0,0.156,0.475,0.0,0.0,150.0,0.0,0.0,1.0,-150.0,0
5.470000000000012,0.007191610395041852,0.016410000000000036,0.01,0.01,0.045,0.0,0.156,0.475,0.0,0.0,150.0,0.0,0.0,1.0,-150.0,0
5.470399999999964,0.009158777578953453,0.01473000000000002,0.01,0.02,0.034999999999999996,0.0,0.185,1.025,0.0,100.0,0.0,0.0,0.0,0.0,-150.0,0
5.470399999999964,0.009158777578953453,0.01473000000000002,0.01,0.02,0.034999999999999996,0.0,0.185,1.025,0.0,100.0,0.0,0.0,0.0,0.0,-150.0,0
5.471599999999999,0.008315399685278247,0.013678999999999997,0.0,0.0,0.085,0.01,0.2,1.15,0.0,100.0,0.0,0.0,0.0,0.0,0.0,0
5.475600000000025,0.008240645834992389,0.013689000000000062,0.0,0.02,0.085,0.01,0.2,0.85,0.075,0.0,150.0,0.0,0.0,0.0,-600.0,0
5.476666666666648,0.00849561211798532,0.016429999999999945,0.0,0.01,0.085,0.0,0.156,0.35,0.15,0.0,0.0,0.0,0.0,0.0,-150.0,0
5.476666666666648,0.008359642961541132,0.016429999999999945,0.0,0.02,0.07500000000000001,0.0,0.2,1.025,0.075,100.0,0.0,0.0,0.0,0.0,-150.0,0
5.476666666666648,0.006644676460088859,0.016429999999999945,0.0,0.0,0.07500000000000001,0.0,0.17099999999999999,0.975,0.0,100.0,0.0,0.0,0.0,0.0,0.0,0
5.476666666666648,0.006644676460088859,0.016429999999999945,0.0,0.0,0.07500000000000001,0.0,0.17099999999999999,0.975,0.0,100.0,0.0,0.0,0.0,0.0,0.0,0
5.476666666666648,0.008463209315970251,0.016429999999999945,0.0,0.01,0.07500000000000001,0.0,0.2,1.15,0.075,0.0,0.0,0.0,0.0,0.0,-150.0,0
5.476666666666648,0.008423653737915392,0.016429999999999945,0.01,0.0,0.03,0.0,0.17099999999999999,0.475,0.3,100.0,0.0,0.0,0.0,0.0,0.0,0
5.479600000000007,0.008124622844807628,0.014599999999999946,0.0,0.01,0.07500000000000001,0.0,0.185,1.15,0.0,0.0,0.0,0.0,0.0,0.0,-150.0,0
5.479600000000007,0.008124622844807628,0.014599999999999946,0.0,0.01,0.07500000000000001,0.0,0.185,1.15,0.0,0.0,0.0,0.0,0.0,0.0,-150.0,0
5.480000000000003,0.008533771737870299,0.01644000000000001,-0.01,0.01,0.085,0.02,0.156,0.35,0.3,100.0,0.0,0.0,0.0,0.0,-600.0,0
5.480000000000003,0.008367020625536183,0.01644000000000001,-0.01,0.01,0.085,0.04,0.2,0.85,0.15,0.0,400.0,0.0,0.0,0.0,0.0,0
5.480000000000003,0.006438022188817286,0.01644000000000001,0.0,0.01,0.085,0.0,0.156,0.6,0.0,100.0,150.0,0.0,0.0,0.0,-150.0,0
5.480000000000003,0.008096770645688863,0.01644000000000001,0.0,0.02,0.095,0.0,0.2,1.025,0.0,0.0,150.0,0.0,0.0,0.0,-600.0,0
5.480000000000003,0.008096770645688863,0.01644000000000001,0.0,0.02,0.095,0.0,0.2,1.025,0.0,0.0,150.0,0.0,0.0,0.0,-600.0,0
5.480000000000003,0.007236304873498761,0.01644000000000001,0.01,0.02,0.02,0.0,0.185,1.275,0.0,100.0,0.0,0.0,0.0,0.0,-600.0,0
5.480000000000003,0.007236304873498761,0.01644000000000001,0.01,0.02,0.02,0.0,0.185,1.275,0.0,100.0,0.0,0.0,0.0,0.0,-600.0,0
5.480000000000003,0.007610361606243012,0.01644000000000001,0.01,0.01,0.055,0.0,0.156,0.475,0.0,0.0,150.0,0.0,0.0,1.0,-150.0,0
5.480000000000003,0.007610361606243012,0.01644000000000001,0.01,0.01,0.055,0.0,0.156,0.475,0.0,0.0,150.0,0.0,0.0,1.0,-150.0,0
5.483333333333322,0.007025368533894647,0.016449999999999965,0.0,0.0,0.085,0.0,0.156,0.6,0.0,0.0,400.0,0.0,0.0,0.0,0.0,0
5.483333333333322,0.007654553720934132,0.016449999999999965,0.01,0.01,0.02,0.0,0.156,0.35,0.3,0.0,400.0,0.0,0.0,0.0,0.0,0
5.483333333333322,0.009573977040413774,0.016449999999999965,0.0,0.02,0.07500000000000001,0.01,0.21500000000000002,0.975,0.22499999999999998,0.0,0.0,0.0,0.0,0.0,-600.0,0
5.4835999999999885,0.008191901651427844,0.016129999999999978,0.0,0.02,0.07500000000000001,0.0,0.2,1.15,0.0,0.0,0.0,0.0,0.0,0.0,0.0,0
5.4835999999999885,0.008191901651427844,0.016129999999999978,0.0,0.02,0.07500000000000001,0.0,0.2,1.15,0.0,0.0,0.0,0.0,0.0,0.0,0.0,0
5.48666666666664,0.006763755098836515,0.01645999999999992,0.01,0.0,0.034999999999999996,0.0,0.14100000000000001,0.22499999999999998,0.0,0.0,0.0,0.0,0.0,1.0,-150.0,0
5.48666666666664,0.006763755098836515,0.01645999999999992,0.01,0.0,0.034999999999999996,0.0,0.14100000000000001,0.22499999999999998,0.0,0.0,0.0,0.0,0.0,1.0,-150.0,0
5.48666666666664,0.00795199793669397,0.01645999999999992,0.0,0.01,0.095,0.0,0.156,0.475,0.075,100.0,0.0,0.0,0.0,0.0,-150.0,0
5.486666666666677,0.007969497642051642,0.01646000000000003,0.0,0.01,0.085,0.0,0.156,0.35,0.0,0.0,150.0,0.0,0.0,0.0,-600.0,0
5.486666666666677,0.007814739212728903,0.01646000000000003,0.0,0.0,0.07500000000000001,0.0,0.156,0.475,0.0,100.0,0.0,0.0,0.0,0.0,-150.0,0
5.486666666666677,0.007814739212728903,0.01646000000000003,0.0,0.0,0.07500000000000001,0.0,0.156,0.475,0.0,100.0,0.0,0.0,0.0,0.0,-150.0,0
5.487600000000015,0.008146715907288882,0.015579999999999927,0.0,0.02,0.07500000000000001,0.0,0.2,1.15,0.0,0.0,0.0,0.0,0.0,0.0,-150.0,0
5.487600000000015,0.008146715907288882,0.015579999999999927,0.0,0.02,0.07500000000000001,0.0,0.2,1.15,0.0,0.0,0.0,0.0,0.0,0.0,-150.0,0
5.489999999999995,0.008592109476680284,0.016469999999999985,0.0,0.01,0.085,0.0,0.156,0.35,0.15,0.0,0.0,0.0,0.0,0.0,0.0,0
5.489999999999995,0.008592109476680284,0.016469999999999985,0.0,0.01,0.085,0.0,0.156,0.35,0.15,0.0,0.0,0.0,0.0,0.0,0.0,0
5.489999999999995,0.009222861374103252,0.016469999999999985,0.0,0.02,0.085,0.01,0.2,0.6,0.15,0.0,0.0,0.0,0.0,0.0,-600.0,0
5.489999999999995,0.009258050434721747,0.016469999999999985,-0.01,0.0,0.085,0.04,0.2,0.85,0.15,0.0,150.0,0.0,0.0,0.0,-600.0,0
5.489999999999995,0.007952918872501614,0.016469999999999985,0.01,0.0,0.03,0.0,0.17099999999999999,0.475,0.15,100.0,0.0,0.0,0.0,0.0,-600.0,0
5.490000000000032,0.007102380618105768,0.016470000000000096,0.01,0.01,0.02,0.0,0.156,0.35,0.3,100.0,150.0,0.0,0.0,0.0,-150.0,0
5.49333333333335,0.006389420254231609,0.01648000000000005,0.0,0.01,0.085,0.0,0.156,0.6,0.0,100.0,150.0,0.0,0.0,0.0,0.0,0
5.495600000000023,0.009362730216721564,0.015039999999999942,0.0,0.02,0.085,0.02,0.2,0.6,0.3,100.0,0.0,0.0,0.0,0.0,0.0,0
5.496666666666668,0.006772313358241939,0.016490000000000005,0.0,0.0,0.085,0.0,0.156,0.6,0.075,100.0,0.0,0.0,0.0,0.0,-600.0,0
5.496666666666668,0.009185586781393897,0.016490000000000005,0.0,0.01,0.095,0.01,0.2,0.85,0.075,0.0,0.0,0.0,0.0,0.0,-600.0,0
5.496666666666668,0.008305985664076955,0.016490000000000005,0.01,0.0,0.03,0.0,0.156,0.975,0.0,0.0,400.0,0.0,0.0,0.0,-600.0,0
5.496666666666668,0.008305985664076955,0.016490000000000005,0.01,0.0,0.03,0.0,0.156,0.975,0.0,0.0,400.0,0.0,0.0,0.0,-600.0,0
5.496666666666668,0.007539703408057991,0.016490000000000005,0.01,0.0,0.02,0.0,0.14100000000000001,0.22499999999999998,0.22499999999999998,100.0,0.0,0.0,0.0,0.0,-600.0,0
5.496666666666668,0.008004338689226722,0.016490000000000005,0.0,0.02,0.095,0.0,0.2,0.975,0.0,0.0,0.0,0.0,0.0,0.0,-600.0,0
5.496666666666668,0.008004338689226722,0.016490000000000005,0.0,0.02,0.095,0.0,0.2,0.975,0.0,0.0,0.0,0.0,0.0,0.0,-600.0,0
5.499999999999987,0.007537727091352123,0.01649999999999996,0.0,0.01,0.085,0.0,0.156,0.35,0.22499999999999998,100.0,0.0,0.0,0.0,0.0,-150.0,0
5.500000000000023,0.007147409636960671,0.01650000000000007,0.01,0.0,0.01,0.0,0.156,0.6,0.075,100.0,150.0,0.0,0.0,0.0,0.0,0
5.503333333333323,0.007963167623037485,0.01650999999999997,0.0,0.02,0.07500000000000001,0.0,0.2,1.275,0.075,0.0,150.0,0.0,0.0,0.0,-600.0,0
5.503333333333342,0.00889928819875187,0.016510000000000025,0.0,0.0,0.085,0.0,0.156,0.85,0.0,0.0,0.0,0.0,0.0,0.0,-150.0,0
5.503333333333342,0.00939731947990527,0.016510000000000025,0.01,0.0,0.02,0.0,0.156,0.35,0.3,0.0,0.0,0.0,0.0,0.0,-150.0,0
5.503333333333342,0.009914162115097984,0.016510000000000025,-0.01,0.01,0.085,0.02,0.156,0.35,0.3,0.0,150.0,0.0,0.0,0.0,-600.0,0
5.503333333333342,0.008196609195044988,0.016510000000000025,0.02,0.02,0.0,0.01,0.2,0.85,0.0,0.0,0.0,0.0,0.0,1.0,-600.0,0
5.503333333333342,0.008171098031295223,0.016510000000000025,-0.01,0.01,0.085,0.04,0.2,0.85,0.15,0.0,400.0,0.0,0.0,0.0,-150.0,0
5.503333333333342,0.008680658410768413,0.016510000000000025,0.0,0.01,0.085,0.0,0.17099999999999999,0.475,0.22499999999999998,100.0,0.0,0.0,0.0,0.0,-150.0,0
5.50666666666666,0.00875864656803227,0.01651999999999998,0.01,0.02,0.02,0.0,0.2,0.725,0.22499999999999998,0.0,0.0,0.0,0.0,0.0,-600.0,0
5.50666666666666,0.007787003469694663,0.01651999999999998,0.01,0.02,0.055,0.0,0.2,1.275,0.0,100.0,0.0,0.0,0.0,0.0,0.0,0
5.50666666666666,0.007787003469694663,0.01651999999999998,0.01,0.02,0.055,0.0,0.2,1.275,0.0,100.0,0.0,0.0,0.0,0.0,0.0,0
5.50666666666666,0.008551162238528134,0.01651999999999998,0.01,0.0,0.055,0.0,0.185,1.275,0.0,0.0,150.0,0.0,0.0,0.0,-150.0,0
5.50666666666666,0.008551162238528134,0.01651999999999998,0.01,0.0,0.055,0.0,0.185,1.275,0.0,0.0,150.0,0.0,0.0,0.0,-150.0,0
5.50666666666666,0.008603026345205276,0.01651999999999998,0.01,0.0,0.055,0.0,0.2,1.275,0.0,0.0,150.0,0.0,0.0,0.0,-150.0,0
5.50666666666666,0.008603026345205276,0.01651999999999998,0.01,0.0,0.055,0.0,0.2,1.275,0.0,0.0,150.0,0.0,0.0,0.0,-150.0,0
5.509999999999996,0.010541485983519621,0.01652999999999999,0.0,0.02,0.085,0.04,0.24,1.15,0.15,100.0,0.0,0.0,0.0,0.0,0.0,0
5.509999999999996,0.007139031893076979,0.01652999999999999,0.0,0.02,0.07500000000000001,0.0,0.2,1.275,0.075,0.0,0.0,0.0,0.0,0.0,-150.0,0
5.510000000000015,0.010023252155751533,0.016530000000000045,0.0,0.02,0.085,0.0,0.2,1.15,0.0,0.0,400.0,0.0,0.0,0.0,-600.0,0
5.510000000000015,0.007541993945016566,0.016530000000000045,0.01,0.01,0.045,0.0,0.2,1.15,0.0,100.0,0.0,0.0,0.0,0.0,-600.0,0
5.513333333333333,0.008323813945097068,0.01654,0.01,0.02,0.01,0.0,0.2,0.85,0.15,0.0,0.0,0.0,0.0,0.0,-600.0,0
5.513333333333333,0.009988638623734229,0.01654,0.0,0.02,0.085,0.01,0.21500000000000002,0.975,0.15,100.0,0.0,0.0,0.0,0.0,-150.0,0
5.513333333333333,0.00806089844730584,0.01654,0.01,0.0,0.02,0.0,0.17099999999999999,0.725,0.15,100.0,150.0,0.0,0.0,0.0,0.0,0
5.5166666666666515,0.007909319917385775,0.016549999999999954,0.0,0.01,0.085,0.0,0.156,0.35,0.3,0.0,0.0,0.0,0.0,0.0,0.0,0
5.5166666666666515,0.007909319917385775,0.016549999999999954,0.0,0.01,0.085,0.0,0.156,0.35,0.3,0.0,0.0,0.0,0.0,0.0,0.0,0
5.5166666666666515,0.007223944551897427,0.016549999999999954,0.01,0.0,0.0,0.0,0.156,0.35,0.3,0.0,150.0,0.0,0.0,0.0,-600.0,0
5.5166666666666515,0.008687871627010109,0.016549999999999954,0.0,0.02,0.085,0.02,0.2,0.6,0.3,100.0,150.0,0.0,0.0,0.0,0.0,0
5.5166666666666515,0.008039435123882208,0.016549999999999954,0.0,0.02,0.07500000000000001,0.0,0.2,1.025,0.0,100.0,0.0,0.0,0.0,0.0,-150.0,0
5.5166666666666515,0.008039435123882208,0.016549999999999954,0.0,0.02,0.07500000000000001,0.0,0.2,1.025,0.0,100.0,0.0,0.0,0.0,0.0,-150.0,0
5.5166666666666515,0.009195200765133464,0.016549999999999954,0.0,0.02,0.085,0.0,0.2,1.025,0.075,100.0,0.0,0.0,0.0,0.0,0.0,0
5.5166666666666515,0.007648317805848497,0.016549999999999954,0.0,0.0,0.095,0.0,0.156,0.6,0.0,100.0,0.0,0.0,0.0,0.0,-600.0,0
5.5166666666666515,0.007648317805848497,0.016549999999999954,0.0,0.0,0.095,0.0,0.156,0.6,0.0,100.0,0.0,0.0,0.0,0.0,-600.0,0
5.516666666666669,0.007501197538961255,0.01655000000000001,0.01,0.0,0.02,0.0,0.156,0.35,0.0,100.0,150.0,0.0,0.0,0.0,-150.0,0
5.516666666666688,0.009322504793757394,0.016550000000000065,0.0,0.02,0.085,0.01,0.2,0.6,0.3,0.0,150.0,0.0,0.0,0.0,-150.0,0
5.518399999999968,0.008688613924322196,0.014289999999999914,0.01,0.02,0.045,0.0,0.2,1.15,0.0,0.0,150.0,0.0,0.0,0.0,-150.0,0
5.519999999999969,0.0071538353401566215,0.016559999999999908,0.01,0.0,0.0,0.0,0.156,0.35,0.3,0.0,0.0,0.0,0.0,0.0,-600.0,0
5.519999999999969,0.00975503710720583,0.016559999999999908,0.0,0.02,0.07500000000000001,0.01,0.21500000000000002,0.85,0.22499999999999998,0.0,0.0,0.0,0.0,0.0,-600.0,0
5.519999999999988,0.008614288221063611,0.016559999999999964,0.0,0.02,0.085,0.0,0.2,1.275,0.075,0.0,150.0,0.0,0.0,0.0,-150.0,0
5.519999999999988,0.008389844880038652,0.016559999999999964,0.0,0.02,0.07500000000000001,0.01,0.185,0.725,0.22499999999999998,0.0,150.0,0.0,0.0,0.0,-600.0,0
5.519999999999988,0.007294775710511365,0.016559999999999964,0.0,0.0,0.085,0.0,0.156,0.975,0.0,100.0,0.0,0.0,0.0,0.0,-600.0,0
5.519999999999988,0.007294775710511365,0.016559999999999964,0.0,0.0,0.085,0.0,0.156,0.975,0.0,100.0,0.0,0.0,0.0,0.0,-600.0,0
5.520000000000007,0.00786291144363016,0.01656000000000002,0.01,0.02,0.02,0.0,0.185,1.025,0.0,100.0,0.0,0.0,0.0,0.0,-600.0,0
5.520000000000007,0.00786291144363016,0.01656000000000002,0.01,0.02,0.02,0.0,0.185,1.025,0.0,100.0,0.0,0.0,0.0,0.0,-600.0,0
5.522399999999994,0.008548189286280096,0.014859999999999984,0.01,0.02,0.03,0.0,0.2,1.025,0.0,0.0,150.0,0.0,0.0,0.0,-600.0,0
5.522399999999994,0.008548189286280096,0.014859999999999984,0.01,0.02,0.03,0.0,0.2,1.025,0.0,0.0,150.0,0.0,0.0,0.0,-600.0,0
5.5233333333333245,0.009395206307237504,0.016569999999999974,0.0,0.02,0.085,0.01,0.2,0.6,0.3,0.0,150.0,0.0,0.0,0.0,0.0,0
5.5233333333333245,0.00949000546774224,0.016569999999999974,0.0,0.02,0.085,0.0,0.2,0.85,0.15,0.0,0.0,0.0,0.0,0.0,-150.0,0
5.5233333333333245,0.009006421787114315,0.016569999999999974,0.0,0.02,0.095,0.0,0.2,1.275,0.0,100.0,0.0,0.0,0.0,0.0,-600.0,0
5.5233333333333245,0.009006421787114315,0.016569999999999974,0.0,0.02,0.095,0.0,0.2,1.275,0.0,100.0,0.0,0.0,0.0,0.0,-600.0,0
5.5233333333333245,0.0071551688180513775,0.016569999999999974,0.01,0.01,0.055,0.0,0.156,0.475,0.0,100.0,0.0,0.0,0.0,1.0,0.0,0
5.5233333333333245,0.0071551688180513775,0.016569999999999974,0.01,0.01,0.055,0.0,0.156,0.475,0.0,100.0,0.0,0.0,0.0,1.0,0.0,0
5.5233333333333245,0.008377964267007772,0.016569999999999974,0.01,0.01,0.055,0.0,0.17099999999999999,0.475,0.0,100.0,0.0,0.0,0.0,1.0,0.0,0
5.5233333333333245,0.008377964267007772,0.016569999999999974,0.01,0.01,0.055,0.0,0.17099999999999999,0.475,0.0,100.0,0.0,0.0,0.0,1.0,0.0,0
5.5233333333333245,0.007258926820997182,0.016569999999999974,0.01,0.02,0.034999999999999996,0.0,0.2,1.15,0.075,100.0,0.0,0.0,0.0,0.0,0.0,0
5.526666666666661,0.008693796898853709,0.016579999999999984,0.0,0.01,0.085,0.01,0.2,0.975,0.15,0.0,0.0,0.0,0.0,0.0,-600.0,0
5.52666666666668,0.010678224991212864,0.01658000000000004,-0.01,0.01,0.085,0.02,0.156,0.35,0.3,0.0,0.0,0.0,0.0,0.0,-600.0,0
5.529999999999998,0.008754339203440134,0.016589999999999994,0.0,0.02,0.07500000000000001,0.0,0.2,1.025,0.075,100.0,0.0,0.0,0.0,0.0,-600.0,0
5.529999999999998,0.006281630780240063,0.016589999999999994,0.01,0.02,0.03,0.0,0.185,1.275,0.0,100.0,150.0,0.0,0.0,0.0,-600.0,0
5.529999999999998,0.006281630780240063,0.016589999999999994,0.01,0.02,0.03,0.0,0.185,1.275,0.0,100.0,150.0,0.0,0.0,0.0,-600.0,0
5.533333333333316,0.008100439544544147,0.016599999999999948,0.0,0.01,0.085,0.0,0.156,0.6,0.15,0.0,150.0,0.0,0.0,0.0,0.0,0
5.533333333333316,0.0072509552933849065,0.016599999999999948,0.01,0.0,0.0,0.0,0.156,0.35,0.15,0.0,150.0,0.0,0.0,0.0,-600.0,0
5.533333333333316,0.007146809705243519,0.016599999999999948,0.0,0.0,0.085,0.0,0.156,0.6,0.0,0.0,400.0,0.0,0.0,0.0,-150.0,0
5.5366666666666715,0.007645478988458667,0.016610000000000014,0.02,0.02,0.0,0.01,0.2,1.15,0.0,0.0,150.0,0.0,0.0,1.0,-150.0,0
5.5366666666666715,0.00706974351779521,0.016610000000000014,0.01,0.01,0.02,0.0,0.156,0.35,0.3,100.0,150.0,0.0,0.0,0.0,0.0,0
5.5366666666666715,0.007824425578253622,0.016610000000000014,0.01,0.02,0.055,0.0,0.2,1.275,0.0,100.0,0.0,0.0,0.0,0.0,-150.0,0
5.5366666666666715,0.007824425578253622,0.016610000000000014,0.01,0.02,0.055,0.0,0.2,1.275,0.0,100.0,0.0,0.0,0.0,0.0,-150.0,0
5.539999999999989,0.008400714568372105,0.016619999999999968,0.0,0.01,0.085,0.0,0.156,0.35,0.15,100.0,150.0,0.0,0.0,0.0,0.0,0
5.539999999999989,0.008683907513539254,0.016619999999999968,0.0,0.02,0.085,0.0,0.21500000000000002,1.275,0.0,0.0,150.0,0.0,0.0,0.0,-600.0,0
5.539999999999989,0.008683907513539254,0.016619999999999968,0.0,0.02,0.085,0.0,0.21500000000000002,1.275,0.0,0.0,150.0,0.0,0.0,0.0,-600.0,0
5.539999999999989,0.00747756155044815,0.016619999999999968,0.01,0.0,0.034999999999999996,0.0,0.156,0.475,0.0,0.0,0.0,0.0,0.0,1.0,-150.0,0
5.539999999999989,0.00747756155044815,0.016619999999999968,0.01,0.0,0.034999999999999996,0.0,0.156,0.475,0.0,0.0,0.0,0.0,0.0,1.0,-150.0,0
5.543333333333307,0.007539547147222114,0.016629999999999923,0.0,0.0,0.085,0.0,0.156,0.35,0.15,0.0,150.0,0.0,0.0,0.0,-600.0,0
5.543333333333307,0.008384263438573908,0.016629999999999923,0.0,0.0,0.085,0.0,0.17099999999999999,0.85,0.075,100.0,0.0,0.0,0.0,0.0,-600.0,0
5.543333333333326,0.008787407492795843,0.016629999999999978,0.01,0.02,0.03,0.0,0.2,1.15,0.075,100.0,150.0,0.0,0.0,0.0,-600.0,0
5.5433333333333445,0.009214001708350263,0.016630000000000034,0.0,0.0,0.095,0.01,0.2,1.025,0.0,100.0,150.0,0.0,0.0,0.0,-150.0,0
5.5433333333333445,0.009214001708350263,0.016630000000000034,0.0,0.0,0.095,0.01,0.2,1.025,0.0,100.0,150.0,0.0,0.0,0.0,-150.0,0
5.5433333333333445,0.008045573989145502,0.016630000000000034,0.0,0.0,0.07500000000000001,0.0,0.156,0.85,0.0,0.0,150.0,0.0,0.0,0.0,-600.0,0
5.5433333333333445,0.008045573989145502,0.016630000000000034,0.0,0.0,0.07500000000000001,0.0,0.156,0.85,0.0,0.0,150.0,0.0,0.0,0.0,-600.0,0
5.546666666666662,0.009254929101115066,0.016639999999999988,0.0,0.0,0.095,0.01,0.2,1.025,0.0,100.0,150.0,0.0,0.0,0.0,0.0,0
5.546666666666662,0.009254929101115066,0.016639999999999988,0.0,0.0,0.095,0.01,0.2,1.025,0.0,100.0,150.0,0.0,0.0,0.0,0.0,0
5.547600000000008,0.008663905376351371,0.01600999999999997,-0.01,0.02,0.085,0.04,0.2,0.35,0.3,0.0,150.0,0.0,0.0,0.0,-150.0,0
5.549999999999981,0.00814018414115133,0.016649999999999943,0.0,0.0,0.085,0.0,0.17099999999999999,0.6,0.075,100.0,0.0,0.0,0.0,0.0,0.0,0
5.549999999999999,0.006879371369859633,0.016649999999999998,0.0,0.02,0.085,0.0,0.185,1.025,0.075,100.0,0.0,0.0,0.0,0.0,-150.0,0
5.549999999999999,0.0072717174648695435,0.016649999999999998,0.01,0.02,0.02,0.0,0.2,1.15,0.075,100.0,0.0,0.0,0.0,0.0,-600.0,0
5.550000000000018,0.009698090079246801,0.016650000000000054,0.0,0.02,0.095,0.0,0.21500000000000002,1.275,0.0,0.0,0.0,0.0,0.0,0.0,-600.0,0
5.550000000000018,0.009698090079246801,0.016650000000000054,0.0,0.02,0.095,0.0,0.21500000000000002,1.275,0.0,0.0,0.0,0.0,0.0,0.0,-600.0,0
5.553333333333299,0.008067535265448731,0.016659999999999897,0.01,0.02,0.01,0.0,0.2,0.975,0.15,0.0,0.0,0.0,0.0,0.0,-600.0,0
5.553333333333336,0.007910907617545093,0.016660000000000008,-0.01,0.02,0.085,0.04,0.2,0.6,0.3,100.0,0.0,0.0,0.0,0.0,-150.0,0
5.553333333333336,0.00930227706492299,0.016660000000000008,0.0,0.02,0.07500000000000001,0.01,0.21500000000000002,0.975,0.15,100.0,0.0,0.0,0.0,0.0,-150.0,0
5.555600000000016,0.00783969330938303,0.01388900000000004,0.0,0.02,0.085,0.0,0.185,1.025,0.0,0.0,0.0,0.0,0.0,0.0,0.0,0
5.555600000000016,0.00783969330938303,0.01388900000000004,0.0,0.02,0.085,0.0,0.185,1.025,0.0,0.0,0.0,0.0,0.0,0.0,0.0,0
5.556666666666654,0.009316771818130521,0.016669999999999963,0.0,0.02,0.085,0.0,0.156,0.35,0.15,100.0,150.0,0.0,0.0,0.0,-600.0,0
5.556666666666654,0.008925957240916318,0.016669999999999963,0.0,0.0,0.07500000000000001,0.01,0.2,1.275,0.075,100.0,150.0,0.0,0.0,0.0,0.0,0
5.558399999999963,0.008565728703515074,0.014839999999999964,0.01,0.02,0.034999999999999996,0.0,0.2,1.025,0.0,100.0,0.0,0.0,0.0,0.0,0.0,0
5.558399999999963,0.008565728703515074,0.014839999999999964,0.01,0.02,0.034999999999999996,0.0,0.2,1.025,0.0,100.0,0.0,0.0,0.0,0.0,0.0,0
5.559599999999998,0.00929102414719193,0.013898999999999995,0.0,0.02,0.095,0.01,0.185,0.725,0.075,0.0,0.0,0.0,0.0,0.0,-600.0,0
5.559999999999972,0.008275398976618699,0.016679999999999917,0.0,0.02,0.07500000000000001,0.0,0.2,1.025,0.0,0.0,150.0,0.0,0.0,0.0,0.0,0
5.559999999999972,0.008275398976618699,0.016679999999999917,0.0,0.02,0.07500000000000001,0.0,0.2,1.025,0.0,0.0,150.0,0.0,0.0,0.0,0.0,0
5.559999999999972,0.009414666930242798,0.016679999999999917,0.0,0.0,0.085,0.01,0.2,1.025,0.075,100.0,0.0,0.0,0.0,0.0,-600.0,0
5.560000000000009,0.010483563223057884,0.016680000000000028,0.01,0.0,0.045,0.0,0.156,0.35,0.15,0.0,150.0,0.0,0.0,0.0,0.0,0
5.560000000000009,0.00944637465635087,0.016680000000000028,0.01,0.02,0.03,0.0,0.185,1.275,0.0,0.0,150.0,0.0,0.0,0.0,-600.0,0
5.560000000000009,0.00944637465635087,0.016680000000000028,0.01,0.02,0.03,0.0,0.185,1.275,0.0,0.0,150.0,0.0,0.0,0.0,-600.0,0
5.563333333333327,0.008610309845158273,0.016689999999999983,0.01,0.02,0.03,0.0,0.185,0.725,0.22499999999999998,0.0,0.0,0.0,0.0,0.0,-600.0,0
5.563333333333327,0.008375978045710369,0.016689999999999983,0.01,0.02,0.034999999999999996,0.0,0.185,1.275,0.0,100.0,0.0,0.0,0.0,0.0,0.0,0
5.563333333333327,0.008375978045710369,0.016689999999999983,0.01,0.02,0.034999999999999996,0.0,0.185,1.275,0.0,100.0,0.0,0.0,0.0,0.0,0.0,0
5.563600000000024,0.008541292473104456,0.016089999999999993,0.0,0.01,0.07500000000000001,0.01,0.185,0.725,0.22499999999999998,0.0,0.0,0.0,0.0,0.0,-600.0,0
5.566666666666646,0.008745620707277187,0.016699999999999937,0.01,0.0,0.02,0.0,0.156,0.35,0.15,0.0,400.0,0.0,0.0,0.0,-600.0,0
5.566666666666646,0.007442091706164509,0.016699999999999937,0.0,0.02,0.07500000000000001,0.0,0.2,1.15,0.0,0.0,150.0,0.0,0.0,0.0,0.0,0
5.566666666666646,0.007442091706164509,0.016699999999999937,0.0,0.02,0.07500000000000001,0.0,0.2,1.15,0.0,0.0,150.0,0.0,0.0,0.0,0.0,0
5.566666666666682,0.009888906695364729,0.016700000000000048,0.01,0.02,0.03,0.0,0.185,1.025,0.0,0.0,150.0,0.0,0.0,0.0,-600.0,0
5.566666666666682,0.009888906695364729,0.016700000000000048,0.01,0.02,0.03,0.0,0.185,1.025,0.0,0.0,150.0,0.0,0.0,0.0,-600.0,0
5.570000000000001,0.007578077646396524,0.016710000000000003,0.02,0.02,0.0,0.01,0.2,1.15,0.0,0.0,150.0,0.0,0.0,1.0,0.0,0
5.570000000000001,0.0088728274377867,0.016710000000000003,-0.01,0.0,0.085,0.04,0.2,0.85,0.15,100.0,0.0,0.0,0.0,0.0,-600.0,0
5.573333333333319,0.007204935247864888,0.016719999999999957,0.01,0.01,0.055,0.0,0.156,0.475,0.0,100.0,0.0,0.0,0.0,1.0,-150.0,0
5.573333333333319,0.007204935247864888,0.016719999999999957,0.01,0.01,0.055,0.0,0.156,0.475,0.0,100.0,0.0,0.0,0.0,1.0,-150.0,0
5.573333333333319,0.008465765704468962,0.016719999999999957,0.01,0.01,0.055,0.0,0.17099999999999999,0.475,0.0,100.0,0.0,0.0,0.0,1.0,-150.0,0
5.573333333333319,0.008465765704468962,0.016719999999999957,0.01,0.01,0.055,0.0,0.17099999999999999,0.475,0.0,100.0,0.0,0.0,0.0,1.0,-150.0,0
5.575600000000014,0.008960116570835588,0.013959999999999972,0.0,0.02,0.085,0.0,0.2,0.85,0.0,0.0,0.0,0.0,0.0,0.0,-150.0,0
5.575600000000014,0.008535936499642297,0.015750000000000042,0.0,0.02,0.07500000000000001,0.0,0.185,1.025,0.0,0.0,150.0,0.0,0.0,0.0,0.0,0
5.575600000000014,0.008535936499642297,0.015750000000000042,0.0,0.02,0.07500000000000001,0.0,0.185,1.025,0.0,0.0,150.0,0.0,0.0,0.0,0.0,0
5.576666666666674,0.00887105038250201,0.016730000000000023,0.0,0.01,0.085,0.0,0.156,0.85,0.0,0.0,400.0,0.0,0.0,0.0,-600.0,0
5.576666666666674,0.00922414858461805,0.016730000000000023,0.0,0.0,0.085,0.0,0.156,0.35,0.0,100.0,150.0,0.0,0.0,0.0,-150.0,0
5.576666666666674,0.007937533719963367,0.016730000000000023,0.0,0.02,0.07500000000000001,0.0,0.21500000000000002,1.275,0.0,0.0,0.0,0.0,0.0,0.0,-600.0,0
5.576666666666674,0.007937533719963367,0.016730000000000023,0.0,0.02,0.07500000000000001,0.0,0.21500000000000002,1.275,0.0,0.0,0.0,0.0,0.0,0.0,-600.0,0
5.576666666666674,0.007730643215057742,0.016730000000000023,0.0,0.0,0.07500000000000001,0.0,0.156,0.725,0.0,100.0,0.0,0.0,0.0,0.0,-150.0,0
5.576666666666674,0.007730643215057742,0.016730000000000023,0.0,0.0,0.07500000000000001,0.0,0.156,0.725,0.0,100.0,0.0,0.0,0.0,0.0,-150.0,0
5.576666666666674,0.007730643215057742,0.016730000000000023,0.0,0.0,0.07500000000000001,0.0,0.156,0.725,0.0,100.0,0.0,0.0,0.0,0.0,-150.0,0
5.576666666666674,0.007730643215057742,0.016730000000000023,0.0,0.0,0.07500000000000001,0.0,0.156,0.725,0.0,100.0,0.0,0.0,0.0,0.0,-150.0,0
5.579999999999992,0.006787117268385369,0.016739999999999977,0.01,0.01,0.045,0.0,0.156,0.35,0.075,0.0,0.0,0.0,0.0,1.0,-600.0,0
5.580000000000029,0.008138543281247624,0.016740000000000088,0.01,0.01,0.0,0.0,0.156,0.35,0.3,100.0,150.0,0.0,0.0,0.0,-150.0,0
5.583333333333311,0.009473824957921331,0.01674999999999993,0.0,0.02,0.085,0.0,0.2,0.85,0.15,0.0,0.0,0.0,0.0,0.0,0.0,0
5.583333333333311,0.008484244574503967,0.01674999999999993,0.0,0.01,0.085,0.0,0.156,0.35,0.15,100.0,150.0,0.0,0.0,0.0,-150.0,0
5.583333333333311,0.009473824957921331,0.01674999999999993,0.0,0.02,0.085,0.0,0.2,0.85,0.15,0.0,0.0,0.0,0.0,0.0,0.0,0
5.583333333333311,0.0077576801658456864,0.01674999999999993,0.01,0.01,0.02,0.0,0.156,0.35,0.3,0.0,400.0,0.0,0.0,0.0,-150.0,0
5.583333333333311,0.00854029846386246,0.01674999999999993,0.0,0.02,0.085,0.0,0.21500000000000002,1.275,0.0,0.0,150.0,0.0,0.0,0.0,-150.0,0
5.583333333333311,0.00854029846386246,0.01674999999999993,0.0,0.02,0.085,0.0,0.21500000000000002,1.275,0.0,0.0,150.0,0.0,0.0,0.0,-150.0,0
5.583333333333329,0.007914790098056684,0.016749999999999987,0.0,0.02,0.085,0.0,0.2,1.275,0.075,0.0,0.0,0.0,0.0,0.0,0.0,0
5.583333333333329,0.007771278273231498,0.016749999999999987,0.0,0.0,0.07500000000000001,0.0,0.156,0.85,0.075,0.0,150.0,0.0,0.0,0.0,-600.0,0
5.586666666666666,0.007563699129296342,0.016759999999999997,0.0,0.02,0.07500000000000001,0.01,0.2,0.975,0.15,100.0,0.0,0.0,0.0,0.0,0.0,0
5.586666666666666,0.008200063599572685,0.016759999999999997,0.01,0.02,0.03,0.0,0.185,1.025,0.075,0.0,150.0,0.0,0.0,0.0,-600.0,0
5.586666666666666,0.007902576143492927,0.016759999999999997,0.01,0.01,0.055,0.0,0.156,0.475,0.0,0.0,0.0,0.0,0.0,1.0,-600.0,0
5.586666666666666,0.007902576143492927,0.016759999999999997,0.01,0.01,0.055,0.0,0.156,0.475,0.0,0.0,0.0,0.0,0.0,1.0,-600.0,0
5.586666666666666,0.007229846015469997,0.016759999999999997,0.0,0.01,0.085,0.0,0.156,0.475,0.075,100.0,0.0,0.0,0.0,0.0,-150.0,0
5.589999999999984,0.008716556153962692,0.01676999999999995,0.01,0.02,0.03,0.0,0.21500000000000002,1.15,0.0,100.0,0.0,0.0,0.0,0.0,-600.0,0
5.589999999999984,0.008716556153962692,0.01676999999999995,0.01,0.02,0.03,0.0,0.21500000000000002,1.15,0.0,100.0,0.0,0.0,0.0,0.0,-600.0,0
5.589999999999984,0.007929102985089052,0.01676999999999995,0.01,0.01,0.055,0.0,0.156,0.35,0.0,0.0,0.0,0.0,0.0,1.0,-600.0,0
5.589999999999984,0.007929102985089052,0.01676999999999995,0.01,0.01,0.055,0.0,0.156,0.35,0.0,0.0,0.0,0.0,0.0,1.0,-600.0,0
5.5900000000000025,0.007266535885673296,0.016770000000000007,0.0,0.0,0.095,0.01,0.185,1.275,0.0,100.0,0.0,0.0,0.0,0.0,-600.0,0
5.5900000000000025,0.007266535885673296,0.016770000000000007,0.0,0.0,0.095,0.01,0.185,1.275,0.0,100.0,0.0,0.0,0.0,0.0,-600.0,0
5.5900000000000025,0.0070860241215967915,0.016770000000000007,0.0,0.01,0.07500000000000001,0.0,0.185,1.15,0.075,0.0,0.0,0.0,0.0,0.0,-150.0,0
5.593333333333302,0.009681868051309262,0.016779999999999906,0.01,0.02,0.03,0.0,0.21500000000000002,1.275,0.075,100.0,0.0,0.0,0.0,0.0,-600.0,0
5.593333333333302,0.008935202006048241,0.016779999999999906,0.0,0.0,0.07500000000000001,0.01,0.2,1.025,0.0,100.0,150.0,0.0,0.0,0.0,-150.0,0
5.593333333333302,0.008935202006048241,0.016779999999999906,0.0,0.0,0.07500000000000001,0.01,0.2,1.025,0.0,100.0,150.0,0.0,0.0,0.0,-150.0,0
5.593333333333339,0.008770324927466096,0.016780000000000017,0.0,0.02,0.085,0.02,0.2,0.6,0.3,100.0,150.0,0.0,0.0,0.0,-150.0,0
5.593333333333339,0.007197949455947169,0.016780000000000017,0.01,0.0,0.02,0.0,0.156,0.85,0.0,100.0,150.0,0.0,0.0,0.0,-150.0,0
5.593333333333339,0.008483951695428862,0.016780000000000017,0.0,0.02,0.085,0.01,0.185,0.975,0.075,0.0,150.0,0.0,0.0,0.0,-600.0,0
5.593333333333339,0.0072805289337764065,0.016780000000000017,0.01,0.0,0.055,0.0,0.156,0.475,0.0,0.0,0.0,0.0,0.0,1.0,0.0,0
5.593333333333339,0.0072805289337764065,0.016780000000000017,0.01,0.0,0.055,0.0,0.156,0.475,0.0,0.0,0.0,0.0,0.0,1.0,0.0,0
5.596666666666657,0.006671394884407888,0.01678999999999997,0.01,0.01,0.045,0.0,0.156,0.35,0.075,0.0,150.0,0.0,0.0,1.0,-150.0,0
5.596666666666657,0.007867739714951331,0.01678999999999997,0.0,0.0,0.095,0.0,0.156,0.85,0.0,0.0,150.0,0.0,0.0,0.0,-600.0,0
5.596666666666657,0.007867739714951331,0.01678999999999997,0.0,0.0,0.095,0.0,0.156,0.85,0.0,0.0,150.0,0.0,0.0,0.0,-600.0,0
5.599999999999976,0.010163587952788801,0.016799999999999926,0.0,0.01,0.085,0.01,0.2,0.6,0.15,0.0,150.0,0.0,0.0,0.0,-150.0,0
5.599999999999993,0.00682596318532463,0.01679999999999998,0.0,0.0,0.07500000000000001,0.01,0.185,1.025,0.075,100.0,0.0,0.0,0.0,0.0,-600.0,0
5.603333333333331,0.008215864242991063,0.01680999999999999,0.0,0.01,0.095,0.01,0.185,0.975,0.075,0.0,0.0,0.0,0.0,0.0,-600.0,0
5.603333333333331,0.007981268306339407,0.01680999999999999,0.01,0.01,0.055,0.0,0.156,0.35,0.0,100.0,0.0,0.0,0.0,1.0,-150.0,0
5.603333333333331,0.007981268306339407,0.01680999999999999,0.01,0.01,0.055,0.0,0.156,0.35,0.0,100.0,0.0,0.0,0.0,1.0,-150.0,0
5.60360000000002,0.00996773305703438,0.016189999999999927,0.0,0.01,0.085,0.02,0.2,0.6,0.3,100.0,0.0,0.0,0.0,0.0,0.0,0
5.606666666666649,0.008122997991528148,0.016819999999999946,0.0,0.01,0.085,0.0,0.156,0.6,0.15,0.0,150.0,0.0,0.0,0.0,-150.0,0
5.606666666666649,0.007749956659377016,0.016819999999999946,0.0,0.0,0.085,0.0,0.156,0.475,0.075,100.0,150.0,0.0,0.0,0.0,0.0,0
5.606666666666667,0.008899827343310698,0.01682,0.0,0.02,0.095,0.0,0.185,1.025,0.075,0.0,0.0,0.0,0.0,0.0,-600.0,0
5.606666666666686,0.008328923682187506,0.016820000000000057,0.0,0.02,0.085,0.0,0.156,0.35,0.15,100.0,150.0,0.0,0.0,0.0,-150.0,0
5.606666666666686,0.006862773227374644,0.016820000000000057,0.01,0.01,0.034999999999999996,0.0,0.156,0.475,0.0,100.0,0.0,0.0,0.0,1.0,0.0,0
5.606666666666686,0.006862773227374644,0.016820000000000057,0.01,0.01,0.034999999999999996,0.0,0.156,0.475,0.0,100.0,0.0,0.0,0.0,1.0,0.0,0
5.610000000000004,0.00954479447424382,0.01683000000000001,0.0,0.02,0.095,0.0,0.21500000000000002,1.275,0.0,0.0,150.0,0.0,0.0,0.0,-150.0,0
5.610000000000004,0.00954479447424382,0.01683000000000001,0.0,0.02,0.095,0.0,0.21500000000000002,1.275,0.0,0.0,150.0,0.0,0.0,0.0,-150.0,0
5.610000000000004,0.008802064913458703,0.01683000000000001,0.01,0.02,0.03,0.0,0.21500000000000002,1.15,0.075,0.0,150.0,0.0,0.0,0.0,-600.0,0
5.6166666666666405,0.008510055146272096,0.01684999999999992,0.0,0.02,0.07500000000000001,0.0,0.2,1.025,0.075,100.0,0.0,0.0,0.0,0.0,0.0,0
5.6166666666666405,0.008734064774289313,0.01684999999999992,0.01,0.02,0.02,0.0,0.2,1.025,0.075,100.0,150.0,0.0,0.0,0.0,-600.0,0
5.616666666666677,0.00995482228574377,0.01685000000000003,0.0,0.02,0.085,0.0,0.2,0.85,0.15,0.0,0.0,0.0,0.0,0.0,-600.0,0
5.616666666666677,0.008760107309506762,0.01685000000000003,0.01,0.0,0.02,0.0,0.156,0.35,0.0,100.0,0.0,0.0,0.0,0.0,-150.0,0
5.616666666666677,0.007982326965100936,0.01685000000000003,0.0,0.0,0.07500000000000001,0.0,0.156,0.475,0.0,100.0,0.0,0.0,0.0,0.0,0.0,0
5.616666666666677,0.007982326965100936,0.01685000000000003,0.0,0.0,0.07500000000000001,0.0,0.156,0.475,0.0,100.0,0.0,0.0,0.0,0.0,0.0,0
5.616666666666677,0.007723153601706729,0.01685000000000003,0.01,0.0,0.02,0.0,0.14100000000000001,0.22499999999999998,0.15,100.0,0.0,0.0,0.0,0.0,-600.0,0
5.616666666666677,0.008767915927043545,0.01685000000000003,0.01,0.0,0.03,0.0,0.14100000000000001,0.22499999999999998,0.22499999999999998,100.0,0.0,0.0,0.0,0.0,-600.0,0
5.619999999999996,0.009319540407520503,0.016859999999999986,0.0,0.01,0.085,0.01,0.156,0.35,0.3,100.0,0.0,0.0,0.0,0.0,0.0,0
5.619999999999996,0.006802628527921295,0.016859999999999986,0.0,0.02,0.07500000000000001,0.0,0.185,1.15,0.075,0.0,150.0,0.0,0.0,0.0,0.0,0
5.619999999999996,0.007788669743311131,0.016859999999999986,0.0,0.0,0.085,0.0,0.156,0.475,0.075,100.0,150.0,0.0,0.0,0.0,-150.0,0
5.619999999999996,0.007676744733524986,0.016859999999999986,0.01,0.0,0.01,0.0,0.17099999999999999,0.85,0.0,0.0,400.0,0.0,0.0,0.0,-600.0,0
5.619999999999996,0.007676744733524986,0.016859999999999986,0.01,0.0,0.01,0.0,0.17099999999999999,0.85,0.0,0.0,400.0,0.0,0.0,0.0,-600.0,0
5.620000000000032,0.006959817797742832,0.016860000000000097,0.01,0.0,0.01,0.0,0.14100000000000001,0.22499999999999998,0.22499999999999998,100.0,0.0,0.0,0.0,0.0,-600.0,0
5.620000000000032,0.00675549390139993,0.016860000000000097,0.01,0.01,0.034999999999999996,0.0,0.156,0.475,0.0,100.0,0.0,0.0,0.0,1.0,-150.0,0
5.620000000000032,0.00675549390139993,0.016860000000000097,0.01,0.01,0.034999999999999996,0.0,0.156,0.475,0.0,100.0,0.0,0.0,0.0,1.0,-150.0,0
5.6233333333333135,0.008672772255316779,0.01686999999999994,0.0,0.02,0.085,0.01,0.2,0.85,0.15,0.0,400.0,0.0,0.0,0.0,-150.0,0
5.6233333333333135,0.008547089047458495,0.01686999999999994,0.01,0.01,0.045,0.0,0.156,0.35,0.0,100.0,150.0,0.0,0.0,1.0,-150.0,0
5.6233333333333135,0.009024127006099933,0.01686999999999994,0.0,0.01,0.095,0.01,0.185,0.725,0.15,0.0,0.0,0.0,0.0,0.0,-600.0,0
5.623333333333332,0.00691500178624009,0.016869999999999996,0.01,0.02,0.02,0.0,0.185,1.025,0.075,100.0,150.0,0.0,0.0,0.0,-600.0,0
5.623333333333351,0.008676568407690521,0.01687000000000005,0.0,0.01,0.07500000000000001,0.0,0.156,0.22499999999999998,0.22499999999999998,100.0,0.0,0.0,0.0,0.0,-150.0,0
5.6236000000000175,0.008944190835604054,0.014059000000000044,0.0,0.02,0.085,0.01,0.185,0.85,0.075,0.0,150.0,0.0,0.0,0.0,-600.0,0
5.6236000000000175,0.008390312451693135,0.014160000000000006,0.0,0.02,0.085,0.01,0.185,0.85,0.075,100.0,0.0,0.0,0.0,0.0,-150.0,0
5.626666666666669,0.010164735230014424,0.016880000000000006,-0.01,0.01,0.085,0.02,0.156,0.35,0.3,100.0,0.0,0.0,0.0,0.0,-150.0,0
5.626666666666669,0.008132066982471759,0.016880000000000006,0.02,0.02,0.0,0.01,0.2,0.85,0.0,100.0,0.0,0.0,0.0,1.0,-150.0,0
5.626666666666669,0.008338811981287202,0.016880000000000006,0.01,0.02,0.03,0.0,0.2,0.85,0.15,0.0,0.0,0.0,0.0,0.0,-600.0,0
5.626666666666669,0.007377738090589361,0.016880000000000006,0.01,0.0,0.055,0.0,0.156,0.35,0.0,0.0,0.0,0.0,0.0,1.0,-150.0,0
5.626666666666669,0.007377738090589361,0.016880000000000006,0.01,0.0,0.055,0.0,0.156,0.35,0.0,0.0,0.0,0.0,0.0,1.0,-150.0,0
5.629999999999987,0.00852948919924283,0.01688999999999996,0.01,0.01,0.045,0.0,0.156,0.35,0.0,100.0,150.0,0.0,0.0,1.0,0.0,0
5.629999999999987,0.008145935732803365,0.01688999999999996,0.0,0.02,0.07500000000000001,0.0,0.2,1.025,0.0,100.0,0.0,0.0,0.0,0.0,0.0,0
5.629999999999987,0.008145935732803365,0.01688999999999996,0.0,0.02,0.07500000000000001,0.0,0.2,1.025,0.0,100.0,0.0,0.0,0.0,0.0,0.0,0
5.629999999999987,0.008550772722283538,0.01688999999999996,0.0,0.0,0.085,0.0,0.17099999999999999,0.6,0.075,100.0,0.0,0.0,0.0,0.0,-600.0,0
5.629999999999987,0.009059792659715602,0.01688999999999996,0.0,0.0,0.07500000000000001,0.01,0.2,1.025,0.0,100.0,150.0,0.0,0.0,0.0,0.0,0
5.629999999999987,0.009059792659715602,0.01688999999999996,0.0,0.0,0.07500000000000001,0.01,0.2,1.025,0.0,100.0,150.0,0.0,0.0,0.0,0.0,0
5.630000000000024,0.007237351270140708,0.01689000000000007,0.0,0.01,0.085,0.0,0.156,0.475,0.075,100.0,0.0,0.0,0.0,0.0,0.0,0
5.633333333333342,0.006821518897875599,0.016900000000000026,0.01,0.0,0.045,0.0,0.156,0.35,0.075,0.0,0.0,0.0,0.0,1.0,-150.0,0
5.6366666666666605,0.010534887125201687,0.01690999999999998,0.0,0.02,0.085,0.04,0.24,1.15,0.15,100.0,0.0,0.0,0.0,0.0,-150.0,0
5.6366666666666605,0.008249939083950188,0.01690999999999998,0.01,0.01,0.0,0.0,0.156,0.35,0.3,100.0,150.0,0.0,0.0,0.0,0.0,0
5.6366666666666605,0.007626628598389817,0.01690999999999998,0.0,0.01,0.07500000000000001,0.0,0.2,1.275,0.0,0.0,0.0,0.0,0.0,0.0,-150.0,0
5.6366666666666605,0.007626628598389817,0.01690999999999998,0.0,0.01,0.07500000000000001,0.0,0.2,1.275,0.0,0.0,0.0,0.0,0.0,0.0,-150.0,0
5.6366666666666605,0.007321503341881713,0.01690999999999998,0.0,0.01,0.085,0.0,0.185,1.15,0.075,0.0,0.0,0.0,0.0,0.0,0.0,0
5.6366666666666605,0.008146210120868053,0.01690999999999998,0.01,0.02,0.045,0.0,0.21500000000000002,1.275,0.0,100.0,0.0,0.0,0.0,0.0,-150.0,0
5.6366666666666605,0.008146210120868053,0.01690999999999998,0.01,0.02,0.045,0.0,0.21500000000000002,1.275,0.0,100.0,0.0,0.0,0.0,0.0,-150.0,0
5.636666666666697,0.008213804238845376,0.01691000000000009,0.0,0.02,0.085,0.0,0.156,0.35,0.15,100.0,150.0,0.0,0.0,0.0,0.0,0
5.636666666666697,0.007223780076427615,0.01691000000000009,0.01,0.01,0.034999999999999996,0.0,0.156,0.475,0.075,0.0,150.0,0.0,0.0,1.0,-150.0,0
5.639999999999978,0.010406449357116095,0.016919999999999935,0.0,0.0,0.085,0.01,0.2,0.85,0.15,0.0,0.0,0.0,0.0,0.0,-150.0,0
5.639999999999978,0.008846081999435701,0.016919999999999935,0.01,0.0,0.03,0.0,0.17099999999999999,0.85,0.075,0.0,400.0,0.0,0.0,0.0,-600.0,0
5.639999999999997,0.008108495275304125,0.01691999999999999,0.0,0.02,0.07500000000000001,0.01,0.2,0.85,0.22499999999999998,100.0,0.0,0.0,0.0,0.0,0.0,0
5.640000000000016,0.008511436058490826,0.016920000000000046,0.0,0.01,0.095,0.0,0.185,1.025,0.075,0.0,0.0,0.0,0.0,0.0,-150.0,0
5.6433333333333335,0.008955186459170924,0.01693,0.0,0.02,0.085,0.01,0.2,0.6,0.15,0.0,150.0,0.0,0.0,0.0,-600.0,0
5.6433333333333335,0.009091292867353905,0.01693,0.0,0.02,0.085,0.0,0.156,0.35,0.0,100.0,150.0,0.0,0.0,0.0,-600.0,0
5.6433333333333335,0.00728846237403868,0.01693,0.0,0.0,0.07500000000000001,0.0,0.17099999999999999,0.85,0.0,100.0,0.0,0.0,0.0,0.0,0.0,0
5.6433333333333335,0.00728846237403868,0.01693,0.0,0.0,0.07500000000000001,0.0,0.17099999999999999,0.85,0.0,100.0,0.0,0.0,0.0,0.0,0.0,0
5.6433333333333335,0.010211120484822192,0.01693,0.0,0.01,0.085,0.0,0.2,1.275,0.075,0.0,0.0,0.0,0.0,0.0,-600.0,0
5.6433333333333335,0.009069388321078682,0.01693,0.0,0.0,0.085,0.0,0.17099999999999999,0.725,0.075,100.0,150.0,0.0,0.0,0.0,-150.0,0
5.6433333333333335,0.008680950967705301,0.01693,0.0,0.0,0.095,0.01,0.2,1.15,0.0,100.0,150.0,0.0,0.0,0.0,-150.0,0
5.6433333333333335,0.008680950967705301,0.01693,0.0,0.0,0.095,0.01,0.2,1.15,0.0,100.0,150.0,0.0,0.0,0.0,-150.0,0
5.6433333333333335,0.007343736010546173,0.01693,0.01,0.0,0.055,0.0,0.156,0.35,0.0,0.0,0.0,0.0,0.0,1.0,0.0,0
5.6433333333333335,0.007343736010546173,0.01693,0.01,0.0,0.055,0.0,0.156,0.35,0.0,0.0,0.0,0.0,0.0,1.0,0.0,0
5.6433333333333335,0.007257660121860505,0.01693,0.01,0.0,0.055,0.0,0.156,0.475,0.0,0.0,0.0,0.0,0.0,1.0,-150.0,0
5.6433333333333335,0.007257660121860505,0.01693,0.01,0.0,0.055,0.0,0.156,0.475,0.0,0.0,0.0,0.0,0.0,1.0,-150.0,0
5.64999999999997,0.010046379893422443,0.01694999999999991,0.0,0.02,0.085,0.01,0.21500000000000002,0.975,0.15,100.0,0.0,0.0,0.0,0.0,0.0,0
5.650000000000007,0.007234117627731227,0.01695000000000002,0.01,0.0,0.02,0.0,0.156,0.85,0.0,100.0,150.0,0.0,0.0,0.0,0.0,0
5.650000000000007,0.007615719518061182,0.01695000000000002,0.0,0.0,0.095,0.0,0.156,0.725,0.0,100.0,0.0,0.0,0.0,0.0,-600.0,0
5.650000000000007,0.007615719518061182,0.01695000000000002,0.0,0.0,0.095,0.0,0.156,0.725,0.0,100.0,0.0,0.0,0.0,0.0,-600.0,0
5.650000000000007,0.007948213267656311,0.01695000000000002,0.0,0.0,0.07500000000000001,0.0,0.156,0.725,0.0,100.0,0.0,0.0,0.0,0.0,0.0,0
5.650000000000007,0.007948213267656311,0.01695000000000002,0.0,0.0,0.07500000000000001,0.0,0.156,0.725,0.0,100.0,0.0,0.0,0.0,0.0,0.0,0
5.650000000000007,0.007615719518061182,0.01695000000000002,0.0,0.0,0.095,0.0,0.156,0.725,0.0,100.0,0.0,0.0,0.0,0.0,-600.0,0
5.650000000000007,0.007615719518061182,0.01695000000000002,0.0,0.0,0.095,0.0,0.156,0.725,0.0,100.0,0.0,0.0,0.0,0.0,-600.0,0
5.650000000000007,0.007948213267656311,0.01695000000000002,0.0,0.0,0.07500000000000001,0.0,0.156,0.725,0.0,100.0,0.0,0.0,0.0,0.0,0.0,0
5.650000000000007,0.007948213267656311,0.01695000000000002,0.0,0.0,0.07500000000000001,0.0,0.156,0.725,0.0,100.0,0.0,0.0,0.0,0.0,0.0,0
5.650000000000007,0.00919847306571807,0.01695000000000002,0.01,0.01,0.045,0.0,0.156,0.22499999999999998,0.0,0.0,150.0,0.0,0.0,1.0,-150.0,0
5.650000000000007,0.00919847306571807,0.01695000000000002,0.01,0.01,0.045,0.0,0.156,0.22499999999999998,0.0,0.0,150.0,0.0,0.0,1.0,-150.0,0
5.650399999999989,0.009650115374478201,0.016430000000000056,0.01,0.02,0.02,0.0,0.185,0.85,0.075,0.0,0.0,0.0,0.0,0.0,-600.0,0
5.651600000000023,0.009916820693481683,0.016900000000000026,0.0,0.02,0.085,0.02,0.2,0.6,0.3,0.0,0.0,0.0,0.0,0.0,-600.0,0
5.653333333333325,0.009903846805941374,0.016959999999999975,0.0,0.01,0.085,0.01,0.2,0.6,0.15,0.0,0.0,0.0,0.0,0.0,-600.0,0
5.653333333333325,0.007351094708096704,0.016959999999999975,0.01,0.0,0.02,0.0,0.156,0.6,0.15,0.0,400.0,0.0,0.0,0.0,-150.0,0
5.655600000000005,0.008186799541990785,0.01548000000000005,0.0,0.0,0.085,0.0,0.156,0.6,0.0,0.0,150.0,0.0,0.0,0.0,-150.0,0
5.655600000000005,0.008910465968611163,0.014139000000000013,0.0,0.01,0.095,0.01,0.185,0.725,0.075,0.0,0.0,0.0,0.0,0.0,-600.0,0
5.656666666666643,0.010154274819558058,0.01696999999999993,0.0,0.02,0.085,0.04,0.24,1.15,0.15,100.0,150.0,0.0,0.0,0.0,-150.0,0
5.658399999999997,0.009230674069523716,0.015069999999999917,0.01,0.02,0.034999999999999996,0.0,0.185,1.025,0.0,100.0,0.0,0.0,0.0,0.0,0.0,0
5.658399999999997,0.009230674069523716,0.015069999999999917,0.01,0.02,0.034999999999999996,0.0,0.185,1.025,0.0,100.0,0.0,0.0,0.0,0.0,0.0,0
5.659599999999987,0.00907806506141363,0.01436000000000004,0.0,0.02,0.085,0.0,0.2,0.85,0.0,0.0,0.0,0.0,0.0,0.0,0.0,0
5.659599999999987,0.00907806506141363,0.01436000000000004,0.0,0.02,0.085,0.0,0.2,0.85,0.0,0.0,0.0,0.0,0.0,0.0,0.0,0
5.659999999999998,0.0089304789428198,0.016979999999999995,0.02,0.01,0.0,0.01,0.2,0.85,0.0,0.0,0.0,0.0,0.0,1.0,-150.0,0
5.659999999999998,0.007422648778494697,0.016979999999999995,0.01,0.02,0.01,0.0,0.2,1.275,0.0,100.0,150.0,0.0,0.0,0.0,-600.0,0
5.659999999999998,0.007422648778494697,0.016979999999999995,0.01,0.02,0.01,0.0,0.2,1.275,0.0,100.0,150.0,0.0,0.0,0.0,-600.0,0
5.659999999999998,0.007932323142966642,0.016979999999999995,0.0,0.0,0.07500000000000001,0.0,0.17099999999999999,0.6,0.075,100.0,0.0,0.0,0.0,0.0,-150.0,0
5.659999999999998,0.008100679399947918,0.016979999999999995,0.0,0.02,0.095,0.0,0.185,0.725,0.075,0.0,0.0,0.0,0.0,0.0,-600.0,0
5.660000000000017,0.00752131450784541,0.01698000000000005,0.01,0.0,0.02,0.0,0.156,0.35,0.0,100.0,150.0,0.0,0.0,0.0,0.0,0
5.663333333333316,0.007899631688554513,0.01698999999999995,0.0,0.01,0.085,0.0,0.156,0.35,0.3,0.0,0.0,0.0,0.0,0.0,-150.0,0
5.663333333333316,0.01155989972082609,0.01698999999999995,0.0,0.02,0.085,0.02,0.24,1.15,0.15,0.0,0.0,0.0,0.0,0.0,-150.0,0
5.663333333333316,0.0085641648357171,0.01698999999999995,0.0,0.02,0.085,0.0,0.156,0.35,0.0,0.0,150.0,0.0,0.0,1.0,-600.0,0
5.663333333333316,0.006997507392186432,0.01698999999999995,0.01,0.01,0.045,0.0,0.156,0.35,0.075,100.0,0.0,0.0,0.0,1.0,0.0,0
5.663333333333316,0.008846874279570057,0.01698999999999995,0.0,0.0,0.07500000000000001,0.01,0.2,1.15,0.075,100.0,150.0,0.0,0.0,0.0,-150.0,0
5.663333333333335,0.007266717334176053,0.016990000000000005,0.0,0.0,0.07500000000000001,0.0,0.17099999999999999,0.975,0.075,100.0,0.0,0.0,0.0,0.0,-150.0,0
5.6633333333333535,0.008846874028382795,0.01699000000000006,0.01,0.0,0.02,0.0,0.156,0.6,0.15,0.0,150.0,0.0,0.0,0.0,-600.0,0
5.6633333333333535,0.00851611244554611,0.01699000000000006,0.0,0.0,0.095,0.0,0.156,0.475,0.0,100.0,0.0,0.0,0.0,0.0,-600.0,0
5.6633333333333535,0.00851611244554611,0.01699000000000006,0.0,0.0,0.095,0.0,0.156,0.475,0.0,100.0,0.0,0.0,0.0,0.0,-600.0,0
5.663600000000013,0.009362539743277136,0.016579999999999928,-0.01,0.01,0.085,0.04,0.2,0.85,0.15,100.0,0.0,0.0,0.0,0.0,-150.0,0
5.666400000000005,0.009504997987413803,0.015979999999999994,0.01,0.0,0.034999999999999996,0.0,0.2,1.025,0.0,0.0,150.0,0.0,0.0,0.0,-150.0,0
5.666400000000005,0.009504997987413803,0.015979999999999994,0.01,0.0,0.034999999999999996,0.0,0.2,1.025,0.0,0.0,150.0,0.0,0.0,0.0,-150.0,0
5.666666666666635,0.009847545439610056,0.016999999999999904,0.0,0.02,0.07500000000000001,0.01,0.21500000000000002,0.85,0.22499999999999998,0.0,150.0,0.0,0.0,0.0,-600.0,0
5.666666666666671,0.010726949278094618,0.017000000000000015,0.01,0.0,0.045,0.0,0.156,0.35,0.3,0.0,0.0,0.0,0.0,0.0,0.0,0
5.666666666666671,0.010726949278094618,0.017000000000000015,0.01,0.0,0.045,0.0,0.156,0.35,0.3,0.0,0.0,0.0,0.0,0.0,0.0,0
5.666666666666671,0.006816097672530913,0.017000000000000015,-0.01,0.02,0.085,0.04,0.2,0.85,0.15,0.0,400.0,0.0,0.0,0.0,-600.0,0
5.666666666666671,0.008447045510227343,0.017000000000000015,0.0,0.0,0.095,0.0,0.156,0.975,0.0,100.0,0.0,0.0,0.0,0.0,-150.0,0
5.666666666666671,0.008447045510227343,0.017000000000000015,0.0,0.0,0.095,0.0,0.156,0.975,0.0,100.0,0.0,0.0,0.0,0.0,-150.0,0
5.666666666666671,0.008828447751655092,0.017000000000000015,0.0,0.0,0.085,0.0,0.14100000000000001,0.725,0.0,100.0,150.0,0.0,0.0,0.0,-150.0,0
5.666666666666671,0.008828447751655092,0.017000000000000015,0.0,0.0,0.085,0.0,0.14100000000000001,0.725,0.0,100.0,150.0,0.0,0.0,0.0,-150.0,0
5.666666666666671,0.008059371131610503,0.017000000000000015,0.0,0.0,0.07500000000000001,0.0,0.156,0.6,0.0,100.0,0.0,0.0,0.0,0.0,-150.0,0
5.666666666666671,0.008059371131610503,0.017000000000000015,0.0,0.0,0.07500000000000001,0.0,0.156,0.6,0.0,100.0,0.0,0.0,0.0,0.0,-150.0,0
5.666666666666671,0.009349943517357604,0.017000000000000015,0.01,0.02,0.034999999999999996,0.0,0.21500000000000002,1.275,0.075,100.0,0.0,0.0,0.0,0.0,-150.0,0
5.667599999999995,0.008532035018420587,0.014168999999999987,0.01,0.0,0.045,0.0,0.185,1.025,0.0,0.0,150.0,0.0,0.0,0.0,-150.0,0
5.667599999999995,0.008532035018420587,0.014168999999999987,0.01,0.0,0.045,0.0,0.185,1.025,0.0,0.0,150.0,0.0,0.0,0.0,-150.0,0
5.66999999999999,0.010147567382273332,0.01700999999999997,0.0,0.0,0.085,0.01,0.2,0.85,0.15,0.0,0.0,0.0,0.0,0.0,-600.0,0
5.66999999999999,0.008150731350962032,0.01700999999999997,0.02,0.02,0.0,0.01,0.2,0.85,0.0,100.0,0.0,0.0,0.0,1.0,0.0,0
5.66999999999999,0.009017905279477557,0.01700999999999997,0.0,0.02,0.095,0.01,0.2,0.725,0.075,100.0,0.0,0.0,0.0,0.0,0.0,0
5.670000000000027,0.008938321455645031,0.01701000000000008,0.01,0.02,0.01,0.0,0.185,0.975,0.075,0.0,0.0,0.0,0.0,0.0,-600.0,0
5.673333333333308,0.010411462383496495,0.017019999999999924,0.0,0.0,0.085,0.01,0.2,0.85,0.15,0.0,0.0,0.0,0.0,0.0,0.0,0
5.673333333333308,0.010411462383496495,0.017019999999999924,0.0,0.0,0.085,0.01,0.2,0.85,0.15,0.0,0.0,0.0,0.0,0.0,0.0,0
5.673333333333327,0.00826676756658853,0.01701999999999998,0.0,0.0,0.085,0.0,0.17099999999999999,0.975,0.075,100.0,0.0,0.0,0.0,0.0,0.0,0
5.673333333333345,0.008958049849778172,0.017020000000000035,0.02,0.01,0.0,0.01,0.2,0.85,0.0,0.0,0.0,0.0,0.0,1.0,0.0,0
5.673333333333345,0.00819458859835538,0.017020000000000035,0.01,0.02,0.045,0.0,0.21500000000000002,1.275,0.0,100.0,0.0,0.0,0.0,0.0,0.0,0
5.673333333333345,0.00819458859835538,0.017020000000000035,0.01,0.02,0.045,0.0,0.21500000000000002,1.275,0.0,100.0,0.0,0.0,0.0,0.0,0.0,0
5.676666666666663,0.00838799565958312,0.01702999999999999,0.0,0.0,0.095,0.0,0.156,0.975,0.0,100.0,0.0,0.0,0.0,0.0,0.0,0
5.676666666666663,0.00838799565958312,0.01702999999999999,0.0,0.0,0.095,0.0,0.156,0.975,0.0,100.0,0.0,0.0,0.0,0.0,0.0,0
5.676666666666663,0.008357446672811561,0.01702999999999999,0.0,0.0,0.095,0.0,0.14100000000000001,0.475,0.0,100.0,0.0,0.0,0.0,0.0,0.0,0
5.676666666666663,0.008357446672811561,0.01702999999999999,0.0,0.0,0.095,0.0,0.14100000000000001,0.475,0.0,100.0,0.0,0.0,0.0,0.0,0.0,0
5.676666666666663,0.009016847773905113,0.01702999999999999,0.0,0.02,0.095,0.01,0.2,0.725,0.075,100.0,0.0,0.0,0.0,0.0,-150.0,0
5.676666666666663,0.008761710178912509,0.01702999999999999,0.0,0.0,0.095,0.01,0.2,1.15,0.0,100.0,150.0,0.0,0.0,0.0,0.0,0
5.676666666666663,0.008761710178912509,0.01702999999999999,0.0,0.0,0.095,0.01,0.2,1.15,0.0,100.0,150.0,0.0,0.0,0.0,0.0,0
5.679600000000029,0.009364929815243908,0.01641999999999999,-0.01,0.02,0.085,0.04,0.2,0.85,0.15,100.0,0.0,0.0,0.0,0.0,0.0,0
5.679999999999981,0.008658798612244506,0.017039999999999944,0.0,0.02,0.085,0.01,0.2,0.85,0.15,0.0,400.0,0.0,0.0,0.0,0.0,0
5.679999999999981,0.008932884362681357,0.017039999999999944,0.0,0.02,0.095,0.01,0.185,0.725,0.15,0.0,150.0,0.0,0.0,0.0,-600.0,0
5.679999999999981,0.00846552144923201,0.017039999999999944,0.0,0.01,0.095,0.0,0.185,1.025,0.075,0.0,0.0,0.0,0.0,0.0,0.0,0
5.680000000000018,0.009402419905219825,0.017040000000000055,0.01,0.02,0.034999999999999996,0.0,0.21500000000000002,1.275,0.075,100.0,0.0,0.0,0.0,0.0,0.0,0
5.686666666666655,0.008048536471516618,0.017059999999999964,0.0,0.0,0.07500000000000001,0.0,0.17099999999999999,0.6,0.075,100.0,0.0,0.0,0.0,0.0,0.0,0
5.686666666666655,0.008527773540353613,0.017059999999999964,0.0,0.01,0.07500000000000001,0.0,0.2,1.15,0.075,0.0,0.0,0.0,0.0,0.0,0.0,0
5.686666666666655,0.00795376622180403,0.017059999999999964,0.0,0.02,0.07500000000000001,0.01,0.2,0.975,0.15,0.0,0.0,0.0,0.0,0.0,-600.0,0
5.686666666666655,0.008221525815853187,0.017059999999999964,0.01,0.0,0.055,0.0,0.17099999999999999,0.475,0.0,0.0,0.0,0.0,0.0,1.0,-150.0,0
5.686666666666655,0.008221525815853187,0.017059999999999964,0.01,0.0,0.055,0.0,0.17099999999999999,0.475,0.0,0.0,0.0,0.0,0.0,1.0,-150.0,0
5.689999999999973,0.009260306574398693,0.01706999999999992,0.0,0.01,0.085,0.01,0.156,0.35,0.3,100.0,0.0,0.0,0.0,0.0,-150.0,0
5.689999999999973,0.007368856542282561,0.01706999999999992,0.01,0.0,0.02,0.0,0.156,0.6,0.15,0.0,400.0,0.0,0.0,0.0,0.0,0
5.689999999999973,0.008622839314973447,0.01706999999999992,0.0,0.02,0.085,0.0,0.21500000000000002,1.275,0.0,0.0,150.0,0.0,0.0,0.0,0.0,0
5.689999999999973,0.008622839314973447,0.01706999999999992,0.0,0.02,0.085,0.0,0.21500000000000002,1.275,0.0,0.0,150.0,0.0,0.0,0.0,0.0,0
5.693333333333328,0.007379209989834547,0.017079999999999984,0.0,0.02,0.07500000000000001,0.0,0.2,1.275,0.075,0.0,0.0,0.0,0.0,0.0,-600.0,0
5.693333333333328,0.007025597488760234,0.017079999999999984,0.01,0.01,0.045,0.0,0.156,0.35,0.075,100.0,0.0,0.0,0.0,1.0,-150.0,0
5.693333333333365,0.010408531618073912,0.017080000000000095,-0.01,0.01,0.085,0.02,0.156,0.35,0.3,100.0,0.0,0.0,0.0,0.0,0.0,0
5.696666666666646,0.011537705725464097,0.01708999999999994,0.0,0.02,0.085,0.02,0.24,1.15,0.15,0.0,0.0,0.0,0.0,0.0,0.0,0
5.696666666666646,0.011537705725464097,0.01708999999999994,0.0,0.02,0.085,0.02,0.24,1.15,0.15,0.0,0.0,0.0,0.0,0.0,0.0,0
5.696666666666646,0.00822536619020472,0.01708999999999994,0.02,0.01,0.0,0.01,0.2,1.15,0.0,0.0,0.0,0.0,0.0,1.0,-150.0,0
5.696666666666646,0.009546404485071458,0.01708999999999994,0.0,0.02,0.085,0.02,0.2,0.6,0.3,0.0,150.0,0.0,0.0,0.0,-600.0,0
5.696666666666683,0.008689345971211382,0.01709000000000005,0.01,0.0,0.03,0.0,0.14100000000000001,0.22499999999999998,0.3,100.0,0.0,0.0,0.0,0.0,-150.0,0
5.696666666666683,0.008529853982511243,0.01709000000000005,0.0,0.01,0.07500000000000001,0.0,0.156,0.22499999999999998,0.22499999999999998,100.0,0.0,0.0,0.0,0.0,0.0,0
5.700000000000001,0.00813024960210892,0.017100000000000004,0.0,0.02,0.07500000000000001,0.01,0.185,0.725,0.22499999999999998,100.0,0.0,0.0,0.0,0.0,0.0,0
5.700000000000001,0.007399078676379866,0.017100000000000004,0.01,0.02,0.03,0.0,0.185,1.275,0.0,100.0,0.0,0.0,0.0,0.0,-600.0,0
5.700000000000001,0.007399078676379866,0.017100000000000004,0.01,0.02,0.03,0.0,0.185,1.275,0.0,100.0,0.0,0.0,0.0,0.0,-600.0,0
5.700000000000001,0.008364160718118619,0.017100000000000004,0.01,0.0,0.02,0.0,0.17099999999999999,0.725,0.075,0.0,400.0,0.0,0.0,0.0,-600.0,0
5.700000000000001,0.008171521962595763,0.017100000000000004,0.01,0.0,0.055,0.0,0.17099999999999999,0.475,0.0,0.0,0.0,0.0,0.0,1.0,0.0,0
5.700000000000001,0.008171521962595763,0.017100000000000004,0.01,0.0,0.055,0.0,0.17099999999999999,0.475,0.0,0.0,0.0,0.0,0.0,1.0,0.0,0
5.700000000000001,0.008255365352975665,0.017100000000000004,0.01,0.0,0.01,0.0,0.156,0.6,0.22499999999999998,100.0,150.0,0.0,0.0,0.0,0.0,0
5.702399999999974,0.008759651443260016,0.01474999999999993,0.01,0.02,0.045,0.0,0.2,1.15,0.0,0.0,150.0,0.0,0.0,0.0,0.0,0
5.70333333333332,0.008026192912375498,0.01710999999999996,0.0,0.02,0.085,0.0,0.156,0.35,0.3,100.0,0.0,0.0,0.0,0.0,0.0,0
5.70333333333332,0.007549106402845398,0.01710999999999996,0.02,0.02,0.0,0.01,0.2,1.15,0.0,100.0,0.0,0.0,0.0,1.0,-150.0,0
5.70333333333332,0.008987087778626666,0.01710999999999996,0.01,0.01,0.0,0.0,0.156,0.35,0.3,100.0,150.0,0.0,0.0,0.0,-600.0,0
5.70333333333332,0.009404676382090534,0.01710999999999996,0.0,0.02,0.07500000000000001,0.01,0.21500000000000002,0.85,0.15,0.0,150.0,0.0,0.0,0.0,-600.0,0
5.703333333333338,0.008506152113486893,0.017110000000000014,0.0,0.02,0.07500000000000001,0.0,0.2,1.275,0.075,100.0,0.0,0.0,0.0,0.0,0.0,0
5.703333333333356,0.010291094175710048,0.01711000000000007,0.0,0.02,0.085,0.0,0.2,1.15,0.075,100.0,0.0,0.0,0.0,0.0,-600.0,0
5.703333333333356,0.007145477466357454,0.01711000000000007,0.0,0.01,0.07500000000000001,0.0,0.156,0.35,0.15,100.0,0.0,0.0,0.0,0.0,-150.0,0
5.706666666666638,0.00959278201257282,0.017119999999999913,0.0,0.02,0.095,0.0,0.21500000000000002,1.275,0.0,0.0,150.0,0.0,0.0,0.0,0.0,0
5.706666666666638,0.00959278201257282,0.017119999999999913,0.0,0.02,0.095,0.0,0.21500000000000002,1.275,0.0,0.0,150.0,0.0,0.0,0.0,0.0,0
5.706666666666656,0.007933240760430938,0.01711999999999997,0.0,0.02,0.085,0.0,0.185,1.025,0.075,100.0,0.0,0.0,0.0,0.0,-600.0,0
5.706666666666656,0.007046647750421353,0.01711999999999997,0.01,0.02,0.01,0.0,0.185,1.025,0.075,100.0,0.0,0.0,0.0,0.0,-600.0,0
5.706666666666656,0.008141928250090965,0.01711999999999997,0.0,0.02,0.07500000000000001,0.01,0.2,0.85,0.22499999999999998,0.0,0.0,0.0,0.0,0.0,-600.0,0
5.706666666666656,0.008873690580503609,0.01711999999999997,0.0,0.0,0.07500000000000001,0.01,0.2,1.275,0.075,100.0,150.0,0.0,0.0,0.0,-150.0,0
5.706666666666675,0.006894004593364676,0.017120000000000024,0.01,0.0,0.045,0.0,0.156,0.35,0.075,0.0,0.0,0.0,0.0,1.0,0.0,0
5.706666666666675,0.007054742775582207,0.017120000000000024,0.0,0.01,0.07500000000000001,0.0,0.156,0.475,0.22499999999999998,100.0,0.0,0.0,0.0,0.0,-150.0,0
5.7075999999999905,0.0090642267999803,0.01429999999999998,0.0,0.02,0.085,0.01,0.185,0.725,0.15,0.0,0.0,0.0,0.0,0.0,-600.0,0
5.709999999999993,0.00851161155041659,0.01712999999999998,0.0,0.0,0.095,0.0,0.14100000000000001,0.475,0.0,100.0,0.0,0.0,0.0,0.0,-150.0,0
5.709999999999993,0.00851161155041659,0.01712999999999998,0.0,0.0,0.095,0.0,0.14100000000000001,0.475,0.0,100.0,0.0,0.0,0.0,0.0,-150.0,0
5.709999999999993,0.0072190338996602835,0.01712999999999998,0.01,0.0,0.01,0.0,0.156,0.725,0.075,100.0,150.0,0.0,0.0,0.0,0.0,0
5.709999999999993,0.008852713670583334,0.01712999999999998,0.0,0.0,0.07500000000000001,0.01,0.2,1.15,0.075,100.0,150.0,0.0,0.0,0.0,0.0,0
5.709999999999993,0.008282712254829107,0.01712999999999998,0.0,0.0,0.085,0.0,0.17099999999999999,0.975,0.075,0.0,150.0,0.0,0.0,0.0,-600.0,0
5.71000000000003,0.009022035415416896,0.01713000000000009,0.01,0.0,0.02,0.0,0.156,0.35,0.15,0.0,0.0,0.0,0.0,0.0,-600.0,0
5.71000000000003,0.007494801511961714,0.01713000000000009,0.01,0.02,0.01,0.0,0.185,1.275,0.0,100.0,0.0,0.0,0.0,0.0,-600.0,0
5.71000000000003,0.007494801511961714,0.01713000000000009,0.01,0.02,0.01,0.0,0.185,1.275,0.0,100.0,0.0,0.0,0.0,0.0,-600.0,0
5.711600000000017,0.010239839050384409,0.01706999999999992,0.0,0.01,0.085,0.01,0.2,0.6,0.15,0.0,150.0,0.0,0.0,0.0,0.0,0
5.713333333333311,0.009107545959664828,0.017139999999999933,0.0,0.0,0.085,0.0,0.17099999999999999,0.725,0.075,100.0,150.0,0.0,0.0,0.0,0.0,0
5.713333333333311,0.008271423904468172,0.017139999999999933,0.01,0.01,0.034999999999999996,0.0,0.156,0.22499999999999998,0.0,0.0,0.0,0.0,0.0,1.0,-600.0,0
5.713333333333311,0.008271423904468172,0.017139999999999933,0.01,0.01,0.034999999999999996,0.0,0.156,0.22499999999999998,0.0,0.0,0.0,0.0,0.0,1.0,-600.0,0
5.713333333333348,0.010214085521329686,0.017140000000000044,0.0,0.02,0.085,0.04,0.24,1.15,0.15,100.0,150.0,0.0,0.0,0.0,0.0,0
5.713333333333348,0.008929253591633705,0.017140000000000044,0.01,0.0,0.02,0.0,0.156,0.35,0.0,100.0,0.0,0.0,0.0,0.0,0.0,0
5.713333333333348,0.009915095042595573,0.017140000000000044,0.0,0.02,0.085,0.01,0.21500000000000002,0.85,0.15,0.0,0.0,0.0,0.0,0.0,-600.0,0
5.716666666666666,0.008798419938114298,0.01715,0.0,0.02,0.07500000000000001,0.01,0.185,0.85,0.15,0.0,150.0,0.0,0.0,0.0,-600.0,0
5.716666666666666,0.007436490017325218,0.01715,0.01,0.0,0.03,0.0,0.156,0.475,0.22499999999999998,100.0,150.0,0.0,0.0,0.0,0.0,0
5.72333333333334,0.009585837473798197,0.01717000000000002,0.0,0.01,0.085,0.01,0.2,0.85,0.15,100.0,150.0,0.0,0.0,0.0,0.0,0
5.72333333333334,0.008535964876355237,0.01717000000000002,0.01,0.01,0.045,0.0,0.2,1.15,0.0,0.0,400.0,0.0,0.0,0.0,-150.0,0
5.72333333333334,0.0076358353541413826,0.01717000000000002,0.01,0.0,0.045,0.0,0.156,0.35,0.0,0.0,150.0,0.0,0.0,1.0,-600.0,0
5.72333333333334,0.00932323458017855,0.01717000000000002,0.0,0.02,0.095,0.0,0.2,1.025,0.0,100.0,0.0,0.0,0.0,0.0,-600.0,0
5.72333333333334,0.00932323458017855,0.01717000000000002,0.0,0.02,0.095,0.0,0.2,1.025,0.0,100.0,0.0,0.0,0.0,0.0,-600.0,0
5.72333333333334,0.00896185773978522,0.01717000000000002,0.0,0.02,0.095,0.0,0.185,1.025,0.075,100.0,0.0,0.0,0.0,0.0,0.0,0
5.72333333333334,0.009279480592903573,0.01717000000000002,0.01,0.0,0.01,0.0,0.156,0.85,0.075,0.0,400.0,0.0,0.0,0.0,-600.0,0
5.72333333333334,0.007604063976779963,0.01717000000000002,0.01,0.0,0.02,0.0,0.156,0.475,0.075,100.0,0.0,0.0,0.0,0.0,-600.0,0
5.726666666666658,0.009207671121487846,0.017179999999999973,0.0,0.02,0.085,0.02,0.2,0.6,0.3,100.0,0.0,0.0,0.0,0.0,-600.0,0
5.726666666666658,0.007733387408814762,0.017179999999999973,0.0,0.0,0.07500000000000001,0.0,0.17099999999999999,0.6,0.075,100.0,0.0,0.0,0.0,0.0,-600.0,0
5.726666666666658,0.008001943055700072,0.017179999999999973,0.0,0.0,0.07500000000000001,0.0,0.17099999999999999,0.725,0.075,100.0,150.0,0.0,0.0,0.0,-150.0,0
5.726666666666658,0.008664178920727005,0.017179999999999973,0.01,0.02,0.03,0.0,0.185,0.85,0.15,0.0,0.0,0.0,0.0,0.0,-600.0,0
5.726666666666695,0.007814223882695516,0.017180000000000084,0.0,0.0,0.085,0.0,0.14100000000000001,0.6,0.0,100.0,150.0,0.0,0.0,0.0,-150.0,0
5.726666666666695,0.007814223882695516,0.017180000000000084,0.0,0.0,0.085,0.0,0.14100000000000001,0.6,0.0,100.0,150.0,0.0,0.0,0.0,-150.0,0
5.729999999999976,0.00893658813426474,0.017189999999999928,0.0,0.01,0.085,0.0,0.156,0.35,0.0,0.0,150.0,0.0,0.0,1.0,-150.0,0
5.729999999999976,0.009818306299591208,0.017189999999999928,0.0,0.01,0.085,0.01,0.2,0.85,0.22499999999999998,0.0,0.0,0.0,0.0,0.0,-600.0,0
5.729999999999976,0.008774770614285792,0.017189999999999928,0.0,0.0,0.085,0.0,0.14100000000000001,0.725,0.0,100.0,150.0,0.0,0.0,0.0,0.0,0
5.729999999999976,0.008774770614285792,0.017189999999999928,0.0,0.0,0.085,0.0,0.14100000000000001,0.725,0.0,100.0,150.0,0.0,0.0,0.0,0.0,0
5.729999999999994,0.007310147847722055,0.017189999999999983,0.01,0.02,0.034999999999999996,0.0,0.2,1.15,0.075,100.0,0.0,0.0,0.0,0.0,-150.0,0
5.730000000000013,0.009272233064370198,0.01719000000000004,0.0,0.02,0.085,0.01,0.2,0.6,0.15,0.0,400.0,0.0,0.0,0.0,-150.0,0
5.733333333333331,0.010253640405024723,0.017199999999999993,-0.01,0.0,0.085,0.04,0.156,0.35,0.15,100.0,0.0,0.0,0.0,0.0,-600.0,0
5.733333333333331,0.009385675772351375,0.017199999999999993,0.0,0.02,0.07500000000000001,0.01,0.21500000000000002,0.975,0.15,100.0,0.0,0.0,0.0,0.0,0.0,0
5.733333333333331,0.008303690036497145,0.017199999999999993,0.01,0.02,0.02,0.0,0.21500000000000002,1.275,0.0,100.0,0.0,0.0,0.0,0.0,-600.0,0
5.733333333333331,0.008303690036497145,0.017199999999999993,0.01,0.02,0.02,0.0,0.21500000000000002,1.275,0.0,100.0,0.0,0.0,0.0,0.0,-600.0,0
5.733333333333331,0.008449308983360484,0.017199999999999993,0.01,0.02,0.034999999999999996,0.0,0.185,1.275,0.0,100.0,0.0,0.0,0.0,0.0,-150.0,0
5.733333333333331,0.008449308983360484,0.017199999999999993,0.01,0.02,0.034999999999999996,0.0,0.185,1.275,0.0,100.0,0.0,0.0,0.0,0.0,-150.0,0
5.733333333333331,0.007173174672966545,0.017199999999999993,0.01,0.0,0.01,0.0,0.14100000000000001,0.22499999999999998,0.15,100.0,0.0,0.0,0.0,0.0,-600.0,0
5.7366666666666495,0.009571927632018138,0.017209999999999948,0.0,0.01,0.085,0.01,0.2,0.85,0.15,100.0,150.0,0.0,0.0,0.0,-150.0,0
5.7366666666666495,0.007369710788837708,0.017209999999999948,0.01,0.01,0.034999999999999996,0.0,0.17099999999999999,0.475,0.075,0.0,150.0,0.0,0.0,1.0,-150.0,0
5.7366666666666495,0.0073794188820690155,0.017209999999999948,0.01,0.0,0.034999999999999996,0.0,0.156,0.475,0.075,0.0,0.0,0.0,0.0,1.0,-150.0,0
5.7366666666666495,0.009009315594510015,0.017209999999999948,0.01,0.0,0.03,0.0,0.17099999999999999,0.6,0.22499999999999998,100.0,150.0,0.0,0.0,0.0,0.0,0
5.736666666666667,0.007938454980755476,0.017210000000000003,0.0,0.02,0.085,0.01,0.2,0.975,0.15,0.0,150.0,0.0,0.0,0.0,-600.0,0
5.736666666666686,0.008912769619837392,0.01721000000000006,0.01,0.0,0.03,0.0,0.14100000000000001,0.22499999999999998,0.15,100.0,0.0,0.0,0.0,0.0,-600.0,0
5.7396000000000225,0.008997384438865576,0.014349000000000056,0.0,0.0,0.07500000000000001,0.01,0.2,1.025,0.0,100.0,0.0,0.0,0.0,0.0,-600.0,0
5.7396000000000225,0.008997384438865576,0.014349000000000056,0.0,0.0,0.07500000000000001,0.01,0.2,1.025,0.0,100.0,0.0,0.0,0.0,0.0,-600.0,0
5.7396000000000225,0.008622831196993926,0.014349000000000056,0.0,0.01,0.085,0.01,0.185,0.725,0.15,0.0,0.0,0.0,0.0,0.0,-600.0,0
5.740000000000005,0.008244404302088547,0.017220000000000013,0.02,0.01,0.0,0.01,0.2,1.15,0.0,0.0,0.0,0.0,0.0,1.0,0.0,0
5.740000000000005,0.007520155342170154,0.017220000000000013,0.02,0.02,0.0,0.01,0.2,1.15,0.0,100.0,0.0,0.0,0.0,1.0,0.0,0
5.7433333333333225,0.00835851046007067,0.017229999999999968,0.01,0.0,0.03,0.0,0.17099999999999999,0.475,0.22499999999999998,100.0,0.0,0.0,0.0,0.0,-600.0,0
5.7433333333333225,0.007215337219089974,0.017229999999999968,0.0,0.0,0.085,0.0,0.156,0.725,0.075,0.0,150.0,0.0,0.0,0.0,-600.0,0
5.74666666666664,0.008365563101190495,0.017239999999999922,0.01,0.01,0.034999999999999996,0.0,0.156,0.22499999999999998,0.075,0.0,0.0,0.0,0.0,1.0,-600.0,0
5.746666666666659,0.009891288726281646,0.017239999999999978,0.01,0.02,0.02,0.0,0.2,0.85,0.3,0.0,150.0,0.0,0.0,0.0,0.0,0
5.746666666666678,0.010383978974041355,0.017240000000000033,0.01,0.0,0.045,0.0,0.156,0.35,0.15,0.0,150.0,0.0,0.0,0.0,-150.0,0
5.746666666666678,0.009252291211730563,0.017240000000000033,0.0,0.02,0.085,0.01,0.2,0.6,0.15,100.0,150.0,0.0,0.0,0.0,0.0,0
5.746666666666678,0.009138513174309984,0.017240000000000033,0.0,0.01,0.085,0.0,0.156,0.35,0.0,100.0,150.0,0.0,0.0,0.0,-600.0,0
5.746666666666678,0.006995701436781913,0.017240000000000033,0.0,0.01,0.085,0.0,0.156,0.6,0.0,100.0,0.0,0.0,0.0,0.0,-600.0,0
5.749999999999996,0.009342554337843331,0.017249999999999988,0.0,0.02,0.085,0.01,0.2,0.6,0.15,0.0,400.0,0.0,0.0,0.0,0.0,0
5.749999999999996,0.009200463840964143,0.017249999999999988,0.0,0.02,0.085,0.01,0.2,0.6,0.15,100.0,150.0,0.0,0.0,0.0,-150.0,0
5.750000000000033,0.0076391268698283495,0.0172500000000001,0.0,0.01,0.085,0.0,0.156,0.85,0.0,100.0,0.0,0.0,0.0,0.0,-150.0,0
5.751600000000012,0.008862567519462794,0.01437900000000003,0.0,0.02,0.085,0.01,0.2,0.725,0.075,0.0,150.0,0.0,0.0,0.0,-600.0,0
5.751600000000012,0.008328529820020018,0.01437900000000003,0.0,0.02,0.085,0.01,0.2,0.85,0.075,100.0,0.0,0.0,0.0,0.0,-150.0,0
5.753333333333314,0.00793170217124505,0.017259999999999942,0.0,0.0,0.085,0.0,0.156,0.85,0.0,0.0,400.0,0.0,0.0,0.0,-150.0,0
5.753333333333314,0.007390383897210474,0.017259999999999942,-0.01,0.02,0.085,0.04,0.2,0.6,0.3,100.0,150.0,0.0,0.0,0.0,0.0,0
5.753333333333314,0.008548840081598248,0.017259999999999942,0.0,0.01,0.085,0.0,0.156,0.35,0.0,0.0,0.0,0.0,0.0,1.0,-600.0,0
5.753333333333351,0.008860411582280325,0.017260000000000053,0.01,0.0,0.045,0.0,0.2,1.15,0.0,100.0,0.0,0.0,0.0,0.0,-600.0,0
5.753333333333351,0.009434934575525378,0.017260000000000053,0.01,0.02,0.03,0.0,0.2,0.725,0.075,0.0,0.0,0.0,0.0,0.0,-600.0,0
5.753333333333351,0.009023048105330656,0.017260000000000053,0.01,0.02,0.055,0.0,0.185,1.15,0.0,100.0,0.0,0.0,0.0,0.0,0.0,0
5.753333333333351,0.009023048105330656,0.017260000000000053,0.01,0.02,0.055,0.0,0.185,1.15,0.0,100.0,0.0,0.0,0.0,0.0,0.0,0
5.756666666666632,0.007643763039721148,0.017269999999999897,0.01,0.0,0.034999999999999996,0.0,0.156,0.475,0.0,0.0,0.0,0.0,0.0,1.0,0.0,0
5.756666666666632,0.007643763039721148,0.017269999999999897,0.01,0.0,0.034999999999999996,0.0,0.156,0.475,0.0,0.0,0.0,0.0,0.0,1.0,0.0,0
5.7566666666666695,0.010700119767415554,0.017270000000000008,0.01,0.0,0.045,0.0,0.156,0.35,0.3,0.0,0.0,0.0,0.0,0.0,-150.0,0
5.7566666666666695,0.010723031118595633,0.017270000000000008,0.0,0.02,0.085,0.04,0.24,1.15,0.15,0.0,0.0,0.0,0.0,0.0,-600.0,0
5.7566666666666695,0.00814926454759366,0.017270000000000008,0.0,0.02,0.085,0.0,0.156,0.35,0.3,100.0,0.0,0.0,0.0,0.0,-150.0,0
5.7566666666666695,0.0075618428138080705,0.017270000000000008,0.01,0.01,0.034999999999999996,0.0,0.14100000000000001,0.22499999999999998,0.0,0.0,0.0,0.0,0.0,1.0,-600.0,0
5.7566666666666695,0.0075618428138080705,0.017270000000000008,0.01,0.01,0.034999999999999996,0.0,0.14100000000000001,0.22499999999999998,0.0,0.0,0.0,0.0,0.0,1.0,-600.0,0
5.7566666666666695,0.008506508928352927,0.017270000000000008,0.0,0.0,0.095,0.01,0.2,1.275,0.0,100.0,150.0,0.0,0.0,0.0,-150.0,0
5.7566666666666695,0.008506508928352927,0.017270000000000008,0.0,0.0,0.095,0.01,0.2,1.275,0.0,100.0,150.0,0.0,0.0,0.0,-150.0,0
5.75960000000002,0.008847303129579454,0.01439900000000005,0.0,0.01,0.07500000000000001,0.01,0.2,0.85,0.15,0.0,0.0,0.0,0.0,0.0,-600.0,0
5.759999999999987,0.008922243120219057,0.017279999999999962,0.0,0.01,0.085,0.0,0.156,0.35,0.0,0.0,150.0,0.0,0.0,1.0,0.0,0
5.759999999999987,0.010274754537934956,0.017279999999999962,0.0,0.02,0.095,0.0,0.21500000000000002,1.275,0.0,0.0,150.0,0.0,0.0,0.0,-600.0,0
5.759999999999987,0.010274754537934956,0.017279999999999962,0.0,0.02,0.095,0.0,0.21500000000000002,1.275,0.0,0.0,150.0,0.0,0.0,0.0,-600.0,0
5.759999999999987,0.009194345971946651,0.017279999999999962,0.0,0.02,0.095,0.0,0.2,1.025,0.075,0.0,0.0,0.0,0.0,0.0,-150.0,0
5.759999999999987,0.008525720480035916,0.017279999999999962,0.0,0.02,0.095,0.01,0.185,0.975,0.075,0.0,150.0,0.0,0.0,0.0,-600.0,0
5.759999999999987,0.007650535836958907,0.017279999999999962,0.01,0.0,0.03,0.0,0.156,0.35,0.375,100.0,0.0,0.0,0.0,0.0,0.0,0
5.759999999999987,0.008977133836917308,0.017279999999999962,0.0,0.02,0.07500000000000001,0.01,0.185,0.725,0.22499999999999998,0.0,0.0,0.0,0.0,0.0,-600.0,0
5.759999999999987,0.009090726862517043,0.017279999999999962,0.01,0.0,0.03,0.0,0.14100000000000001,0.22499999999999998,0.075,100.0,0.0,0.0,0.0,0.0,-600.0,0
5.7623999999999675,0.00905259202086872,0.015919999999999934,0.01,0.02,0.02,0.0,0.2,1.15,0.0,0.0,0.0,0.0,0.0,0.0,-600.0,0
5.763333333333305,0.007850967390262356,0.017289999999999917,0.0,0.0,0.085,0.0,0.156,0.85,0.0,0.0,400.0,0.0,0.0,0.0,0.0,0
5.763333333333305,0.010566156037434198,0.017289999999999917,0.0,0.0,0.085,0.0,0.156,0.35,0.0,0.0,400.0,0.0,0.0,0.0,-150.0,0
5.7633333333333425,0.008532075823142441,0.017290000000000028,0.01,0.01,0.045,0.0,0.2,1.15,0.0,0.0,400.0,0.0,0.0,0.0,0.0,0
5.7633333333333425,0.007435786645475846,0.017290000000000028,0.01,0.0,0.02,0.0,0.14100000000000001,0.22499999999999998,0.375,100.0,0.0,0.0,0.0,0.0,-150.0,0
5.76666666666666,0.008114590521605713,0.017299999999999982,0.01,0.02,0.045,0.0,0.2,1.15,0.0,100.0,0.0,0.0,0.0,1.0,-150.0,0
5.766666666666698,0.009992820018689704,0.017300000000000093,0.01,0.0,0.02,0.0,0.156,0.6,0.15,0.0,0.0,0.0,0.0,0.0,-600.0,0
5.767600000000028,0.010056517514453918,0.016979999999999995,-0.01,0.0,0.085,0.04,0.2,0.85,0.15,100.0,0.0,0.0,0.0,0.0,-150.0,0
5.769999999999979,0.009143671444309508,0.017309999999999937,0.0,0.02,0.095,0.01,0.2,0.85,0.15,100.0,0.0,0.0,0.0,0.0,-150.0,0
5.769999999999997,0.008469085441901154,0.017309999999999992,0.0,0.02,0.085,0.01,0.185,0.725,0.22499999999999998,0.0,150.0,0.0,0.0,0.0,-600.0,0
5.770000000000016,0.0073098975065014095,0.017310000000000048,0.01,0.02,0.045,0.0,0.2,1.15,0.0,100.0,150.0,0.0,0.0,0.0,-600.0,0
